gy				
gu				
ge				
ga				
go				
ni				
ny				
nu				
ne				
na				
no				
nja				
njo				
nju				
mi				
my				
mu				
me				
ma	ma		sumti ?	$nは誰, 何
mo				
mja				
mjo				
mju				
ci				
cy				
cu				
ce				
ca	ca		done	受動態. 前置詞と動詞に前置し, 動詞の同格を前置詞に對應する格に作用させる. 對格前置詞は省略し得る
co				
cja				
cjo				
cju				
di				
dy				
du				
de				
da				
do	do		at	處格. …にて
bi				
by				
bu				
be				
ba				
bo	bo		by	主格. …が
bja	bja		did	叙實 過去
bjo				
bju				
ki				
ky				
ku				
ke				
ka				
ko				
kja				
kjo				
kju				
ti				
ty				
tu				
te				
ta				
to	to		to	與格. …へ
pi				
py				
pu	pu		if_did	叙想 過去
pe				
pa				
po	pu'o		anticipative	未然相. 未だに
pja				
pjo				
pju				
xy				
xu				
xe				
xa				
xo	xo		with	共格. …が關はって
ši				
šy				
šu				
še				
ša				
šo	šo		because	因格. …に因って
sy				
su				
se				
sa				
so				
fi				
fy				
fu				
fe				
fa				
fo				
fja				
fjo				
fju				
hy				
hu				
he				
ha				
ho				
ži				
žy				
žu				
že				
ža				
žo				
zy				
zu				
ze				
za				
zo	zo		ly	己格. この文自身が指す事象を…として
vi				
vy				
vu				
ve				
va				
vo				
vja				
vjo				
vju				
ri				
ry				
ru				
re				
ra				
ro	ro		him	對格. …を
gyg				
gyn				
gym				
gyk				
gyt				
gyp				
gyx				
gys				
gyf				
gyr				
gug				
gun				
gum				
guk				
gut				
gup				
gux				
gus				
guf				
gur				
geg				
gen				
gem				
gek				
get				
gep				
gex				
ges				
gef				
ger				
gag				
gan				
gam				
gak				
gat				
gap				
gax				
gas				
gaf				
gar				
gog				
gon				
gom	gom		_close	構造を閉ぢる. 非曖昧な時に省略する
gok				
got				
gop				
gox				
gos				
gof				
gor				
nig				
nin				
nim				
nik				
nit				
nip				
nix				
nis				
nif				
nir	ni	nil	amount abstract	數量疑問. 幾つ
nyg				
nyn				
nym				
nyk				
nyt				
nyp				
nyx				
nys				
nyf				
nyr				
nug				
nun				
num				
nuk				
nut				
nup				
nux				
nus				
nuf				
nur				
neg				
nen				
nem				
nek				
net				
nep				
nex				
nes				
nef				
ner				
nag				
nan				
nam				
nak				
nat				
nap				
nax				
nas				
naf				
nar				
nog				
non	no	non	0	0
nom				
nok				
not				
nop				
nox	no'o		typical value	普通. 標準
nos				
nof				
nor				
njag				
njan				
njam				
njak				
njat				
njap				
njax				
njas				
njaf				
njar				
njog				
njon				
njom				
njok				
njot				
njop				
njox				
njos				
njof				
njor				
njug				
njun				
njum				
njuk				
njut				
njup				
njux				
njus				
njuf				
njur				
mig				
min				
mim	mi	mib	me I	$nは我
mik				
mit				
mip				
mix				
mis				
mif				
mir				
myg				
myn				
mym				
myk				
myt				
myp				
myx				
mys				
myf				
myr				
mug				
mun				
mum	mu	mum	5	5
muk				
mut				
mup				
mux				
mus				
muf				
mur				
meg				
men				
mem				
mek				
met				
mep				
mex				
mes				
mef				
mer				
mag				
man				
mam				
mak				
mat				
map				
max				
mas				
maf				
mar				
mog				
mon				
mom	moi	mom moi	ordinal selbri	數に後置し序數を指す. $nは第…
mok				
mot				
mop				
mox				
mos				
mof				
mor				
mjag				
mjan				
mjam				
mjak				
mjat				
mjap				
mjax				
mjas				
mjaf				
mjar				
mjog				
mjon	mjon		if_do	叙想 現在
mjom				
mjok				
mjot				
mjop				
mjox				
mjos				
mjof	mjof		begin	開始相. …し始める
mjor				
mjug				
mjun				
mjum				
mjuk				
mjut				
mjup				
mjux				
mjus				
mjuf				
mjur				
cig				
cin				
cim				
cik				
cit				
cip	cip		infinite	(加算または非可算の) 無限
cix				
cis				
cif				
cir				
cyg				
cyn				
cym				
cyk				
cyt				
cyp				
cyx				
cys				
cyf				
cyr				
cug				
cun				
cum				
cuk				
cut				
cup				
cux				
cus				
cuf				
cur				
ceg				
cen				
cem				
cek				
cet				
cep				
cex				
ces				
cef				
cer				
cag				
can				
cam				
cak				
cat				
cap				
cax				
cas				
caf				
car				
cog				
con				
com				
cok				
cot				
cop				
cox				
cos				
cof				
cor				
cjag				
cjan				
cjam	cjam		if_will	叙想 未來
cjak				
cjat	cjat		_add	加算. +
cjap				
cjax				
cjas				
cjaf				
cjar				
cjog				
cjon				
cjom				
cjok				
cjot				
cjop				
cjox				
cjos				
cjof				
cjor				
cjug				
cjun	cjun		of	數に後置し基數を指す. $nは…個
cjum				
cjuk				
cjut				
cjup				
cjux				
cjus				
cjuf				
cjur				
dig				
din				
dim				
dik				
dit				
dip				
dix				
dis				
dif				
dir				
dyg				
dyn				
dym				
dyk	dyk		end	終了相. …し終へる
dyt				
dyp				
dyx				
dys				
dyf				
dyr	dyr		much	多量
dug				
dun				
dum				
duk				
dut				
dup				
dux				
dus				
duf				
dur				
deg				
den				
dem				
dek				
det				
dep				
dex	de'a		pausative	停止相. …し已んでゐる
des				
def				
der				
dag				
dan				
dam				
dak				
dat				
dap				
dax				
das				
daf				
dar				
dog				
don	do	don doi	you	$nは汝
dom				
dok				
dot	dot		_mod	剩餘
dop				
dox				
dos				
dof				
dor				
big				
bin				
bim				
bik				
bit				
bip				
bix				
bis				
bif	bi	biv	8	8
bir				
byg				
byn				
bym				
byk				
byt				
byp				
byx				
bys				
byf				
byr				
bug				
bun				
bum				
buk				
but				
bup				
bux				
bus				
buf				
bur				
beg				
ben				
bem				
bek				
bet				
bep				
bex				
bes				
bef				
ber				
bag				
ban				
bam				
bak				
bat				
bap				
bax	ba'o		perfect retrospective	已然相. 既に
bas				
baf				
bar				
bog				
bon				
bom				
bok				
bot				
bop				
box				
bos				
bof				
bor				
bjag				
bjan				
bjam				
bjak				
bjat				
bjap				
bjax				
bjas	bjas		_log	對數
bjaf				
bjar				
bjog				
bjon				
bjom				
bjok				
bjot				
bjop				
bjox				
bjos				
bjof				
bjor				
bjug				
bjun				
bjum				
bjuk				
bjut				
bjup				
bjux				
bjus				
bjuf				
bjur				
kig				
kin				
kim				
kik				
kit				
kip				
kix				
kis				
kif				
kir				
kyg				
kyn				
kym				
kyk				
kyt				
kyp				
kyx				
kys				
kyf				
kyr				
kug				
kun				
kum				
kuk				
kut				
kup				
kux				
kus				
kuf				
kur				
keg				
ken				
kem				
kek				
ket				
kep				
kex				
kes				
kef				
ker				
kag				
kan				
kam				
kak				
kat				
kap				
kax				
kas				
kaf				
kar				
kog				
kon				
kom				
kok				
kot				
kop				
kox	ko'a		it-1	$nは彼, あれ, それ, これ
kos				
kof	kof		kilo	1000. 3桁ごとの區切り
kor	kor		less_than	…未滿. <
kjag				
kjan				
kjam				
kjak				
kjat				
kjap				
kjax	kjax		_period	文が終はり發話が終はる
kjas				
kjaf				
kjar				
kjog				
kjon				
kjom				
kjok				
kjot				
kjop				
kjox				
kjos				
kjof				
kjor				
kjug				
kjun				
kjum				
kjuk				
kjut				
kjup				
kjux				
kjus				
kjuf				
kjur				
tig				
tin	tin		while	時點同期. 同時に
tim				
tik				
tit				
tip				
tix				
tis				
tif				
tir				
tyg				
tyn				
tym				
tyk				
tyt				
typ				
tyx				
tys				
tyf				
tyr				
tug				
tun				
tum				
tuk				
tut				
tup				
tux				
tus				
tuf				
tur				
teg				
ten				
tem				
tek				
tet				
tep				
tex				
tes				
tef				
ter				
tag				
tan				
tam				
tak				
tat				
tap				
tax				
tas				
taf				
tar				
tog				
ton				
tom				
tok				
tot				
top				
tox				
tos				
tof				
tor				
pig				
pin				
pim				
pik				
pit				
pip				
pix				
pis				
pif				
pir	pi	piz	decimal point	小數點
pyg				
pyn				
pym	pym		_loan	言語外の表現に前置して動詞化する. $nを表現$a…が指す
pyk				
pyt				
pyp				
pyx				
pys				
pyf				
pyr				
pug				
pun				
pum				
puk				
put				
pup				
pux				
pus				
puf				
pur				
peg				
pen				
pem				
pek				
pet				
pep				
pex				
pes				
pef				
per				
pag				
pan				
pam				
pak				
pat				
pap				
pax				
pas				
paf	pa	pav	1	1
par				
pog				
pon				
pom				
pok				
pot				
pop				
pox				
pos				
pof				
por				
pjag				
pjan				
pjam				
pjak				
pjat				
pjap				
pjax				
pjas				
pjaf				
pjar				
pjog				
pjon				
pjom				
pjok				
pjot				
pjop				
pjox				
pjos				
pjof				
pjor				
pjug				
pjun				
pjum				
pjuk				
pjut				
pjup				
pjux	pjux		will	叙實 未來
pjus				
pjuf				
pjur				
xyg				
xyn				
xym				
xyk				
xyt				
xyp				
xyx				
xys				
xyf				
xyr				
xug				
xun				
xum				
xuk				
xut				
xup				
xux				
xus				
xuf				
xur				
xeg				
xen				
xem				
xek				
xet				
xep				
xex				
xes				
xef				
xer				
xag				
xan				
xam				
xak	xak		afterwards	時點前後. 以降. それから. さうして
xat				
xap				
xax				
xas				
xaf	xa	xav	6	6
xar				
xog				
xon				
xom				
xok				
xot				
xop				
xox				
xos				
xof				
xor				
šig				
šin				
šim	ci	cib	3	3
šik				
šit	šit		do	叙實 現在
šip				
šix				
šis				
šif				
šir				
šyg				
šyn				
šym				
šyk				
šyt				
šyp				
šyx				
šys				
šyf				
šyr				
šug				
šun				
šum				
šuk				
šut				
šup	šup		which	動詞に後置して作用域を開く
šux				
šus				
šuf				
šur				
šeg				
šen				
šem				
šek				
šet				
šep				
šex				
šes				
šef				
šer				
šag				
šan				
šam				
šak				
šat				
šap				
šax	ca'o		as continuative	進行相. …してゐる
šas				
šaf				
šar				
šog				
šon				
šom				
šok				
šot				
šop				
šox				
šos				
šof				
šor	šor		or	選言. または
syg				
syn				
sym				
syk				
syt				
syp				
syx				
sys				
syf				
syr				
sug				
sun				
sum				
suk				
sut				
sup	su'e	sup su'e	at most	最大…. ≤
sux				
sus				
suf				
sur				
seg	seg		iff	同値. 即ち
sen				
sem				
sek				
set				
sep				
sex				
ses				
sef	sef		_var	變項選言と本文を區切る
ser				
sag				
san				
sam				
sak				
sat				
sap				
sax				
sas				
saf				
sar				
sog				
son				
som				
sok				
sot				
sop				
sox				
sos				
sof				
sor	so	soz	9	9
fig				
fin				
fim				
fik				
fit	fit		and	連言. かつ
fip				
fix				
fis				
fif				
fir				
fyg				
fyn				
fym				
fyk				
fyt				
fyp				
fyx				
fys				
fyf				
fyr				
fug				
fun				
fum				
fuk				
fut				
fup				
fux				
fus				
fuf				
fur				
feg				
fen				
fem				
fek				
fet				
fep				
fex				
fes				
fef				
fer				
fag				
fan				
fam				
fak				
fat				
fap				
fax				
fas				
faf				
far				
fog				
fon				
fom				
fok				
fot				
fop				
fox				
fos				
fof				
for				
fjag				
fjan				
fjam				
fjak				
fjat				
fjap				
fjax				
fjas				
fjaf				
fjar				
fjog				
fjon				
fjom				
fjok				
fjot				
fjop				
fjox				
fjos				
fjof				
fjor				
fjug				
fjun				
fjum				
fjuk				
fjut				
fjup				
fjux				
fjus				
fjuf				
fjur				
hyg				
hyn				
hym				
hyk				
hyt				
hyp				
hyx				
hys				
hyf				
hyr				
hug				
hun				
hum				
huk				
hut				
hup				
hux				
hus				
huf				
hur				
heg				
hen				
hem				
hek				
het				
hep				
hex				
hes				
hef				
her				
hag				
han				
ham				
hak				
hat				
hap				
hax				
has				
haf				
har				
hog				
hon				
hom				
hok				
hot				
hop				
hox				
hos				
hof				
hor				
žig				
žin				
žim				
žik				
žit				
žip				
žix				
žis				
žif				
žir				
žyg				
žyn				
žym				
žyk				
žyt				
žyp				
žyx				
žys				
žyf				
žyr				
žug				
žun				
žum				
žuk				
žut				
žup				
žux				
žus				
žuf				
žur				
žeg				
žen				
žem				
žek				
žet				
žep				
žex				
žes				
žef				
žer				
žag				
žan				
žam				
žak				
žat				
žap				
žax				
žas				
žaf				
žar				
žog				
žon				
žom				
žok				
žot				
žop				
žox				
žos				
žof				
žor				
zyg				
zyn				
zym				
zyk				
zyt				
zyp				
zyx				
zys				
zyf				
zyr				
zug				
zun				
zum				
zuk				
zut	zut		little	少量
zup				
zux				
zus				
zuf				
zur				
zeg				
zen				
zem				
zek				
zet				
zep				
zex				
zes				
zef				
zer	ze	zel	7	7
zag	zag		_div	除算. /
zan				
zam				
zak				
zat				
zap				
zax				
zas				
zaf				
zar				
zog				
zon				
zom				
zok				
zot				
zop				
zox				
zos				
zof				
zor				
vig				
vin				
vim				
vik				
vit				
vip				
vix				
vis				
vif				
vir				
vyg				
vyn				
vym				
vyk				
vyt				
vyp				
vyx	vyx		_mul	乘算, ×
vys				
vyf				
vyr				
vug				
vun				
vum				
vuk				
vut				
vup				
vux				
vus				
vuf				
vur				
veg				
ven				
vem				
vek				
vet				
vep				
vex	vex		so	非制限修飾. 當然に…である
ves				
vef				
ver				
vag				
van				
vam				
vak				
vat				
vap				
vax				
vas				
vaf				
var				
vog				
von	vo	von	4	4
vom				
vok				
vot				
vop				
vox				
vos				
vof	vof		_sub	減算. -
vor				
vjag				
vjan				
vjam				
vjak				
vjat				
vjap	vjap		least	最少量
vjax				
vjas				
vjaf				
vjar				
vjog				
vjon				
vjom				
vjok				
vjot				
vjop				
vjox				
vjos				
vjof				
vjor				
vjug				
vjun				
vjum				
vjuk				
vjut				
vjup				
vjux				
vjus				
vjuf				
vjur				
rig				
rin				
rim				
rik				
rit				
rip				
rix				
ris				
rif				
rir				
ryg				
ryn				
rym				
ryk				
ryt				
ryp				
ryx				
rys				
ryf				
ryr				
rug				
run				
rum				
ruk				
rut				
rup				
rux				
rus				
ruf				
rur				
reg				
ren				
rem				
rek	rek		if_be	叙想 不變
ret				
rep				
rex				
res	res		_comma	文が終はり別の文が始まる
ref				
rer	re	rel	2 two	2
rag				
ran				
ram				
rak				
rat				
rap				
rax				
ras	ras		_exp	冪乘
raf				
rar				
rog				
ron				
rom				
rok				
rot				
rop				
rox				
ros				
rof				
ror	ro	rol	each	最多量
gygy				
gygu				
gyge				
gyga				
gygo				
gyni				
gyny				
gynu				
gyne				
gyna				
gyno				
gynja				
gynjo				
gynju				
gymi				
gymy				
gymu				
gyme				
gyma				
gymo				
gymja				
gymjo				
gymju				
gyci				
gycy				
gycu				
gyce				
gyca				
gyco				
gycja				
gycjo				
gycju				
gydi				
gydy				
gydu				
gyde				
gyda				
gydo				
gybi				
gyby				
gybu				
gybe				
gyba				
gybo				
gybja				
gybjo				
gybju				
gyki				
gyky				
gyku				
gyke				
gyka				
gyko				
gykja				
gykjo				
gykju				
gyti				
gyty				
gytu				
gyte				
gyta				
gyto				
gypi				
gypy				
gypu				
gype				
gypa				
gypo				
gypja				
gypjo				
gypju				
gyxy				
gyxu				
gyxe				
gyxa				
gyxo				
gyši				
gyšy				
gyšu				
gyše				
gyša				
gyšo				
gysy				
gysu				
gyse				
gysa				
gyso				
gyfi				
gyfy				
gyfu				
gyfe				
gyfa				
gyfo				
gyfja				
gyfjo				
gyfju				
gyhy				
gyhu				
gyhe				
gyha				
gyho				
gyži				
gyžy				
gyžu				
gyže				
gyža				
gyžo				
gyzy				
gyzu				
gyze				
gyza				
gyzo				
gyvi				
gyvy				
gyvu				
gyve				
gyva				
gyvo				
gyvja				
gyvjo				
gyvju				
gyri				
gyry				
gyru				
gyre				
gyra				
gyro				
gugy				
gugu				
guge				
guga				
gugo				
guni				
guny				
gunu				
gune				
guna				
guno				
gunja				
gunjo				
gunju				
gumi				
gumy				
gumu				
gume				
guma				
gumo				
gumja				
gumjo				
gumju				
guci				
gucy				
gucu				
guce				
guca				
guco				
gucja				
gucjo				
gucju				
gudi				
gudy				
gudu				
gude				
guda				
gudo				
gubi				
guby				
gubu				
gube				
guba				
gubo				
gubja				
gubjo				
gubju				
guki				
guky				
guku				
guke				
guka				
guko				
gukja				
gukjo				
gukju				
guti				
guty				
gutu				
gute				
guta				
guto				
gupi				
gupy				
gupu				
gupe				
gupa				
gupo				
gupja				
gupjo				
gupju				
guxy				
guxu				
guxe				
guxa				
guxo				
guši				
gušy				
gušu				
guše				
guša				
gušo				
gusy				
gusu				
guse				
gusa				
guso				
gufi				
gufy				
gufu				
gufe				
gufa				
gufo				
gufja				
gufjo				
gufju				
guhy				
guhu				
guhe				
guha				
guho				
guži				
gužy				
gužu				
guže				
guža				
gužo				
guzy				
guzu				
guze				
guza				
guzo				
guvi				
guvy				
guvu				
guve				
guva				
guvo				
guvja				
guvjo				
guvju				
guri				
gury				
guru				
gure				
gura				
guro				
gegy				
gegu				
gege				
gega				
gego				
geni				
geny				
genu				
gene				
gena				
geno				
genja				
genjo				
genju				
gemi				
gemy				
gemu				
geme				
gema				
gemo				
gemja				
gemjo				
gemju				
geci				
gecy				
gecu				
gece				
geca				
geco				
gecja				
gecjo				
gecju				
gedi				
gedy				
gedu				
gede				
geda				
gedo				
gebi				
geby				
gebu				
gebe				
geba				
gebo				
gebja				
gebjo				
gebju				
geki				
geky				
geku				
geke				
geka				
geko				
gekja				
gekjo				
gekju				
geti				
gety				
getu				
gete				
geta				
geto				
gepi				
gepy				
gepu				
gepe				
gepa				
gepo				
gepja				
gepjo				
gepju				
gexy				
gexu				
gexe				
gexa				
gexo				
geši				
gešy				
gešu				
geše				
geša				
gešo				
gesy				
gesu				
gese				
gesa				
geso				
gefi				
gefy				
gefu				
gefe				
gefa				
gefo				
gefja				
gefjo				
gefju				
gehy				
gehu				
gehe				
geha				
geho				
geži				
gežy				
gežu				
geže				
geža				
gežo				
gezy				
gezu				
geze				
geza				
gezo				
gevi				
gevy				
gevu				
geve				
geva				
gevo				
gevja				
gevjo				
gevju				
geri				
gery				
geru				
gere				
gera				
gero				
gagy				
gagu				
gage				
gaga				
gago				
gani				
gany				
ganu				
gane				
gana				
gano				
ganja				
ganjo				
ganju				
gami				
gamy				
gamu				
game				
gama				
gamo				
gamja				
gamjo				
gamju				
gaci				
gacy				
gacu				
gace				
gaca				
gaco				
gacja				
gacjo				
gacju				
gadi				
gady				
gadu				
gade				
gada				
gado				
gabi				
gaby				
gabu				
gabe				
gaba				
gabo				
gabja				
gabjo				
gabju				
gaki				
gaky				
gaku				
gake				
gaka				
gako				
gakja				
gakjo				
gakju				
gati				
gaty				
gatu				
gate				
gata				
gato				
gapi				
gapy				
gapu				
gape				
gapa				
gapo				
gapja				
gapjo				
gapju				
gaxy				
gaxu				
gaxe				
gaxa				
gaxo				
gaši				
gašy				
gašu				
gaše				
gaša				
gašo				
gasy				
gasu				
gase				
gasa				
gaso				
gafi				
gafy				
gafu				
gafe				
gafa				
gafo				
gafja				
gafjo				
gafju				
gahy				
gahu				
gahe				
gaha				
gaho				
gaži				
gažy				
gažu				
gaže				
gaža				
gažo				
gazy				
gazu				
gaze				
gaza				
gazo				
gavi				
gavy				
gavu				
gave				
gava				
gavo				
gavja				
gavjo				
gavju				
gari				
gary				
garu				
gare				
gara				
garo				
gogy				
gogu				
goge				
goga				
gogo				
goni				
gony				
gonu				
gone				
gona				
gono				
gonja				
gonjo				
gonju				
gomi				
gomy				
gomu				
gome				
goma				
gomo				
gomja				
gomjo				
gomju				
goci				
gocy				
gocu				
goce				
goca				
goco				
gocja				
gocjo				
gocju				
godi				
gody				
godu				
gode				
goda				
godo				
gobi				
goby				
gobu				
gobe				
goba				
gobo				
gobja				
gobjo				
gobju				
goki				
goky				
goku				
goke				
goka				
goko				
gokja				
gokjo				
gokju				
goti				
goty				
gotu				
gote				
gota				
goto				
gopi				
gopy				
gopu				
gope				
gopa				
gopo				
gopja				
gopjo				
gopju				
goxy				
goxu				
goxe				
goxa				
goxo				
goši				
gošy				
gošu				
goše				
goša				
gošo				
gosy				
gosu				
gose				
gosa				
goso				
gofi				
gofy				
gofu				
gofe				
gofa				
gofo				
gofja				
gofjo				
gofju				
gohy				
gohu				
gohe				
goha				
goho				
goži				
gožy				
gožu				
gože				
goža				
gožo				
gozy				
gozu				
goze				
goza				
gozo				
govi				
govy				
govu				
gove				
gova				
govo				
govja				
govjo				
govju				
gori				
gory				
goru				
gore				
gora				
goro				
nigy				
nigu				
nige				
niga				
nigo				
nini				
niny				
ninu				
nine				
nina				
nino				
ninja				
ninjo				
ninju				
nimi				
nimy				
nimu				
nime				
nima				
nimo				
nimja				
nimjo				
nimju				
nici				
nicy				
nicu				
nice				
nica				
nico				
nicja				
nicjo				
nicju				
nidi				
nidy				
nidu	snidu	nid	second	$x_{1}$ is $x_{2}$ seconds in duration (default is 1 second) by standard $x_{3}$.
nide				
nida				
nido				
nibi				
niby				
nibu	nibli	nib ni'i	necessitate	$x_{1}$ logically necessitates/entails/implies action/event/state $x_{2}$ under rules/logic system $x_{3}$.
nibe				
niba				
nibo				
nibja				
nibjo				
nibju				
niki				
niky				
niku	nikle	nik	nickel	$x_{1}$ is made of/contains/is a quantity of nickel/other metal resistant to oxidation.
nike				
nika				
niko				
nikja				
nikjo				
nikju				
niti				
nity				
nitu				
nite				
nita				
nito				
nipi				
nipy				
nipu	snipa	nip	sticky stick	$x_{1}$ adheres/sticks to $x_{2}$; (adjective:) $x_{1}$ is sticky/gummy/adhesive.
nipe	nipe		dislike	$nは$aを厭ふ
nipa				
nipo				
nipja				
nipjo				
nipju				
nixy				
nixu	nixli	nix xli	girl	$x_{1}$ is a girl [young female person] of age $x_{2}$ immature by standard $x_{3}$.
nixe				
nixa				
nixo				
niši				
nišy				
nišu	cnici	nic	orderly	$x_{1}$ is orderly/neat/ordered in property/quantity $x_{2}$ (ka/ni).
niše				
niša				
nišo				
nisy				
nisu	cnisa	nis	lead	$x_{1}$ is a quantity of/contains/is made of lead (Pb); [metaphor: heavy, malleable, soft metal].
nise				
nisa				
niso				
nifi				
nify				
nifu				
nife				
nifa				
nifo				
nifja				
nifjo				
nifju				
nihy				
nihu	ninmu	nim ni'u	woman	$nは$a (卵巢, 雌蕊) を持つ (女)
nihe	nilce	ni'e	furniture	$x_{1}$ [furniture items] furnishes $x_{2}$ [location] serving purpose/function $x_{3}$.
niha	cnita	nit ni'a	beneath under	$nは$aより下に有る (重心へ近い)
niho	cnino	nin ni'o	new	$x_{1}$ is new/unfamiliar/novel to observer $x_{2}$ in feature $x_{3}$ (ka) by standard $x_{4}$; $x_{1}$ is a novelty.
niži				
nižy				
nižu				
niže				
niža				
nižo				
nizy				
nizu				
nize				
niza				
nizo				
nivi				
nivy				
nivu	nivji	niv	knit	$x_{1}$ (agent) knits $x_{2}$ [cloth/object] from yarn/thread $x_{3}$.
nive				
niva				
nivo				
nivja				
nivjo				
nivju				
niri				
niry				
niru	nimre		citrus	$x_{1}$ is a quantity of citrus [fruit/tree, etc.] of species/strain $x_{2}$.
nire	nirna	nir	nerve	$x_{1}$ is a nerve/neuron [body-part] of $x_{2}$; [metaphor: information/control network connection].
nira				
niro				
nygy				
nygu				
nyge				
nyga				
nygo				
nyni				
nyny				
nynu				
nyne				
nyna				
nyno				
nynja				
nynjo				
nynju				
nymi				
nymy				
nymu				
nyme				
nyma				
nymo				
nymja				
nymjo				
nymju				
nyci				
nycy				
nycu				
nyce				
nyca				
nyco				
nycja				
nycjo				
nycju				
nydi				
nydy				
nydu				
nyde				
nyda				
nydo				
nybi				
nyby				
nybu				
nybe				
nyba				
nybo				
nybja				
nybjo				
nybju				
nyki				
nyky				
nyku				
nyke				
nyka				
nyko				
nykja				
nykjo				
nykju				
nyti				
nyty				
nytu				
nyte				
nyta				
nyto				
nypi				
nypy				
nypu				
nype				
nypa				
nypo				
nypja				
nypjo				
nypju				
nyxy				
nyxu				
nyxe				
nyxa				
nyxo				
nyši				
nyšy				
nyšu				
nyše				
nyša				
nyšo				
nysy				
nysu				
nyse				
nysa				
nyso				
nyfi				
nyfy				
nyfu				
nyfe				
nyfa				
nyfo				
nyfja				
nyfjo				
nyfju				
nyhy				
nyhu				
nyhe				
nyha				
nyho				
nyži				
nyžy				
nyžu				
nyže				
nyža				
nyžo				
nyzy				
nyzu				
nyze				
nyza				
nyzo				
nyvi				
nyvy				
nyvu				
nyve				
nyva				
nyvo				
nyvja				
nyvjo				
nyvju				
nyri				
nyry				
nyru				
nyre				
nyra				
nyro				
nugy				
nugu				
nuge				
nuga				
nugo				
nuni				
nuny				
nunu				
nune				
nuna				
nuno				
nunja				
nunjo				
nunju				
numi				
numy				
numu	nurma	num	rural	$x_{1}$ is a rural/rustic/pastoral area of $x_{2}$; $x_{1}$ is in the country.
nume				
numa				
numo				
numja				
numjo				
numju				
nuci				
nucy				
nucu				
nuce				
nuca				
nuco				
nucja				
nucjo				
nucju				
nudi				
nudy				
nudu				
nude				
nuda				
nudo				
nubi				
nuby				
nubu				
nube				
nuba				
nubo				
nubja				
nubjo				
nubju				
nuki				
nuky				
nuku	nukni	nuk	magenta	$x_{1}$ is magenta/fuchsia/purplish-red [color adjective].
nuke				
nuka				
nuko				
nukja				
nukjo				
nukju				
nuti				
nuty				
nutu	snuti	nut	accidental	$x_{1}$ (event/state) is an accident/unintentional on the part of $x_{2}$; $x_{1}$ is an accident.
nute				
nuta				
nuto				
nupi				
nupy				
nupu				
nupe				
nupa				
nupo				
nupja				
nupjo				
nupju				
nuxy				
nuxu				
nuxe				
nuxa				
nuxo				
nuši				
nušy				
nušu				
nuše				
nuša				
nušo				
nusy				
nusu				
nuse				
nusa				
nuso				
nufi				
nufy				
nufu				
nufe				
nufa				
nufo				
nufja				
nufjo				
nufju				
nuhy				
nuhu				
nuhe	nupre	nup nu'e	promise	$nは$aを約束する
nuha	snura	nur nu'a	secure safe	$x_{1}$ is secure/safe from threat $x_{2}$ (event).
nuho				
nuži				
nužy				
nužu	snuji	nuj	sandwich	$x_{1}$ is a sandwich/layering [not restricted to food] of $x_{2}$ sandwiched between $x_{3}$.
nuže				
nuža				
nužo				
nuzy				
nuzu	nuzba	nuz	news	$x_{1}$ (du'u) is news/tidings/new information about subject $x_{2}$ from source $x_{3}$, to observer $x_{4}$.
nuze				
nuza				
nuzo				
nuvi				
nuvy				
nuvu				
nuve				
nuva				
nuvo				
nuvja				
nuvjo				
nuvju				
nuri				
nury				
nuru	nutli	nul nu'i	neutral	$x_{1}$ is neutral/not taking sides/medial/not towards any extreme on scale/in dissension $x_{2}$.
nure				
nura				
nuro				
negy				
negu				
nege				
nega				
nego				
neni				
neny				
nenu	nejni	nen	energy	$nの能源は$a
nene				
nena				
neno				
nenja				
nenjo				
nenju				
nemi				
nemy				
nemu				
neme				
nema				
nemo				
nemja				
nemjo				
nemju				
neci				
necy				
necu				
nece				
neca				
neco				
necja				
necjo				
necju				
nedi				
nedy				
nedu				
nede				
neda				
nedo				
nebi				
neby				
nebu				
nebe				
neba				
nebo				
nebja				
nebjo				
nebju				
neki				
neky				
neku				
neke				
neka				
neko				
nekja				
nekjo				
nekju				
neti				
nety				
netu				
nete				
neta				
neto				
nepi	nelci	nel nei	fond like	$nは$aを好む
nepy				
nepu				
nepe				
nepa				
nepo				
nepja				
nepjo				
nepju				
nexy				
nexu				
nexe				
nexa				
nexo				
neši				
nešy				
nešu				
neše				
neša				
nešo				
nesy				
nesu				
nese				
nesa				
neso				
nefi				
nefy				
nefu				
nefe				
nefa				
nefo				
nefja				
nefjo				
nefju				
nehy				
nehu	cnemu	nem ne'u	reward	$x_{1}$ (agent) rewards $x_{2}$ [recipient] for atypical $x_{3}$ (event/property) with reward/desserts $x_{4}$.
nehe				
neha				
neho	cnebo	neb ne'o	neck	$nは首
neži				
nežy				
nežu				
neže				
neža				
nežo				
nezy				
nezu				
neze				
neza				
nezo				
nevi				
nevy				
nevu				
neve				
neva				
nevo				
nevja				
nevjo				
nevju				
neri				
nery				
neru	nenri	ner ne'i	in	$x_{1}$ is in/inside/within $x_{2}$; $x_{1}$ is on the inside/interior of $x_{2}$ [totally within the bounds of $x_{2}$].
nere				
nera				
nero				
nagy				
nagu				
nage				
naga				
nago				
nani				
nany				
nanu	snanu	nan	south	$nは$aよりの南 (時計回りする極點) へ近い
nane				
nana				
nano				
nanja				
nanjo				
nanju				
nami				
namy				
namu	nabmi	nam	problem	$x_{1}$ (event/state) is a problem to/encountered by $x_{2}$ in situation/task/inquiry $x_{3}$.
name				
nama				
namo				
namja				
namjo				
namju				
naci				
nacy				
nacu	nanmu	nau	man	$x_{1}$ is a man/men; $x_{1}$ is a male humanoid person [not necessarily adult].
nace				
naca	narge	nag	nut	$x_{1}$ is a nut [body-part: hard-shelled fruit] from plant/species $x_{2}$ with shell $x_{3}$ and kernel $x_{4}$.
naco				
nacja				
nacjo				
nacju				
nadi				
nady				
nadu	nandu	nad	difficult hard	$x_{1}$ is difficult/hard/challenging for $x_{2}$ under conditions $x_{3}$; $x_{1}$ challenges (non-agentive) $x_{2}$.
nade				
nada				
nado				
nabi				
naby				
nabu	nanba	nab	bread	$x_{1}$ is a quantity of/contains bread [leavened or unleavened] made from grains $x_{2}$.
nabe				
naba				
nabo				
nabja				
nabjo				
nabju				
naki				
naky				
naku	nakni	nak	male	$nは$a (精巢, 雄蕊) を持つ (男)
nake				
naka				
nako				
nakja				
nakjo				
nakju				
nati				
naty				
natu	natmi	nat nai	nation	$nは國家
nate				
nata				
nato				
napi				
napy				
napu				
nape				
napa				
napo				
napja				
napjo				
napju				
naxy				
naxu	naxle	nax xle	canal	$x_{1}$ is a canal/channel to $x_{2}$ from $x_{3}$ with route $x_{4}$.
naxe				
naxa				
naxo				
naši				
našy				
našu				
naše				
naša				
našo				
nasy				
nasu				
nase				
nasa				
naso				
nafi				
nafy				
nafu	natfe	naf na'e	contradict deny	$x_{1}$ (du'u) contradicts/denies/refutes/negates $x_{2}$ (du'u) under rules/logic $x_{3}$.
nafe				
nafa				
nafo				
nafja				
nafjo				
nafju				
nahy				
nahu	namcu	nac na'u	number	$x_{1}$ (li) is a number/quantifier/digit/value/figure (noun); refers to the value and not the symbol.
nahe	nalci	na'i	wing	$x_{1}$ is a/the wing [body-part] of $x_{2}$; [metaphor: lateral supporting surface].
naha	nanca	na'a	year	$nは$a (惑星) の年 (公轉周期)
naho	cnano	na'o	norm average	$x_{1}$ [value] is a norm/average in property/amount $x_{2}$ (ka/ni) among $x_{3}$(s) (set) by standard $x_{4}$.
naži				
nažy				
nažu	narju	naj	orange	$nは橙色を呈する
naže				
naža				
nažo				
nazy				
nazu	nazbi	naz zbi	nose	$nは鼻
naze				
naza				
nazo				
navi	nanvi	nav	1E-9 nano	$x_{1}$ is a billionth/thousand-millionth [$10^{-9}$] of $x_{2}$ in dimension/aspect $x_{3}$ (default is units).
navy				
navu	navni		neon noble gas	$x_1$ is a quantity of/contains/is made of noble gas of type $x_2$ [helium/neon/argon/krypton/xenon/radon].
nave				
nava				
navo				
navja				
navjo				
navju				
nari				
nary				
naru	nanla		boy	$x_{1}$ is a boy/lad [young male person] of age $x_{2}$ immature by standard $x_{3}$.
nare				
nara				
naro				
nogy				
nogu				
noge				
noga				
nogo				
noni				
nony				
nonu				
none				
nona				
nono				
nonja				
nonjo				
nonju				
nomi				
nomy				
nomu				
nome				
noma				
nomo				
nomja				
nomjo				
nomju				
noci				
nocy				
nocu				
noce				
noca				
noco				
nocja				
nocjo				
nocju				
nodi				
nody				
nodu				
node				
noda				
nodo				
nobi				
noby				
nobu				
nobe				
noba				
nobo				
nobja				
nobjo				
nobju				
noki				
noky				
noku				
noke				
noka				
noko				
nokja				
nokjo				
nokju				
noti				
noty				
notu	notci	not noi	message	$x_{1}$ is a message/notice/memorandum about subject $x_{2}$ from author $x_{3}$ to intended audience $x_{4}$.
note				
nota				
noto				
nopi				
nopy				
nopu				
nope				
nopa				
nopo				
nopja				
nopjo				
nopju				
noxy				
noxu				
noxe				
noxa				
noxo				
noši				
nošy				
nošu				
noše				
noša				
nošo				
nosy				
nosu				
nose				
nosa				
noso				
nofi				
nofy				
nofu				
nofe				
nofa				
nofo				
nofja				
nofjo				
nofju				
nohy				
nohu				
nohe				
noha				
noho				
noži				
nožy				
nožu				
nože				
noža				
nožo				
nozy				
nozu				
noze				
noza				
nozo				
novi				
novy				
novu				
nove				
nova				
novo				
novja				
novjo				
novju				
nori				
nory				
noru	nobli	nol no'i	noble	$x_{1}$ is noble/aristocratic/elite/high-born/titled in/under culture/society/standard $x_{2}$.
nore				
nora				
noro				
njagy				
njagu				
njage				
njaga				
njago				
njani				
njany				
njanu				
njane				
njana				
njano				
njami				
njamy				
njamu				
njame				
njama				
njamo				
njaci				
njacy				
njacu				
njace				
njaca				
njaco				
njadi				
njady				
njadu				
njade				
njada				
njado				
njabi				
njaby				
njabu				
njabe				
njaba				
njabo				
njaki				
njaky				
njaku				
njake				
njaka				
njako				
njati				
njaty				
njatu				
njate				
njata				
njato				
njapi				
njapy				
njapu				
njape				
njapa				
njapo				
njaxy				
njaxu				
njaxe				
njaxa				
njaxo				
njaši				
njašy				
njašu				
njaše				
njaša				
njašo				
njasy				
njasu				
njase				
njasa				
njaso				
njafi				
njafy				
njafu				
njafe				
njafa				
njafo				
njahy				
njahu				
njahe				
njaha				
njaho				
njaži				
njažy				
njažu				
njaže				
njaža				
njažo				
njazy				
njazu				
njaze				
njaza				
njazo				
njavi				
njavy				
njavu				
njave				
njava				
njavo				
njari				
njary				
njaru				
njare				
njara				
njaro				
njogy				
njogu				
njoge				
njoga				
njogo				
njoni				
njony				
njonu				
njone				
njona				
njono				
njomi				
njomy				
njomu				
njome				
njoma				
njomo				
njoci				
njocy				
njocu				
njoce				
njoca				
njoco				
njodi				
njody				
njodu				
njode				
njoda				
njodo				
njobi				
njoby				
njobu				
njobe				
njoba				
njobo				
njoki				
njoky				
njoku				
njoke				
njoka				
njoko				
njoti				
njoty				
njotu				
njote				
njota				
njoto				
njopi				
njopy				
njopu				
njope				
njopa				
njopo				
njoxy				
njoxu				
njoxe				
njoxa				
njoxo				
njoši				
njošy				
njošu				
njoše				
njoša				
njošo				
njosy				
njosu				
njose				
njosa				
njoso				
njofi				
njofy				
njofu				
njofe				
njofa				
njofo				
njohy				
njohu				
njohe				
njoha				
njoho				
njoži				
njožy				
njožu				
njože				
njoža				
njožo				
njozy				
njozu				
njoze				
njoza				
njozo				
njovi				
njovy				
njovu				
njove				
njova				
njovo				
njori				
njory				
njoru				
njore				
njora				
njoro				
njugy				
njugu				
njuge				
njuga				
njugo				
njuni				
njuny				
njunu				
njune				
njuna				
njuno				
njumi				
njumy				
njumu				
njume				
njuma				
njumo				
njuci				
njucy				
njucu				
njuce				
njuca				
njuco				
njudi				
njudy				
njudu				
njude				
njuda				
njudo				
njubi				
njuby				
njubu				
njube				
njuba				
njubo				
njuki				
njuky				
njuku				
njuke				
njuka				
njuko				
njuti				
njuty				
njutu				
njute				
njuta				
njuto				
njupi				
njupy				
njupu				
njupe				
njupa				
njupo				
njuxy				
njuxu				
njuxe				
njuxa				
njuxo				
njuši				
njušy				
njušu				
njuše				
njuša				
njušo				
njusy				
njusu				
njuse				
njusa				
njuso				
njufi				
njufy				
njufu				
njufe				
njufa				
njufo				
njuhy				
njuhu				
njuhe				
njuha				
njuho				
njuži				
njužy				
njužu				
njuže				
njuža				
njužo				
njuzy				
njuzu				
njuze				
njuza				
njuzo				
njuvi				
njuvy				
njuvu				
njuve				
njuva				
njuvo				
njuri				
njury				
njuru				
njure				
njura				
njuro				
migy				
migu				
mige				
miga				
migo				
mini				
miny				
minu	minli		mile	$x_{1}$ is $x_{2}$ (default 1) long local distance unit(s) [non-metric], $x_{3}$ subunits, standard $x_{4}$.
mine				
mina	jmina	min	add	$x_{1}$ adds/combines $x_{2}$ to/with $x_{3}$, with result $x_{4}$; $x_{1}$ augments $x_{2}$ by amount $x_{3}$.
mino				
minja				
minjo				
minju				
mimi				
mimy				
mimu	cmima	mim cmi	member belong to	$nは$a (群, 集合, 列擧) に屬する
mime				
mima				
mimo				
mimja				
mimjo				
mimju				
mici				
micy				
micu				
mice				
mica				
mico				
micja				
micjo				
micju				
midi				
midy				
midu	minde	mid mi'e	command order	$nは$aを命令する (要求する, 推奬する)
mide				
mida				
mido				
mibi				
miby				
mibu				
mibe				
miba				
mibo				
mibja				
mibjo				
mibju				
miki				
miky				
miku	mikri	mik	1E-6 micro	$x_{1}$ is a millionth [$10^{-6}$] of $x_{2}$ in dimension/aspect $x_{3}$ (default is units).
mike				
mika				
miko				
mikja				
mikjo				
mikju				
miti				
mity				
mitu				
mite				
mita	mita		wont	$nは$aに慣れる (意外性=低)
mito				
mipi				
mipy				
mipu	mipri	mip	secret	$x_{1}$ keeps $x_{2}$ secret/hidden from $x_{3}$ by method $x_{4}$; $x_{2}$ is a secret; $x_{1}$ hides/conceals $x_{2}$.
mipe				
mipa				
mipo				
mipja				
mipjo				
mipju				
mixy				
mixu	mixre	mix xre	mixture	$x_{1}$ (mass) is a mixture/blend/colloid/commingling with ingredients including $x_{2}$.
mixe				
mixa				
mixo				
miši				
mišy				
mišu	mikce	mic	doctor	$x_{1}$ doctors/treats/nurses/[cures]/is physician/midwife to $x_{2}$ for ailment $x_{3}$ by treatment/cure $x_{4}$.
miše				
miša				
mišo				
misy				
misu				
mise				
misa				
miso				
mifi				
mify				
mifu	mifra	mif	code	$x_{1}$ is encoded/cipher text of plain-text $x_{2}$ by code/coding system $x_{3}$; $x_{1}$ is in code; $x_{3}$ is a code.
mife				
mifa				
mifo				
mifja				
mifjo				
mifju				
mihy				
mihu	mintu	mit mi'u	same	$nは$aに等しい (差分=0)
mihe	minji	mi'i	machine	$x_{1}$ is a machine for use/function $x_{2}$; [automated apparatus, without direct function control].
miha	cmila	mi'a	laugh	$nは笑ふ
miho	misno	mis mi'o	famous	$x_{1}$ (person/object/event) is famous/renowned/is a celebrity among community of persons $x_{2}$ (mass).
miži				
mižy				
mižu	midju	mij	middle center	$x_{1}$ is in/at the middle/center/midpoint/[is a focus] of $x_{2}$; (adjective:) $x_{1}$ is central.
miže				
miža				
mižo				
mizy				
mizu	mirli		deer	$nは鹿 (鹿科)
mize				
miza				
mizo				
mivi				
mivy				
mivu				
mive				
miva				
mivo				
mivja				
mivjo				
mivju				
miri	milxe	mli	mild	$x_{1}$ is mild/non-extreme/gentle/middling/somewhat in property $x_{2}$ (ka); $x_{1}$ is not very $x_{2}$.
miry				
miru	misro		Egyptian	$x_{1}$ reflects Egyptian culture/nationality in aspect $x_{2}$.
mire	milti	mil	.001	$x_{1}$ is a thousandth [1/1000; $10^{-3}$] of $x_{2}$ in dimension/aspect $x_{3}$ (default is units).
mira	mlana	mla	side	$x_{1}$ is to the side of/lateral to $x_{2}$ and facing $x_{3}$ from point of view/in-frame-of-reference $x_{4}$.
miro	minra	mir	reflect	$x_{1}$ reflects/mirrors/echoes $x_{2}$ [object/radiation] to observer/point $x_{3}$ as $x_{4}$; $x_{2}$ bounces on $x_{1}$.
mygy				
mygu				
myge				
myga				
mygo				
myni				
myny				
mynu				
myne				
myna				
myno				
mynja				
mynjo				
mynju				
mymi				
mymy				
mymu				
myme				
myma				
mymo				
mymja				
mymjo				
mymju				
myci				
mycy				
mycu				
myce				
myca				
myco				
mycja				
mycjo				
mycju				
mydi				
mydy				
mydu				
myde				
myda				
mydo				
mybi				
myby				
mybu				
mybe				
myba				
mybo				
mybja				
mybjo				
mybju				
myki				
myky				
myku				
myke				
myka				
myko				
mykja				
mykjo				
mykju				
myti				
myty				
mytu				
myte				
myta				
myto				
mypi				
mypy				
mypu				
mype				
mypa				
mypo				
mypja				
mypjo				
mypju				
myxy				
myxu				
myxe				
myxa				
myxo				
myši				
myšy				
myšu				
myše				
myša				
myšo				
mysy				
mysu				
myse				
mysa				
myso				
myfi				
myfy				
myfu				
myfe				
myfa				
myfo				
myfja				
myfjo				
myfju				
myhy				
myhu				
myhe				
myha				
myho				
myži				
myžy				
myžu				
myže				
myža				
myžo				
myzy				
myzu				
myze				
myza				
myzo				
myvi				
myvy				
myvu				
myve				
myva				
myvo				
myvja				
myvjo				
myvju				
myri				
myry				
myru	simlu	mlu	seem	$x_{1}$ seems/appears to have property(ies) $x_{2}$ to observer $x_{3}$ under conditions $x_{4}$.
myre				
myra				
myro				
mugy				
mugu				
muge				
muga				
mugo				
muni				
muny				
munu	smuni	mun smu	meaning	$x_{1}$ is a meaning/interpretation of $x_{2}$ recognized/seen/accepted by $x_{3}$.
mune				
muna				
muno				
munja				
munjo				
munju				
mumi				
mumy				
mumu				
mume				
muma				
mumo				
mumja				
mumjo				
mumju				
muci				
mucy				
mucu				
muce				
muca				
muco				
mucja				
mucjo				
mucju				
mudi				
mudy				
mudu	mudri	mud	wood	$x_{1}$ is a quantity of/is made of/contains wood/lumber from tree(s) of type/species $x_{2}$.
mude				
muda				
mudo				
mubi				
muby				
mubu				
mube				
muba				
mubo				
mubja				
mubjo				
mubju				
muki				
muky				
muku	mukti	muk mu'i	motive	$x_{1}$ (action/event/state) motivates/is a motive/incentive for action/event $x_{2}$, per volition of $x_{3}$.
muke				
muka				
muko				
mukja				
mukjo				
mukju				
muti				
muty				
mutu	mucti	mut	immaterial	$x_{1}$ is immaterial/not physical/without material form.
mute				
muta				
muto				
mupi				
mupy				
mupu	mupli	mup	example sample	$x_{1}$ is an example/sample/specimen/instance/case/illustration of common property(s) $x_{2}$ of set $x_{3}$.
mupe				
mupa				
mupo				
mupja				
mupjo				
mupju				
muxy				
muxu				
muxe				
muxa				
muxo				
muši				
mušy				
mušu	muslo	mus	Islamic Muslim	$x_{1}$ pertains to the Islamic/Moslem/Koranic [Quranic] culture/religion/nation in aspect $x_{2}$.
muše				
muša				
mušo	smuci	muc	spoon	$nは匙
musy				
musu	murse		glimmering	$x_{1}$ is the [astronomical] twilight/dawn/dusk/half-light/glimmering of day $x_{2}$ at location $x_{3}$.
muse				
musa				
muso				
mufi				
mufy				
mufu				
mufe				
mufa				
mufo				
mufja				
mufjo				
mufju				
muhy				
muhu	muvdu	muv mu'u	move	$nは動く (變動する, 動的)
muhe	munje	muj mu'e	universe	$nは世界 (宇宙, 時空間)
muha	murta	mur mu'a	curtain	$x_{1}$ is a curtain/blinds/drapes for covering/obscuring aperture $x_{2}$, and made of material $x_{3}$.
muho	mulno	mul mu'o	complete finished	$x_{1}$ (event) is complete/done/finished; $x_{1}$ (object) has become whole in property $x_{2}$ by standard $x_{3}$.
muži				
mužy				
mužu				
muže				
muža				
mužo				
muzy				
muzu	muzga	muz	museum	$x_{1}$ is a museum for preserving [and possibly exhibiting] $x_{2}$ at location $x_{3}$.
muze				
muza	marbi	mra	shelter	$x_{1}$ is a shelter/haven/refuge/retreat/harbor for/protecting $x_{2}$ from danger/threat $x_{3}$.
muzo				
muvi				
muvy				
muvu				
muve				
muva				
muvo				
muvja				
muvjo				
muvju				
muri	mrilu	mri	mail post	$x_{1}$ mails/posts [transfer via intermediary service] $x_{2}$ to recipient address $x_{3}$ from mailbox/post office/sender address $x_{4}$ by carrier/network/system $x_{5}$.
mury				
muru	mruli	mru	hammer	$x_{1}$ [tool] is a hammer for/hammers $x_{2}$ [target] consisting of weight/head $x_{3}$ propelled by $x_{4}$.
mure	merli	mre	measure	$x_{1}$ (agent) measures/evaluates $x_{2}$ [quantity] as $x_{3}$ units on scale $x_{4}$ (si'o), with accuracy $x_{5}$.
mura	mraji		rye	$x_{1}$ is a quantity of rye [grain] of species/strain $x_{2}$.
muro	molki	mlo	mill	$x_{1}$ is a mill/foundry/industrial plant/[assembly line] performing process $x_{2}$.
megy				
megu				
mege				
mega				
mego				
meni				
meny				
menu	menli	men	mind	$x_{1}$ is a mind/intellect/psyche/mentality/[consciousness] of body $x_{2}$.
mene				
mena				
meno				
menja				
menjo				
menju				
memi				
memy				
memu				
meme				
mema				
memo				
memja				
memjo				
memju				
meci				
mecy				
mecu	megdo	meg	1E6	$x_{1}$ is a million [$10^6$] of $x_{2}$ in dimension/aspect $x_{3}$ (default is units).
mece				
meca				
meco				
mecja				
mecjo				
mecju				
medi				
medy				
medu				
mede				
meda				
medo				
mebi				
meby				
mebu	mebri	meb	brow forehead	$x_{1}$ is a/the brow/forehead [projecting flat/smooth head/body-part] of $x_{2}$.
mebe				
meba				
mebo				
mebja				
mebjo				
mebju				
meki				
meky				
meku				
meke				
meka				
meko				
mekja				
mekjo				
mekju				
meti				
mety				
metu				
mete				
meta				
meto				
mepi				
mepy				
mepu				
mepe				
mepa				
mepo				
mepja				
mepjo				
mepju				
mexy				
mexu	mexno	mex	Mexican	$x_{1}$ reflects Mexican culture/nationality in aspect $x_{2}$.
mexe				
mexa				
mexo				
meši				
mešy				
mešu				
meše				
meša				
mešo				
mesy				
mesu	mensi	mes me'i	sister	$x_{1}$ is a sister of/sororal to $x_{2}$ by bond/tie/standard/parent(s) $x_{3}$; [not necessarily biological].
mese				
mesa				
meso				
mefi				
mefy				
mefu				
mefe				
mefa				
mefo				
mefja				
mefjo				
mefju				
mehy				
mehu	mentu	met me'u	minute	$x_{1}$ is $x_{2}$ minutes in duration (default is 1 minute) by standard $x_{3}$.
mehe	cmene	cme me'e	name title	$nは$aを意味する (の名である)
meha	mleca	mec me'a	less	$x_{1}$ is less than $x_{2}$ in property/quantity $x_{3}$ (ka/ni) by amount $x_{4}$.
meho	mekso	mek me'o	MEX	$x_{1}$ [quantifier/expression] is a mathematical expression interpreted under rules/convention $x_{2}$.
meži				
mežy				
mežu	meljo	mej	Malaysian	$x_{1}$ reflects Malaysian/Malay culture/nationality/language in aspect $x_{2}$.
meže				
meža				
mežo				
mezy				
mezu				
meze				
meza				
mezo				
mevi				
mevy				
mevu				
meve				
meva				
mevo				
mevja				
mevjo				
mevju				
meri				
mery				
meru	melbi	mel mle	beautiful handsome	$x_{1}$ is beautiful/pleasant to $x_{2}$ in aspect $x_{3}$ (ka) by aesthetic standard $x_{4}$.
mere	merko	mer	American U.S.	$x_{1}$ pertains to USA/American culture/nationality/dialect in aspect $x_{2}$.
mera				
mero				
magy				
magu				
mage				
maga				
mago				
mani				
many				
manu	matne		butter	$x_{1}$ is a quantity of/contains butter/oleo/margarine/shortening from source $x_{2}$.
mane				
mana	manku	man	dark	$nは暗い (明度=低)
mano				
manja				
manjo				
manju				
mami				
mamy				
mamu	mamta	mam	mother	$x_{1}$ is a mother of $x_{2}$; $x_{1}$ bears/mothers/acts maternally toward $x_{2}$; [not necessarily biological].
mame				
mama				
mamo				
mamja				
mamjo				
mamju				
maci	masti	ma'i	month	$x_{1}$ is $x_{2}$ months in duration (default is 1 month) by month standard $x_{3}$.
macy				
macu	margu	mag	mercury	$x_{1}$ is a quantity of/contains/made of mercury/quicksilver; [metaphor: fluid metal; temperature].
mace				
maca				
maco				
macja				
macjo				
macju				
madi				
mady				
madu	marde	mad	morals	$x_{1}$ are the ethics/morals/moral standards/ethical standards of $x_{2}$ (ind./mass) about situation $x_{3}$.
made				
mada				
mado				
mabi				
maby				
mabu	mabru	mab	mammal	$nは哺乳綱動物
mabe				
maba				
mabo				
mabja				
mabjo				
mabju				
maki				
maky				
maku	maksi	mak	magnet	$x_{1}$ is magnetic [adjective] producing magnetic field $x_{2}$.
make				
maka				
mako				
makja				
makjo				
makju				
mati				
maty	mapti	mat	fit proper	$x_{1}$ fits/matches/suits/is compatible/appropriate/corresponds to/with $x_{2}$ in property/aspect $x_{3}$.
matu	manti		ant	$x_{1}$ is an ant of species/breed $x_{2}$.
mate				
mata				
mato				
mapi				
mapy				
mapu	mapni		cotton	$x_{1}$ is a quantity of/contains/is made of cotton [type of fabric/material].
mape	mapku	map	cap	$x_{1}$ is a cap/hat/crown/helmet/piece of headgear [head-top garment] of material $x_{2}$.
mapa				
mapo				
mapja				
mapjo				
mapju				
maxy				
maxu	manci	mac	wonder	$x_{1}$ feels wonder/awe/marvels about $x_{2}$.
maxe				
maxa				
maxo	marxa	max	mash	$x_{1}$ [force] mashes/crushes/squashes/smashes $x_{2}$ into pulp/mash/crumbs/deformed mass $x_{3}$.
maši				
mašy				
mašu	matci		mat	$x_{1}$ is a mat/pad/mattress/pallet [flat, soft, dense form] of material $x_{2}$.
maše				
maša				
mašo				
masy				
masu	mansa		satisfy	$x_{1}$ satisfies evaluator $x_{2}$ in property (ka)/state $x_{3}$.
mase				
masa	malsi	mas	temple	$x_{1}$ is a temple/church/sanctuary/synagogue/shrine of religion $x_{2}$ at location/serving area $x_{3}$.
maso				
mafi				
mafy	makfa	maf	magic	$x_{1}$ is magic/supernatural/sorcery/witchcraft/wizardry to $x_{2}$, performed by person/force/deity $x_{3}$.
mafu	manfo		uniform	$x_{1}$ (object/event) is uniform/homogeneous in property $x_{2}$ (ka).
mafe				
mafa				
mafo				
mafja				
mafjo				
mafju				
mahy				
mahu	makcu	ma'u	mature	$x_{1}$ is mature/ripe/fully-grown/adult in development-quality $x_{2}$ (ka).
mahe	marce	ma'e	vehicle	$x_{1}$ is a vehicle/mode of transport carrying $x_{2}$ in/on surface/medium $x_{3}$, propelled by $x_{4}$.
maha	cmana	ma'a	mountain	$nは山 (丘)
maho	cmavo	ma'o	structure word	$x_{1}$ is a structure word of grammatical class $x_{2}$, with meaning/function $x_{3}$ in usage (language) $x_{4}$.
maži				
mažy				
mažu	marji	maj mai	material matter	$x_{1}$ is material/stuff/matter of type/composition including $x_{2}$ in shape/form $x_{3}$.
maže				
maža				
mažo				
mazy				
mazu				
maze				
maza				
mazo				
mavi				
mavy				
mavu	mavji	mav	oats	$x_{1}$ is a quantity of oats [grain] of species/strain $x_{2}$.
mave				
mava				
mavo				
mavja				
mavjo				
mavju				
mari	matli		linen	$x_{1}$ is a quantity of/contains/is made of linen/flax [type of fabric/material].
mary				
maru	marna		hemp	$x_{1}$ is a quantity of hemp/marijuana/jute of species/strain $x_{2}$.
mare	manri	mar	reference	$x_{1}$ is a frame of reference/standard for observing/measuring/determining $x_{2}$, with/by rules $x_{3}$.
mara	matra		motor engine	$x_{1}$ is a motor/engine, driving/propelling/providing power to $x_{2}$.
maro	mabla	mal	bloody execrable	$x_1$ is execrable/deplorable/wretched/shitty/awful/rotten/miserable/contemptible/crappy/inferior/low-quality in property $x_2$ by standard $x_3$; $x_1$ stinks/sucks in aspect $x_2$ according to $x_3$.
mogy				
mogu				
moge				
moga				
mogo				
moni				
mony				
monu				
mone				
mona				
mono				
monja				
monjo				
monju				
momi				
momy				
momu				
mome				
moma				
momo				
momja				
momjo				
momju				
moci				
mocy				
mocu				
moce				
moca				
moco				
mocja				
mocjo				
mocju				
modi				
mody				
modu				
mode				
moda				
modo				
mobi				
moby				
mobu				
mobe				
moba				
mobo				
mobja				
mobjo				
mobju				
moki				
moky				
moku				
moke				
moka				
moko				
mokja				
mokjo				
mokju				
moti				
moty				
motu				
mote				
mota				
moto				
mopi				
mopy				
mopu				
mope				
mopa				
mopo				
mopja				
mopjo				
mopju				
moxy				
moxu				
moxe				
moxa				
moxo				
moši				
mošy	mošy		clause	$nは節
mošu	mokca	moc	point	$nは點 (位置)
moše				
moša				
mošo				
mosy				
mosu	mosra	mos	friction	$x_{1}$ is friction [force opposing motion] due to contact/rubbing between $x_{2}$ and $x_{3}$; (fe) $x_{2}$ rubs $x_{3}$.
mose				
mosa				
moso				
mofi				
mofy				
mofu				
mofe				
mofa				
mofo				
mofja				
mofjo				
mofju				
mohy				
mohu	moklu	mol mo'u	mouth	$nは口
mohe				
moha	morna	mon mo'a	pattern	$x_{1}$ is/reflects/represents a pattern of forms/events $x_{2}$ arranged according to structure $x_{3}$.
moho	molro	mo'o	mole	$x_{1}$ is $x_{2}$ mole(s) [metric unit] in substance (default is 1) by standard $x_{3}$.
moži				
možy				
možu	morji	moj mo'i	remember	$x_{1}$ remembers/recalls/recollects fact(s)/memory $x_{2}$ (du'u) about subject $x_{3}$.
može				
moža	moža		kill	$nは殺す
možo				
mozy				
mozu				
moze				
moza				
mozo				
movi				
movy				
movu				
move				
mova				
movo				
movja				
movjo				
movju				
mori				
mory				
moru	morko	mor	Moroccan	$x_{1}$ reflects Moroccan culture/nationality in aspect $x_{2}$.
more				
mora				
moro	morsi	mro	dead	$nは死ぬ (生命=0)
mjagy				
mjagu				
mjage				
mjaga				
mjago				
mjani				
mjany				
mjanu				
mjane				
mjana				
mjano				
mjami				
mjamy				
mjamu				
mjame				
mjama				
mjamo				
mjaci				
mjacy				
mjacu				
mjace				
mjaca				
mjaco				
mjadi				
mjady				
mjadu				
mjade				
mjada				
mjado				
mjabi				
mjaby				
mjabu				
mjabe				
mjaba				
mjabo				
mjaki				
mjaky				
mjaku				
mjake				
mjaka				
mjako				
mjati				
mjaty				
mjatu				
mjate				
mjata				
mjato				
mjapi				
mjapy				
mjapu				
mjape				
mjapa				
mjapo				
mjaxy				
mjaxu				
mjaxe				
mjaxa				
mjaxo				
mjaši				
mjašy				
mjašu				
mjaše				
mjaša				
mjašo				
mjasy				
mjasu				
mjase				
mjasa				
mjaso				
mjafi				
mjafy				
mjafu				
mjafe				
mjafa				
mjafo				
mjahy				
mjahu				
mjahe				
mjaha				
mjaho				
mjaži				
mjažy				
mjažu				
mjaže				
mjaža				
mjažo				
mjazy				
mjazu				
mjaze				
mjaza				
mjazo				
mjavi				
mjavy				
mjavu				
mjave				
mjava				
mjavo				
mjari				
mjary				
mjaru				
mjare				
mjara				
mjaro				
mjogy				
mjogu				
mjoge				
mjoga				
mjogo				
mjoni				
mjony				
mjonu				
mjone				
mjona				
mjono				
mjomi				
mjomy				
mjomu				
mjome				
mjoma				
mjomo				
mjoci				
mjocy				
mjocu				
mjoce				
mjoca				
mjoco				
mjodi				
mjody				
mjodu				
mjode				
mjoda				
mjodo				
mjobi				
mjoby				
mjobu				
mjobe				
mjoba				
mjobo				
mjoki				
mjoky				
mjoku				
mjoke				
mjoka				
mjoko				
mjoti				
mjoty				
mjotu				
mjote				
mjota				
mjoto				
mjopi				
mjopy				
mjopu				
mjope				
mjopa				
mjopo				
mjoxy				
mjoxu				
mjoxe				
mjoxa				
mjoxo				
mjoši				
mjošy				
mjošu				
mjoše				
mjoša				
mjošo				
mjosy				
mjosu				
mjose				
mjosa				
mjoso				
mjofi				
mjofy				
mjofu				
mjofe				
mjofa				
mjofo				
mjohy				
mjohu				
mjohe				
mjoha				
mjoho				
mjoži				
mjožy				
mjožu				
mjože				
mjoža				
mjožo				
mjozy				
mjozu				
mjoze				
mjoza				
mjozo				
mjovi				
mjovy				
mjovu				
mjove				
mjova				
mjovo				
mjori				
mjory				
mjoru				
mjore				
mjora				
mjoro				
mjugy				
mjugu				
mjuge				
mjuga				
mjugo				
mjuni				
mjuny				
mjunu				
mjune				
mjuna				
mjuno				
mjumi				
mjumy				
mjumu				
mjume				
mjuma				
mjumo				
mjuci				
mjucy				
mjucu				
mjuce				
mjuca				
mjuco				
mjudi				
mjudy				
mjudu				
mjude				
mjuda				
mjudo				
mjubi				
mjuby				
mjubu				
mjube				
mjuba				
mjubo				
mjuki				
mjuky				
mjuku				
mjuke				
mjuka				
mjuko				
mjuti				
mjuty				
mjutu				
mjute				
mjuta				
mjuto				
mjupi				
mjupy				
mjupu				
mjupe				
mjupa				
mjupo				
mjuxy				
mjuxu				
mjuxe				
mjuxa				
mjuxo				
mjuši	mjuši		age	$nは$a歲
mjušy				
mjušu				
mjuše				
mjuša				
mjušo				
mjusy				
mjusu				
mjuse				
mjusa				
mjuso				
mjufi				
mjufy				
mjufu				
mjufe				
mjufa				
mjufo				
mjuhy				
mjuhu				
mjuhe				
mjuha				
mjuho				
mjuži				
mjužy				
mjužu				
mjuže				
mjuža				
mjužo				
mjuzy				
mjuzu				
mjuze				
mjuza				
mjuzo				
mjuvi				
mjuvy				
mjuvu				
mjuve				
mjuva				
mjuvo				
mjuri				
mjury				
mjuru				
mjure				
mjura				
mjuro				
cigy				
cigu				
cige				
ciga				
cigo				
cini				
ciny				
cinu	jgina	gin	gene	$x_{1}$ is a gene of creature [or locus on creature] $x_{2}$ determining trait/process $x_{3}$.
cine				
cina				
cino				
cinja				
cinjo				
cinju				
cimi				
cimy				
cimu				
cime				
cima				
cimo				
cimja				
cimjo				
cimju				
cici				
cicy				
cicu				
cice				
cica				
cico				
cicja				
cicjo				
cicju				
cidi				
cidy				
cidu				
cide				
cida				
cido				
cibi				
ciby				
cibu				
cibe				
ciba				
cibo				
cibja				
cibjo				
cibju				
ciki				
ciky				
ciku	ginka	gik	camp	$x_{1}$ is a camp/encampment/temporary residence of $x_{2}$ at location $x_{3}$.
cike				
cika				
ciko				
cikja				
cikjo				
cikju				
citi				
city				
citu	jgita	git	guitar	$x_{1}$ is guitar/violin/fiddle/harp [stringed musical instrument] with actuator/plectrum/bow $x_{2}$.
cite				
cita				
cito				
cipi				
cipy				
cipu				
cipe				
cipa				
cipo				
cipja				
cipjo				
cipju				
cixy				
cixu				
cixe				
cixa				
cixo				
ciši				
cišy				
cišu	glico	gic gli	English	$x_{1}$ is English/pertains to English-speaking culture in aspect $x_{2}$.
ciše				
ciša				
cišo				
cisy				
cisu				
cise				
cisa				
ciso				
cifi				
cify				
cifu				
cife				
cifa				
cifo				
cifja				
cifjo				
cifju				
cihy				
cihu	gismu	gim gi'u	root word	$x_{1}$ is a (Lojban) root word expressing relation $x_{2}$ among argument roles $x_{3}$, with affix(es) $x_{4}$.
cihe	zgike	zgi gi'e	music	$x_{1}$ is music performed/produced by $x_{2}$ (event).
ciha	gidva	gid gi'a	conduct guide	$x_{1}$ (person/object/event) guides/conducts/pilots/leads $x_{2}$ (active participants) in/at $x_{3}$ (event).
ciho	gigdo	gig gi'o	1E9	$x_{1}$ is a billion [British milliard] [$10^9$] of $x_{2}$ in dimension/aspect $x_{3}$ (default is units).
ciži				
cižy				
cižu				
ciže				
ciža				
cižo				
cizy				
cizu				
cize				
ciza				
cizo				
civi				
civy				
civu				
cive				
civa				
civo				
civja				
civjo				
civju				
ciri				
ciry				
ciru	girzu	gir gri	group	$x_{1}$ is group/cluster/team showing common property (ka) $x_{2}$ due to set $x_{3}$ linked by relations $x_{4}$.
cire				
cira				
ciro				
cygy				
cygu				
cyge				
cyga				
cygo				
cyni				
cyny				
cynu				
cyne				
cyna				
cyno				
cynja				
cynjo				
cynju				
cymi				
cymy				
cymu				
cyme				
cyma				
cymo				
cymja				
cymjo				
cymju				
cyci				
cycy				
cycu				
cyce				
cyca				
cyco				
cycja				
cycjo				
cycju				
cydi				
cydy				
cydu				
cyde				
cyda				
cydo				
cybi				
cyby				
cybu				
cybe				
cyba				
cybo				
cybja	cybja		shun	$nは$aを避く
cybjo				
cybju				
cyki				
cyky				
cyku				
cyke				
cyka				
cyko				
cykja				
cykjo				
cykju				
cyti				
cyty				
cytu				
cyte				
cyta				
cyto				
cypi				
cypy				
cypu				
cype				
cypa				
cypo				
cypja				
cypjo				
cypju				
cyxy				
cyxu				
cyxe				
cyxa				
cyxo				
cyši				
cyšy				
cyšu				
cyše				
cyša				
cyšo				
cysy				
cysu				
cyse				
cysa				
cyso				
cyfi				
cyfy				
cyfu				
cyfe				
cyfa				
cyfo				
cyfja				
cyfjo				
cyfju				
cyhy				
cyhu				
cyhe				
cyha				
cyho				
cyži				
cyžy				
cyžu				
cyže				
cyža				
cyžo				
cyzy				
cyzu				
cyze				
cyza				
cyzo				
cyvi				
cyvy				
cyvu				
cyve				
cyva				
cyvo				
cyvja				
cyvjo				
cyvju				
cyri				
cyry				
cyru	gurni	gru	grain	$x_{1}$ is grain/[British: corn]/cereal from plant/species $x_{2}$.
cyre				
cyra				
cyro				
cugy				
cugu				
cuge				
cuga				
cugo				
cuni				
cuny				
cunu	gunse		goose	$x_{1}$ is a goose/[gander] of species/breed $x_{2}$.
cune				
cuna				
cuno				
cunja				
cunjo				
cunju				
cumi				
cumy				
cumu	gunma	gum	jointly mass	$x_{1}$ is a mass/team/aggregate/whole, together composed of components $x_{2}$, considered jointly.
cume				
cuma				
cumo				
cumja				
cumjo				
cumju				
cuci	gusni	gus gu'i	illumine light	$nは光 (電磁波)
cucy				
cucu				
cuce				
cuca				
cuco				
cucja				
cucjo				
cucju				
cudi				
cudy				
cudu	gundi	gud	industry	$x_{1}$ is industry/industrial/systematic manufacturing activity producing $x_{2}$ by process/means $x_{3}$.
cude				
cuda				
cudo				
cubi				
cuby				
cubu	gubni	gub	public	$x_{1}$ is public/un-hidden/open/jointly available to/owned by all among community $x_{2}$ (mass).
cube				
cuba				
cubo				
cubja				
cubjo				
cubju				
cuki				
cuky				
cuku	guska	guk	scrape	$x_{1}$ blade/scraper/erosive scrapes/erodes/abrades $x_{2}$ from $x_{3}$.
cuke				
cuka				
cuko				
cukja				
cukjo				
cukju				
cuti				
cuty	gunta	gut	attack	$x_{1}$ (person/mass) attacks/invades/commits aggression upon victim $x_{2}$ with goal/objective $x_{3}$.
cutu	gutra		womb	$nは前立腺 (子宮)
cute				
cuta				
cuto				
cupi				
cupy				
cupu				
cupe				
cupa				
cupo				
cupja				
cupjo				
cupju				
cuxy				
cuxu				
cuxe				
cuxa				
cuxo				
cuši				
cušy				
cušu	gutci	guc	cubit	$x_{1}$ is $x_{2}$ (default 1) short local distance unit(s) [non-metric], standard $x_{3}$, $x_{4}$ subunits.
cuše				
cuša				
cušo				
cusy				
cusu	gusta		restaurant	$x_{1}$ is a restaurant/cafe/diner serving type-of-food $x_{2}$ to audience $x_{3}$.
cuse				
cusa				
cuso				
cufi				
cufy				
cufu	cufu		break	$nは$aを$d (部品) へ壞す (分解する)
cufe				
cufa				
cufo				
cufja				
cufjo				
cufju				
cuhy				
cuhu				
cuhe	gugde	gug gu'e	country	$x_{1}$ is the country of peoples $x_{2}$ with land/territory $x_{3}$; (people/territory relationship).
cuha	gunka	gun gu'a	work	$nは勞働する
cuho	gunro	gur gu'o	roll	$x_{1}$ rolls/trundles on/against surface $x_{2}$ rotating on axis/axle $x_{3}$; $x_{1}$ is a roller.
cuži				
cužy				
cužu				
cuže				
cuža				
cužo				
cuzy				
cuzu	guzme	guz zme	melon	$x_{1}$ is a melon/squash [fruit/plant] of species/strain $x_{2}$.
cuze				
cuza				
cuzo				
cuvi				
cuvy				
cuvu				
cuve				
cuva				
cuvo				
cuvja				
cuvjo				
cuvju				
curi				
cury				
curu	gluta	glu	glove	$x_{1}$ is a mitten/glove [hand and lower arm garment] of material $x_{2}$.
cure	pagre	gre	pass through	$nは$a (通過點, 途中, 媒體) を通る
cura	glare	gla	hot	$nは熱い (暑い, 温かい)
curo				
cegy				
cegu				
cege				
cega				
cego				
ceni				
ceny				
cenu				
cene				
cena				
ceno				
cenja				
cenjo				
cenju				
cemi				
cemy				
cemu				
ceme				
cema				
cemo				
cemja				
cemjo				
cemju				
ceci				
cecy				
cecu				
cece				
ceca				
ceco				
cecja				
cecjo				
cecju				
cedi				
cedy				
cedu				
cede				
ceda				
cedo				
cebi				
ceby				
cebu				
cebe				
ceba				
cebo				
cebja				
cebjo	cebjo		kick	$nは$aを蹴る
cebju				
ceki				
ceky				
ceku	gleki	gek gei	happy	$nは$aを喜ぶ
ceke				
ceka				
ceko				
cekja				
cekjo				
cekju				
ceti				
cety				
cetu				
cete				
ceta				
ceto				
cepi	cepi		rod	$nは棒 (杖, 棍)
cepy				
cepu				
cepe				
cepa				
cepo				
cepja				
cepjo				
cepju				
cexy				
cexu	genxu	gex	hook	$x_{1}$ is a hook/crook [shape/form] of material $x_{2}$.
cexe				
cexa				
cexo				
ceši				
cešy				
cešu				
ceše				
ceša				
cešo				
cesy				
cesu				
cese				
cesa				
ceso				
cefi				
cefy				
cefu				
cefe				
cefa				
cefo				
cefja				
cefjo				
cefju				
cehy				
cehu	gerku	ger ge'u	dog canine	$nは犬 (犬屬)
cehe				
ceha	gerna	gen ge'a	grammar	$x_{1}$ is the grammar/rules/defining form of language $x_{2}$ for structure/text $x_{3}$.
ceho	gento	get ge'o	Argentinian	$x_{1}$ reflects Argentinian culture/nationality in aspect $x_{2}$.
ceži				
cežy				
cežu	genja	gej	root	$nは根
ceže				
ceža				
cežo				
cezy				
cezu				
ceze				
ceza				
cezo				
cevi				
cevy				
cevu				
ceve				
ceva				
cevo				
cevja				
cevjo				
cevju				
ceri				
cery				
ceru				
cere				
cera				
cero				
cagy				
cagu				
cage				
caga				
cago				
cani	gacri	gai	cover	$x_{1}$ is a cover/[lid/top] for covering/concealing/sheltering $x_{2}$.
cany				
canu	ganra	gan	broad wide	$x_{1}$ is broad/wide in dimension $x_{2}$ [2nd most significant dimension] by standard $x_{3}$.
cane				
cana				
cano				
canja				
canjo				
canju				
cami				
camy				
camu				
came				
cama				
camo				
camja				
camjo				
camju				
caci				
cacy				
cacu				
cace				
caca				
caco				
cacja				
cacjo				
cacju				
cadi				
cady				
cadu	gadri	gad	article	$x_{1}$ is an article/descriptor labelling description $x_{2}$ (text) in language $x_{3}$ with semantics $x_{4}$.
cade				
cada				
cado				
cabi				
caby				
cabu				
cabe				
caba				
cabo				
cabja				
cabjo				
cabju				
caki				
caky				
caku				
cake				
caka				
cako				
cakja				
cakjo				
cakju				
cati				
caty				
catu	ganti		gonad	$x_{1}$ is a/the testes/ovary/testicle/scrotum/balls/gonad/stamen/pistil [body-part] of $x_{2}$, gender $x_{3}$.
cate				
cata	gasta	gat	steel	$x_{1}$ is a quantity of/is made of/contains steel of composition including $x_{2}$.
cato				
capi				
capy				
capu	gapru	gap	above	$nは$aより上に有る (重心へ遠い)
cape				
capa				
capo				
capja				
capjo				
capju				
caxy				
caxu	ganxo	gax	anus asshole	$x_{1}$ is a/the anus/anal orifice/asshole/arsehole [body-part] of $x_{2}$; [metaphor: exit, waste exit].
caxe				
caxa				
caxo				
caši				
cašy				
cašu	gapci	gac	gas	$nは氣體
caše				
caša				
cašo				
casy				
casu				
case				
casa				
caso				
cafi				
cafy				
cafu	galfi	gaf ga'i	modify	$x_{1}$ (event) modifies/alters/changes/transforms/converts $x_{2}$ into $x_{3}$.
cafe				
cafa				
cafo				
cafja				
cafjo				
cafju				
cahy				
cahu	galtu	gal ga'u	high	$x_{1}$ is high/up/upward in frame of reference $x_{2}$ as compared with baseline/standard height $x_{3}$.
cahe	ganse	gas ga'e	feel sense	$nは$a (刺戟) を感ずる
caha	grana	ga'a	cane pole	$x_{1}$ is a rod/pole/staff/stick/cane [shape/form] of material $x_{2}$.
caho	ganlo	ga'o	closed	$x_{1}$ (portal/passage/entrance-way) is closed/shut/not open, preventing passage/access to $x_{2}$ by $x_{3}$ (something being blocked).
caži				
cažy				
cažu	gasnu	gau	bring about do	$x_{1}$ [person/agent] is an agentive cause of event $x_{2}$; $x_{1}$ does/brings about $x_{2}$.
caže				
caža				
cažo				
cazy				
cazu	ganzu	gaz	organize arrange	$x_{1}$ organizes $x_{2}$ [relative chaos] into $x_{3}$ [ordered/organized result] by system/principle(s) $x_{4}$.
caze				
caza				
cazo				
cavi				
cavy				
cavu				
cave				
cava				
cavo				
cavja				
cavjo				
cavju				
cari	garna	gar	rail railing	$x_{1}$ is a rail/railing/bar [tool] supporting/restraining $x_{2}$, of material $x_{3}$.
cary				
caru	galxe		throat	$x_{1}$ is a/the throat/gullet [body-part] of $x_{2}$; [metaphor: narrow(ing) opening of a deep hole].
care				
cara	grake	gra	gram	$x_{1}$ is $x_{2}$ gram(s) [metric unit] in mass (default is 1) by standard $x_{3}$.
caro				
cogy				
cogu				
coge				
coga				
cogo				
coni				
cony				
conu				
cone				
cona				
cono				
conja				
conjo				
conju				
comi				
comy				
comu				
come				
coma				
como				
comja				
comjo				
comju				
coci				
cocy				
cocu				
coce				
coca				
coco				
cocja				
cocjo				
cocju				
codi				
cody				
codu				
code				
coda				
codo				
cobi				
coby				
cobu				
cobe				
coba				
cobo				
cobja				
cobjo				
cobju				
coki				
coky				
coku				
coke				
coka				
coko				
cokja				
cokjo				
cokju				
coti				
coty				
cotu	gotro	got	1E24	$x_{1}$ is $10^{24}$ of $x_{2}$ in dimension/aspect $x_{3}$ (default is units).
cote				
cota				
coto				
copi				
copy				
copu				
cope				
copa				
copo				
copja				
copjo				
copju				
coxy				
coxu				
coxe				
coxa				
coxo				
coši				
cošy				
cošu	gocti	goc	1E-24	$x_{1}$ is $10^{-24}$ of $x_{2}$ in dimension/aspect $x_{3}$ (default is units).
coše				
coša				
cošo				
cosy				
cosu				
cose				
cosa				
coso				
cofi				
cofy				
cofu				
cofe				
cofa				
cofo				
cofja				
cofjo				
cofju				
cohy				
cohu				
cohe				
coha				
coho				
coži				
cožy				
cožu				
cože				
coža				
cožo				
cozy				
cozu				
coze				
coza				
cozo				
covi				
covy				
covu				
cove				
cova				
covo				
covja	covja		pick	$nは$aを拾ふ (狩る, 収穫する)
covjo				
covju				
cori				
cory				
coru				
core				
cora				
coro				
cjagy				
cjagu				
cjage				
cjaga				
cjago				
cjani				
cjany				
cjanu				
cjane				
cjana				
cjano				
cjami				
cjamy				
cjamu				
cjame				
cjama				
cjamo				
cjaci				
cjacy				
cjacu				
cjace				
cjaca				
cjaco				
cjadi				
cjady				
cjadu				
cjade				
cjada				
cjado				
cjabi				
cjaby				
cjabu				
cjabe				
cjaba				
cjabo				
cjaki				
cjaky				
cjaku				
cjake				
cjaka				
cjako				
cjati				
cjaty				
cjatu				
cjate				
cjata				
cjato				
cjapi				
cjapy				
cjapu				
cjape				
cjapa				
cjapo				
cjaxy				
cjaxu				
cjaxe				
cjaxa				
cjaxo				
cjaši				
cjašy				
cjašu				
cjaše				
cjaša				
cjašo				
cjasy				
cjasu				
cjase				
cjasa				
cjaso				
cjafi				
cjafy				
cjafu				
cjafe				
cjafa				
cjafo				
cjahy				
cjahu				
cjahe				
cjaha				
cjaho				
cjaži				
cjažy				
cjažu				
cjaže				
cjaža				
cjažo				
cjazy				
cjazu				
cjaze				
cjaza				
cjazo				
cjavi				
cjavy				
cjavu				
cjave				
cjava				
cjavo				
cjari				
cjary				
cjaru				
cjare				
cjara				
cjaro				
cjogy				
cjogu				
cjoge				
cjoga				
cjogo				
cjoni				
cjony				
cjonu				
cjone				
cjona				
cjono				
cjomi				
cjomy				
cjomu				
cjome				
cjoma				
cjomo				
cjoci				
cjocy				
cjocu				
cjoce				
cjoca				
cjoco				
cjodi				
cjody				
cjodu				
cjode				
cjoda				
cjodo				
cjobi				
cjoby				
cjobu				
cjobe				
cjoba				
cjobo				
cjoki				
cjoky				
cjoku				
cjoke				
cjoka				
cjoko				
cjoti				
cjoty				
cjotu				
cjote				
cjota				
cjoto				
cjopi				
cjopy				
cjopu				
cjope				
cjopa				
cjopo				
cjoxy				
cjoxu				
cjoxe				
cjoxa				
cjoxo				
cjoši				
cjošy				
cjošu				
cjoše				
cjoša				
cjošo				
cjosy				
cjosu				
cjose				
cjosa				
cjoso				
cjofi				
cjofy				
cjofu				
cjofe				
cjofa				
cjofo				
cjohy				
cjohu				
cjohe				
cjoha				
cjoho				
cjoži				
cjožy				
cjožu				
cjože				
cjoža				
cjožo				
cjozy				
cjozu				
cjoze				
cjoza				
cjozo				
cjovi				
cjovy				
cjovu				
cjove				
cjova				
cjovo				
cjori				
cjory				
cjoru				
cjore				
cjora				
cjoro				
cjugy				
cjugu				
cjuge				
cjuga				
cjugo				
cjuni				
cjuny				
cjunu				
cjune				
cjuna				
cjuno				
cjumi				
cjumy				
cjumu				
cjume				
cjuma				
cjumo				
cjuci				
cjucy				
cjucu				
cjuce				
cjuca	cjuca		hue	$nは$a (色相) を發する
cjuco				
cjudi				
cjudy				
cjudu				
cjude				
cjuda				
cjudo				
cjubi				
cjuby				
cjubu				
cjube				
cjuba				
cjubo				
cjuki				
cjuky				
cjuku				
cjuke				
cjuka				
cjuko				
cjuti				
cjuty				
cjutu				
cjute				
cjuta				
cjuto				
cjupi				
cjupy				
cjupu				
cjupe				
cjupa				
cjupo				
cjuxy				
cjuxu				
cjuxe				
cjuxa				
cjuxo				
cjuši				
cjušy				
cjušu				
cjuše				
cjuša				
cjušo				
cjusy				
cjusu				
cjuse				
cjusa				
cjuso				
cjufi				
cjufy				
cjufu				
cjufe				
cjufa				
cjufo				
cjuhy				
cjuhu				
cjuhe				
cjuha				
cjuho				
cjuži				
cjužy				
cjužu				
cjuže				
cjuža				
cjužo				
cjuzy				
cjuzu				
cjuze				
cjuza				
cjuzo				
cjuvi				
cjuvy				
cjuvu				
cjuve				
cjuva				
cjuvo				
cjuri				
cjury				
cjuru				
cjure				
cjura				
cjuro				
digy				
digu				
dige				
diga				
digo				
dini				
diny				
dinu	didni		reason	$nは$aを判ずる (推論する, 理性に照らす)
dine				
dina				
dino				
dinja				
dinjo				
dinju				
dimi				
dimy				
dimu	dimna	dim	fate	$x_{1}$ is a fate/destiny of $x_{2}$; [doom, curse are mabla-forms]; $x_{2}$ is fated/predestined/doomed to $x_{1}$.
dime				
dima				
dimo				
dimja				
dimjo				
dimju				
dici	jdini	din di'i	money	$nは金 (貨幣, 紙幣, 硬貨)
dicy				
dicu	dirgo	dig	drop	$x_{1}$ is a drop [small, cohesive shape] of material [liquid/vapor] $x_{2}$ in surrounding material $x_{3}$.
dice				
dica				
dico				
dicja				
dicjo				
dicju				
didi				
didy				
didu				
dide				
dida				
dido				
dibi				
diby				
dibu	dirba	dib	dear	$x_{1}$ is dear/precious/darling to $x_{2}$; $x_{1}$ is emotionally valued by $x_{2}$.
dibe				
diba				
dibo				
dibja				
dibjo				
dibju				
diki				
diky				
diku	dikni	dik	regular	$x_{1}$ is regular/cyclical/periodic in property (ka)/activity $x_{2}$ with period/interval $x_{3}$.
dike				
dika				
diko				
dikja				
dikjo				
dikju				
diti				
dity				
ditu				
dite				
dita				
dito				
dipi				
dipy				
dipu				
dipe				
dipa				
dipo				
dipja				
dipjo				
dipju				
dixy				
dixu				
dixe				
dixa				
dixo				
diši				
dišy				
dišu	dikca	dic	electric	$nの電荷は$a
diše				
diša				
dišo				
disy				
disu				
dise				
disa				
diso				
difi				
dify				
difu				
dife				
difa				
difo				
difja				
difjo				
difju				
dihy				
dihu	dinju	dij di'u	building	$x_{1}$ is a building/edifice for purpose $x_{2}$.
dihe	dirce	di'e	radiate	$x_{1}$ radiates/emits $x_{2}$ under conditions $x_{3}$.
diha	jdima	di'a	cost price	$x_{1}$ [amount] is the price of $x_{2}$ to purchaser/consumer $x_{3}$ set by vendor $x_{4}$.
diho	dinko	di'o	nail	$x_{1}$ is a nail/tack [pointed driven/frictional fastener] of type/size $x_{2}$ (ka), made of material $x_{3}$.
diži				
dižy				
dižu				
diže				
diža				
dižo				
dizy				
dizu	dizlo	diz dzi	low	$x_{1}$ is low/down/downward in frame of reference $x_{2}$ as compared with baseline/standard height $x_{3}$.
dize				
diza				
dizo				
divi				
divy				
divu				
dive				
diva				
divo				
divja				
divjo				
divju				
diri				
diry	dicra	dir	interrupt	$x_{1}$ (event) interrupts/stops/halts/[disrupts] $x_{2}$ (object/event/process) due to quality $x_{3}$.
diru	dilcu		quotient	$x_{1}$ is a quotient of '$x_{2}$/$x_{3}$' [dividend $x_{2}$ divided by divisor $x_{3}$], leaving remainder $x_{4}$.
dire				
dira	dilnu	dil	cloud	$nは雲
diro				
dygy				
dygu				
dyge				
dyga				
dygo				
dyni				
dyny				
dynu				
dyne				
dyna				
dyno				
dynja				
dynjo				
dynju				
dymi				
dymy				
dymu				
dyme				
dyma				
dymo				
dymja				
dymjo				
dymju				
dyci				
dycy				
dycu				
dyce				
dyca				
dyco				
dycja				
dycjo				
dycju				
dydi				
dydy				
dydu				
dyde				
dyda				
dydo				
dybi				
dyby				
dybu				
dybe				
dyba				
dybo				
dybja				
dybjo				
dybju				
dyki				
dyky				
dyku				
dyke				
dyka				
dyko				
dykja				
dykjo				
dykju				
dyti				
dyty				
dytu				
dyte				
dyta				
dyto				
dypi				
dypy				
dypu				
dype				
dypa				
dypo				
dypja				
dypjo				
dypju				
dyxy				
dyxu				
dyxe				
dyxa	dyxa		chew	$nは$aを咀嚼する
dyxo				
dyši				
dyšy				
dyšu				
dyše				
dyša				
dyšo				
dysy				
dysu	dysu		forget	$nは$aを忘る
dyse				
dysa				
dyso				
dyfi				
dyfy				
dyfu				
dyfe				
dyfa				
dyfo				
dyfja				
dyfjo				
dyfju				
dyhy				
dyhu				
dyhe				
dyha				
dyho				
dyži				
dyžy				
dyžu				
dyže				
dyža				
dyžo				
dyzy				
dyzu				
dyze				
dyza				
dyzo				
dyvi				
dyvy				
dyvu				
dyve				
dyva				
dyvo				
dyvja	dyvja		deny	$nは$aを否定 (に矛盾) する
dyvjo				
dyvju				
dyri				
dyry				
dyru				
dyre				
dyra				
dyro				
dugy				
dugu				
duge				
duga				
dugo				
duni				
duny				
dunu	dunli	dun du'i	equal	$x_{1}$ is equal/congruent to/as much as $x_{2}$ in property/dimension/quantity $x_{3}$.
dune				
duna				
duno				
dunja				
dunjo				
dunju				
dumi				
dumy				
dumu				
dume				
duma				
dumo				
dumja				
dumjo				
dumju				
duci				
ducy				
ducu	dugri	dug	logarithm	$x_{1}$ is the logarithm of $x_{2}$ with base $x_{3}$.
duce				
duca				
duco				
ducja				
ducjo				
ducju				
dudi				
dudy				
dudu				
dude				
duda				
dudo				
dubi				
duby				
dubu				
dube				
duba				
dubo				
dubja				
dubjo				
dubju				
duki				
duky				
duku				
duke				
duka				
duko				
dukja				
dukjo				
dukju				
duti				
duty				
dutu	dukti	dut	opposite	$x_{1}$ is polar opposite from/contrary to $x_{2}$ in property/on scale $x_{3}$ (property/si'o).
dute				
duta				
duto				
dupi				
dupy				
dupu				
dupe				
dupa				
dupo				
dupja				
dupjo				
dupju				
duxy				
duxu				
duxe				
duxa				
duxo				
duši				
dušy				
dušu				
duše				
duša				
dušo				
dusy				
dusu				
duse				
dusa				
duso				
dufi				
dufy				
dufu				
dufe				
dufa				
dufo				
dufja				
dufjo				
dufju				
duhy				
duhu	dunku	duk du'u	anguish	$x_{1}$ is anguished/distressed/emotionally wrought/stressed by $x_{2}$.
duhe	dukse	dus du'e	excess	$x_{1}$ is an excess of/too much of $x_{2}$ by standard $x_{3}$.
duha	dunda	dud du'a	give	$nは$aを$dへ與ふ
duho				
duži	djica	dji	desire	$x_{1}$ desires/wants/wishes $x_{2}$ (event/state) for purpose $x_{3}$.
dužy				
dužu	dunja	duj	freeze	$x_{1}$ freezes/jells/solidifies at temperature $x_{2}$ and pressure $x_{3}$.
duže	djedi	dje dei	full day	$nは$a (惑星) の日 (自轉周期)
duža	cidja	dja	food nutriment	$x_{1}$ is food/feed/nutriment for $x_{2}$; $x_{1}$ is edible/gives nutrition to $x_{2}$.
dužo	sadjo	djo	Saudi	$x_{1}$ reflects Saudi Arabian culture/nationality in aspect $x_{2}$.
duzy				
duzu	cadzu	dzu	walk	$nは$aを步く
duze	dzena	dze	elder ancestor	$x_{1}$ is an elder/ancestor of $x_{2}$ by bond/tie/degree $x_{3}$; $x_{1}$'s generation precedes $x_{2}$'s parents.
duza				
duzo				
duvi				
duvy				
duvu				
duve				
duva				
duvo				
duvja				
duvjo				
duvju				
duri	badri	dri	sad depressed	$nは$aを悲しむ
dury				
duru	dunra	dur	winter	$nは$a (惑星) の冬 (最も寒い季節)
dure	derxi	dre	heap	$x_{1}$ is a heap/pile/stack/mound/hill of materials $x_{2}$ at location $x_{3}$.
dura	draci		drama	$x_{1}$ is a drama/play about $x_{2}$ [plot/theme/subject] by dramatist $x_{3}$ for audience $x_{4}$ with actors $x_{5}$.
duro	cidro	dro	hydrogen	$x_{1}$ is a quantity of/contains/is made of hydrogen (H); [metaphor: light, flammable].
degy				
degu				
dege				
dega				
dego				
deni				
deny				
denu	denci	den de'i	tooth	$nは齒牙
dene				
dena				
deno				
denja				
denjo				
denju				
demi				
demy				
demu	denmi	dem	dense	$nは高密度
deme				
dema				
demo				
demja				
demjo				
demju				
deci				
decy				
decu	degji	deg	finger	$x_{1}$ is a/the finger/digit/toe [body-part] on limb/body site $x_{2}$ of body $x_{3}$; [metaphor: peninsula].
dece				
deca				
deco				
decja				
decjo				
decju				
dedi				
dedy				
dedu				
dede				
deda				
dedo				
debi				
deby				
debu	dembi	deb	bean	$x_{1}$ is a bean/pea/leguminous seed from plant [legume] $x_{2}$.
debe				
deba				
debo				
debja				
debjo				
debju				
deki				
deky				
deku	dekpu		gallon	$x_{1}$ is $x_{2}$ (default 1) local volume unit(s) [non-metric; e.g. bushel], standard $x_{3}$, $x_{4}$ subunits.
deke				
deka				
deko				
dekja				
dekjo				
dekju				
deti				
dety				
detu	detri	det	date datetime	$x_1$ is the date [day,{week},{month},year] of event/state $x_2$, at location $x_3$, by calendar $x_4$.
dete				
deta				
deto				
depi				
depy				
depu				
depe				
depa				
depo				
depja				
depjo				
depju				
dexy				
dexu	dekto	dek	10	$x_{1}$ is ten [10; $10^1$ ] of $x_{2}$ in dimension/aspect $x_{3}$ (default is units).
dexe				
dexa				
dexo				
deši				
dešy				
dešu	decti	dec	.1	$x_{1}$ is a tenth [1/10; $10^{-1}$] of $x_{2}$ in dimension/aspect $x_{3}$ (default is units).
deše				
deša				
dešo				
desy				
desu	desku	des	shake	$x_{1}$ shakes/quakes/trembles/quivers/shudders/wobbles/vibrates from force $x_{2}$.
dese				
desa				
deso				
defi				
defy				
defu				
defe				
defa				
defo				
defja				
defjo				
defju				
dehy				
dehu	dertu	der de'u	dirt	$x_{1}$ is a quantity of/contains/is made of dirt/soil/earth/ground from source $x_{2}$ of composition $x_{3}$.
dehe				
deha	denpa	dep de'a	wait	$x_{1}$ awaits/waits/pauses for/until $x_{2}$ at state $x_{3}$ before starting/continuing $x_{4}$ (activity/process).
deho	delno	del de'o	candela	$x_{1}$ is $x_{2}$ candela [metric unit] in luminosity (default is 1) by standard $x_{3}$.
deži				
dežy				
dežu	dejni	dej	owe	$x_{1}$ owes $x_{2}$ in debt/obligation to creditor $x_{3}$ in return for $x_{4}$ [service, loan]; $x_{1}$ is a debtor.
deže				
deža				
dežo				
dezy				
dezu				
deze				
deza				
dezo				
devi				
devy				
devu				
deve				
deva				
devo				
devja				
devjo				
devju				
deri				
dery				
deru				
dere				
dera				
dero				
dagy				
dagu				
dage				
daga				
dago				
dani	dacti	dai	object	$nは物理的存在物 (物體)
dany				
danu	datni		data	$x_{1}$ (du'u) [fact/measurement] is data/information/statistic(s) about $x_{2}$ gathered by method $x_{3}$.
dane				
dana	danti	dan	projectile	$x_{1}$ is a ballistic projectile [e.g. bullet/missile] for firing by [gun/propelling launcher] $x_{2}$.
dano				
danja				
danjo				
danju				
dami				
damy				
damu	damri		drum	$x_{1}$ is a drum/cymbal/gong [percussion musical instrument] with beater/actuator $x_{2}$.
dame				
dama				
damo	danmo	dam	smoke	$nは煙 (氣體中の固體または液體の粒子)
damja				
damjo				
damju				
daci				
dacy				
dacu	darlu	dau	argue	$x_{1}$ argues for stand $x_{2}$ against stand $x_{3}$; [an opponent is not necessary].
dace				
daca				
daco	dargu	dag	road	$x_{1}$ is a road/highway to $x_{2}$ from $x_{3}$ with route $x_{4}$ ($x_{2}$/$x_{3}$ may be unordered).
dacja				
dacjo				
dacju				
dadi				
dady				
dadu	dandu	dad	hang	$x_{1}$ hangs/dangles/is suspended from $x_{2}$ by/at/with joint $x_{3}$.
dade				
dada				
dado				
dabi				
daby				
dabu				
dabe				
daba				
dabo				
dabja				
dabjo				
dabju				
daki				
daky				
daku	datka		duck	$x_{1}$ is a duck/[drake] of species/breed $x_{2}$.
dake				
daka				
dako	dakfu	dak	knife	$x_{1}$ is a knife (tool) for cutting $x_{2}$, with blade of material $x_{3}$.
dakja				
dakjo				
dakju				
dati				
daty				
datu	drata	dat	other	$x_{1}$ isn't the-same-thing-as/is different-from/other-than $x_{2}$ by standard $x_{3}$; $x_{1}$ is something else.
date				
data				
dato				
dapi				
dapy				
dapu	dapma	dap	curse	$x_{1}$ curses/damns/condemns $x_{2}$ to fate (event) $x_{3}$.
dape				
dapa				
dapo				
dapja				
dapjo				
dapju				
daxy				
daxu	darxi	dax da'i	hit strike	$nは$aを打つ (毆る, 蹴る)
daxe				
daxa				
daxo				
daši				
dašy				
dašu	darca		go	$nは$a (終點, 到達點) へ往く
daše				
daša				
dašo	dacru	dac	drawer	$x_{1}$ is a drawer/file in structure $x_{2}$, a [sliding compartment] container for contents $x_{3}$.
dasy	dansu		dance	$nは$a (振り付け) を踊る
dasu	daski		pocket	$x_{1}$ is a pocket/pouch of/in garment/item $x_{2}$.
dase				
dasa				
daso	dasni	das	wear	$x_{1}$ wears/is robed/garbed in $x_{2}$ as a garment of type $x_{3}$.
dafi				
dafy				
dafu	danfu	daf	answer	$nはを$aを$dへ答ふ
dafe				
dafa				
dafo				
dafja				
dafjo				
dafju				
dahy				
dahu	danlu	dal da'u	animal	$x_{1}$ is an animal/creature of species $x_{2}$; $x_{1}$ is biologically animate.
dahe	danre	da'e	pressure press	$x_{1}$ (force) puts pressure on/presses/applies force to $x_{2}$.
daha	damba	dab da'a	fight struggle	$x_{1}$ fights/combats/struggles with $x_{2}$ over issue $x_{3}$ (abstract); $x_{1}$ is a fighter/combatant.
daho	darno	dar da'o	far	$nは$aから遠い
daži				
dažy				
dažu	dadjo	daj	Taoist	$x_{1}$ pertains to the Taoist culture/ethos/religion in aspect $x_{2}$.
daže				
daža				
dažo				
dazy				
dazu				
daze				
daza				
dazo				
davi				
davy				
davu				
dave				
dava				
davo				
davja				
davjo				
davju				
dari	dakli		bag sack	$x_{1}$ is a sack/bag with contents $x_{2}$, and of material $x_{3}$.
dary				
daru	darsi		audacity	$x_{1}$ shows audacity/chutzpah in behavior $x_{2}$ (event/activity); $x_{1}$ dares to do/be $x_{2}$ (event/ka).
dare				
dara	drani	dra	correct	$x_{1}$ is correct/proper/right/perfect in property/aspect $x_{2}$ (ka) in situation $x_{3}$ by standard $x_{4}$.
daro				
dogy				
dogu				
doge				
doga				
dogo				
doni				
dony				
donu				
done				
dona				
dono				
donja				
donjo				
donju				
domi				
domy				
domu				
dome				
doma				
domo				
domja				
domjo				
domju				
doci				
docy				
docu				
doce				
doca				
doco				
docja				
docjo				
docju				
dodi				
dody				
dodu				
dode				
doda				
dodo				
dobi				
doby				
dobu				
dobe				
doba				
dobo				
dobja				
dobjo				
dobju				
doki				
doky				
doku				
doke				
doka				
doko				
dokja				
dokjo				
dokju				
doti				
doty				
dotu				
dote				
dota				
doto				
dopi				
dopy				
dopu				
dope				
dopa				
dopo				
dopja				
dopjo				
dopju				
doxy				
doxu				
doxe				
doxa				
doxo				
doši				
došy				
došu				
doše				
doša				
došo				
dosy				
dosu				
dose				
dosa				
doso				
dofi				
dofy				
dofu				
dofe				
dofa				
dofo				
dofja				
dofjo				
dofju				
dohy				
dohu				
dohe				
doha				
doho	dotco	dot do'o	German	$x_{1}$ reflects German/Germanic culture/nationality/language in aspect $x_{2}$.
doži				
dožy				
dožu	sidju	dju	help	$nは$aを助ける (支援する)
dože				
doža	doža		frog	$nは蛙 (無尾目)
dožo				
dozy				
dozu				
doze				
doza				
dozo				
dovi				
dovy				
dovu				
dove				
dova				
dovo				
dovja				
dovjo				
dovju				
dori				
dory				
doru	donri	dor do'i	daytime	$nは$a (惑星) の晝
dore				
dora				
doro				
bigy				
bigu				
bige				
biga				
bigo				
bini				
biny				
binu	jbini	bin bi'i	between	$x_{1}$ is between/among set of points/bounds/limits $x_{2}$ (set)/amidst mass $x_{2}$ in property $x_{3}$ (ka).
bine				
bina				
bino				
binja				
binjo				
binju				
bimi				
bimy				
bimu				
bime				
bima				
bimo				
bimja				
bimjo				
bimju				
bici				
bicy				
bicu	bilga	big	obliged must	$x_{1}$ is bound/obliged to/has the duty to do/be $x_{2}$ in/by standard/agreement $x_{3}$; $x_{1}$ must do $x_{2}$.
bice				
bica				
bico				
bicja				
bicjo				
bicju				
bidi				
bidy				
bidu	bidju		bead	$x_{1}$ is a bead/pebble [shape/form] of material $x_{2}$.
bide				
bida	bindo	bid	Indonesian	$x_{1}$ reflects Indonesian culture/nationality/language in aspect $x_{2}$.
bido				
bibi				
biby				
bibu				
bibe				
biba				
bibo				
bibja				
bibjo				
bibju				
biki				
biky				
biku	bikla	bik	whip	$x_{1}$ whips/lashes/snaps [a sudden violent motion].
bike				
bika				
biko				
bikja				
bikjo				
bikju				
biti				
bity				
bitu	birti	bit	certain	$x_{1}$ is certain/sure/positive/convinced that $x_{2}$ is true.
bite				
bita				
bito				
bipi				
bipy				
bipu				
bipe				
bipa				
bipo				
bipja				
bipjo				
bipju				
bixy				
bixu				
bixe				
bixa				
bixo				
biši				
bišy				
bišu	bifce	bic	bee	$x_{1}$ is a bee/wasp/hornet of species/breed $x_{2}$.
biše				
biša				
bišo				
bisy				
bisu	bisli	bis	ice	$x_{1}$ is a quantity of/is made of/contains ice [frozen crystal] of composition/material $x_{2}$.
bise				
bisa				
biso				
bifi				
bify				
bifu				
bife				
bifa				
bifo				
bifja				
bifjo				
bifju				
bihy				
bihu	bitmu	bim bi'u	wall	$x_{1}$ is a wall/fence separating $x_{2}$ and $x_{3}$ (unordered) of/in structure $x_{4}$.
bihe	brife	bif bi'e	breeze wind	$x_{1}$ is a breeze/wind/gale from direction $x_{2}$ with speed $x_{3}$; $x_{1}$ blows from $x_{2}$.
biha	bilma	bi'a	ill	$nは病む (故障する)
biho	binxo	bix bi'o	become	$x_{1}$ becomes/changes/converts/transforms into $x_{2}$ under conditions $x_{3}$.
biži				
bižy	briju	bij	office	$x_{1}$ is an office/bureau/work-place of worker $x_{2}$ at location $x_{3}$.
bižu	birje		beer	$x_{1}$ is made of/contains/is an amount of beer/ale/brew brewed from $x_{2}$.
biže				
biža				
bižo				
bizy				
bizu				
bize				
biza				
bizo				
bivi				
bivy				
bivu				
bive				
biva				
bivo				
bivja				
bivjo				
bivju				
biri	bliku	bli	block	$x_{1}$ is a block [3-dimensional shape/form] of material $x_{2}$, surfaces/sides $x_{3}$.
biry	bilni	bil	military	$x_{1}$ is military/regimented/is strongly organized/prepared by system $x_{2}$ for purpose $x_{3}$.
biru	binra		insure	$x_{1}$ insures/indemnifies $x_{2}$ (person) against peril $x_{3}$ (event) providing benefit(s) $x_{4}$ (event).
bire	birka	bir	arm	$nは腕
bira	blanu	bla	blue	$nは青い
biro				
bygy				
bygu				
byge				
byga				
bygo				
byni				
byny				
bynu				
byne				
byna				
byno				
bynja				
bynjo				
bynju				
bymi				
bymy				
bymu				
byme				
byma				
bymo				
bymja				
bymjo				
bymju				
byci				
bycy				
bycu				
byce				
byca				
byco				
bycja				
bycjo				
bycju				
bydi				
bydy				
bydu				
byde				
byda				
bydo				
bybi				
byby				
bybu				
bybe				
byba				
bybo				
bybja				
bybjo				
bybju				
byki				
byky				
byku				
byke				
byka				
byko				
bykja				
bykjo				
bykju				
byti				
byty				
bytu				
byte				
byta				
byto				
bypi				
bypy				
bypu				
bype				
bypa	bypa		learn	$nは$aを學ぶ
bypo				
bypja				
bypjo				
bypju				
byxy				
byxu				
byxe				
byxa				
byxo				
byši				
byšy				
byšu				
byše				
byša				
byšo				
bysy				
bysu				
byse				
bysa				
byso				
byfi				
byfy				
byfu				
byfe				
byfa				
byfo				
byfja				
byfjo				
byfju				
byhy				
byhu				
byhe				
byha				
byho				
byži				
byžy				
byžu				
byže				
byža				
byžo				
byzy				
byzu				
byze				
byza				
byzo				
byvi				
byvy				
byvu				
byve				
byva				
byvo				
byvja				
byvjo				
byvju				
byri				
byry				
byru				
byre				
byra				
byro				
bugy				
bugu				
buge				
buga				
bugo				
buni				
buny				
bunu				
bune				
buna				
buno				
bunja				
bunjo				
bunju				
bumi				
bumy				
bumu	bumru	bum	fog	$nは霧
bume				
buma				
bumo				
bumja				
bumjo				
bumju				
buci				
bucy				
bucu				
buce				
buca				
buco				
bucja				
bucjo				
bucju				
budi				
budy				
budu	bunda	bud	pound	$x_{1}$ is $x_{2}$ (def. 1) local weight unit(s) [non-metric], standard $x_{3}$, subunits [e.g. ounces] $x_{4}$.
bude				
buda				
budo				
bubi				
buby				
bubu				
bube				
buba				
bubo				
bubja				
bubjo				
bubju				
buki				
buky				
buku				
buke				
buka				
buko				
bukja				
bukjo				
bukju				
buti				
buty				
butu				
bute				
buta				
buto				
bupi				
bupy				
bupu				
bupe				
bupa				
bupo				
bupja				
bupjo				
bupju				
buxy				
buxu				
buxe				
buxa				
buxo				
buši				
bušy				
bušu				
buše				
buša				
bušo				
busy				
busu				
buse				
busa				
buso				
bufi				
bufy				
bufu				
bufe				
bufa				
bufo				
bufja				
bufjo				
bufju				
buhy				
buhu	bukpu	buk bu'u	cloth	$x_{1}$ is an amount of cloth/fabric of type/material $x_{2}$.
buhe	bunre	bur bu'e	brown	$x_{1}$ is brown/tan [color adjective].
buha	bruna	bun bu'a	brother	$x_{1}$ is brother of/fraternal to $x_{2}$ by bond/tie/standard/parent(s) $x_{3}$; [not necess. biological].
buho	budjo	buj bu'o	Buddhist	$x_{1}$ pertains to the Buddhist culture/religion/ethos in aspect $x_{2}$.
buži				
bužy				
bužu				
buže				
buža				
bužo				
buzy				
buzu	burcu	bru	brush	$x_{1}$ is a brush for purpose $x_{2}$ (event) with bristles $x_{3}$.
buze				
buza				
buzo				
buvi				
buvy				
buvu				
buve				
buva				
buvo				
buvja				
buvjo				
buvju				
buri	bridi	bri	predicate	$nは動詞
bury				
buru	burna		embarrassed	$x_{1}$ is embarrassed/disconcerted/flustered/ill-at-ease about/under conditions $x_{2}$ (abstraction).
bure				
bura	bratu		hail	$nは雹
buro	bloti	lot blo lo'i	boat	$nは舟
begy				
begu				
bege				
bega				
bego				
beni				
beny				
benu	besna	ben	brain	$x_{1}$ is a/the brain [body-part] of $x_{2}$; [metaphor: intelligence, mental control].
bene				
bena				
beno				
benja				
benjo				
benju				
bemi				
bemy				
bemu				
beme				
bema				
bemo				
bemja				
bemjo				
bemju				
beci				
becy				
becu	bengo	beg	Bengali	$x_{1}$ reflects Bengali/Bangladesh culture/nationality/language in aspect $x_{2}$.
bece				
beca				
beco				
becja				
becjo				
becju				
bedi				
bedy				
bedu				
bede				
beda				
bedo				
bebi				
beby				
bebu	bebna	beb	foolish	$x_{1}$ is foolish/silly in event/action/property [folly] (ka) $x_{2}$; $x_{1}$ is a fool.
bebe				
beba				
bebo				
bebja				
bebjo				
bebju				
beki				
beky				
beku				
beke				
beka				
beko				
bekja				
bekjo				
bekju				
beti				
bety				
betu	betri	bet	tragedy	$x_{1}$ is a tragedy/disaster/tragic for $x_{2}$.
bete				
beta				
beto				
bepi				
bepy				
bepu				
bepe				
bepa				
bepo				
bepja				
bepjo				
bepju				
bexy				
bexu				
bexe				
bexa				
bexo				
beši				
bešy				
bešu				
beše				
beša	beša		imagine	$nは$aを想像する (夢想する)
bešo				
besy				
besu				
bese				
besa				
beso				
befi				
befy				
befu				
befe				
befa				
befo				
befja				
befjo				
befju				
behy				
behu	betfu	bef be'u	abdomen	$nは腹
behe	bende	bed be'e	band club	$x_{1}$ is a crew/team/gang/squad/band of persons $x_{2}$ directed/led by $x_{3}$ organized for purpose $x_{4}$.
beha	bersa	bes be'a	son	$x_{1}$ is a son of mother/father/parents $x_{2}$ [not necessarily biological].
beho	bemro	bem be'o	North American	$x_{1}$ reflects North American culture/nationality/geography in aspect $x_{2}$.
beži				
bežy				
bežu	benji	bej be'i	send transfer	$x_{1}$ transfers/sends/transmits $x_{2}$ to receiver $x_{3}$ from transmitter/origin $x_{4}$ via means/medium $x_{5}$.
beže				
beža				
bežo				
bezy				
bezu				
beze				
beza				
bezo				
bevi				
bevy				
bevu	bevri	bev bei	carry	$x_{1}$ carries/hauls/bears/transports cargo $x_{2}$ to $x_{3}$ from $x_{4}$ over path $x_{5}$; $x_{1}$ is a carrier/[porter].
beve				
beva				
bevo				
bevja				
bevjo				
bevju				
beri				
bery				
beru	ciblu	blu	blood	$nは血
bere	berti	ber	north	$nは$aより北 (反時計回りする極點) へ近い
bera				
bero				
bagy				
bagu				
bage				
baga				
bago				
bani				
bany				
banu	balni		balcony	$x_{1}$ is a balcony/overhang/ledge/shelf of building/structure $x_{2}$.
bane				
bana				
bano				
banja				
banjo				
banju				
bami				
bamy				
bamu	jbama	bam	bomb	$x_{1}$ is a bomb/explosive device with explosive material/principle $x_{2}$.
bame				
bama				
bamo				
bamja				
bamjo				
bamju				
baci	banli	bal ba'i	great	$x_{1}$ is great/grand in property $x_{2}$ (ka) by standard $x_{3}$.
bacy				
bacu	bargu	bag	arch	$x_{1}$ arches/curves over/around $x_{2}$ and is made of $x_{3}$; $x_{1}$ is an arch over/around $x_{2}$ of material $x_{3}$.
bace				
baca				
baco				
bacja				
bacjo				
bacju				
badi				
bady	bandu	bad	defend protect	$x_{1}$ (event) defends/protects $x_{2}$ (object/state) from threat/peril/potential $x_{3}$ (event).
badu	badna		banana plantain	$x_{1}$ is a banana/plantain [fruit/plant] of species/breed $x_{2}$.
bade				
bada				
bado				
babi				
baby				
babu	bangu	ban bau	language	$x_{1}$ is a/the language/dialect used by $x_{2}$ to express/communicate $x_{3}$ (si'o/du'u, not quote).
babe				
baba				
babo	zbabu	bab	soap	$x_{1}$ is a quantity of/contains/is made of soap from source $x_{2}$ of composition including $x_{3}$.
babja				
babjo				
babju				
baki				
baky				
baku	baktu		bucket	$x_{1}$ is a bucket/pail/can/deep, solid, wide-topped container of contents $x_{2}$, made of material $x_{3}$.
bake				
baka				
bako	bakni	bak	bovine	$nは牛 (牛族)
bakja				
bakjo				
bakju				
bati				
baty				
batu	batke		button	$x_{1}$ is a button/knob/[handle] on/for item $x_{2}$, with purpose $x_{3}$, made of material $x_{4}$.
bate				
bata	batci	bat	bite	$nは$aを嚙む
bato				
bapi				
bapy				
bapu	bapli	bap bai	effective force	$nは力
bape				
bapa				
bapo				
bapja				
bapjo				
bapju				
baxy				
baxu	baxso		Malay-Indonesian	$x_{1}$ reflects Malay-Indonesian common language/culture in aspect $x_{2}$.
baxe				
baxa	banxa	bax	bank	$x_{1}$ is a bank owned by/in banking system $x_{2}$ for banking function(s) $x_{3}$ (event).
baxo				
baši				
bašy				
bašu	bancu	bac	is beyond	$x_{1}$ exceeds/is beyond limit/boundary $x_{2}$ from $x_{3}$ in property/amount $x_{4}$ (ka/ni).
baše				
baša				
bašo				
basy	basti	bas	replace	$x_{1}$ replaces/substitutes for/instead of $x_{2}$ in circumstance $x_{3}$; $x_{1}$ is a replacement/substitute.
basu	basna		emphasize	$x_{1}$ emphasizes/accentuates/gives emphasis/stress/accent to $x_{2}$ by (action) $x_{3}$.
base				
basa				
baso				
bafi				
bafy				
bafu	banfi		amphibian	$nは兩棲綱に屬する
bafe				
bafa	bakfu	baf	bundle	$x_{1}$ is a bundle/package/cluster/clump/pack [shape/form] containing $x_{2}$, held together by $x_{3}$.
bafo				
bafja				
bafjo				
bafju				
bahy				
bahu	bacru	ba'u	utter	$x_{1}$ utters verbally/says/phonates/speaks [vocally makes sound] $x_{2}$.
bahe	balre	ba'e	blade	$x_{1}$ is a blade of tool/weapon $x_{2}$.
baha	barna	ba'a	mark spot	$x_{1}$(s) is a/are mark(s)/spot(s) on $x_{2}$ of material $x_{3}$.
baho	banro	ba'o	grow	$x_{1}$ grows/expands [an increasing development] to size/into form $x_{2}$ from $x_{3}$.
baži				
bažy				
bažu	barja		bar	$x_{1}$ is a tavern/bar/pub serving $x_{2}$ to audience/patrons $x_{3}$.
baže				
baža				
bažo	bajra	baj	run	$nは$aを走る (驅ける)
bazy				
bazu	banzu	baz	suffice enough	$x_{1}$ (object) suffices/is enough/sufficient for purpose $x_{2}$ under conditions $x_{3}$.
baze				
baza				
bazo				
bavi				
bavy				
bavu	bavmi		barley	$x_{1}$ is a quantity of barley [grain] of species/strain $x_{2}$.
bave				
bava				
bavo	balvi	bav	future	$nは$aの未來に有る (時間方向で大きい)
bavja				
bavjo				
bavju				
bari	bakri		chalk	$x_{1}$ is a quantity of/contains/is made of chalk from source $x_{2}$ in form $x_{3}$.
bary				
baru	balji		bulb	$x_{1}$ is a bulb [body-part] of plant/species $x_{2}$; [metaphor: rounded, bulgy].
bare				
bara	barda	bra	big large	$nは大きい
baro	bartu	bar	out	$x_{1}$ is on the outside of $x_{2}$; $x_{1}$ is exterior to $x_{2}$.
bogy				
bogu				
boge				
boga				
bogo				
boni				
bony				
bonu				
bone				
bona				
bono				
bonja				
bonjo				
bonju				
bomi				
bomy				
bomu				
bome				
boma				
bomo				
bomja				
bomjo				
bomju				
boci				
bocy				
bocu				
boce				
boca				
boco				
bocja				
bocjo				
bocju				
bodi				
body				
bodu				
bode				
boda				
bodo				
bobi				
boby				
bobu				
bobe				
boba				
bobo				
bobja				
bobjo				
bobju				
boki				
boky				
boku				
boke				
boka				
boko				
bokja				
bokjo				
bokju				
boti				
boty				
botu	botpi	bot bo'i	bottle	$x_{1}$ is a bottle/jar/urn/flask/closable container for $x_{2}$, made of material $x_{3}$ with lid $x_{4}$.
bote				
bota				
boto				
bopi				
bopy				
bopu				
bope				
bopa				
bopo				
bopja				
bopjo				
bopju				
boxy				
boxu				
boxe				
boxa				
boxo				
boši				
bošy				
bošu				
boše				
boša				
bošo				
bosy				
bosu				
bose				
bosa				
boso				
bofi				
bofy				
bofu				
bofe				
bofa				
bofo				
bofja				
bofjo				
bofju				
bohy				
bohu	bongu	bog bo'u	bone	$nは骨
bohe				
boha	boxna	bon bo'a	wave	$n (媒體) の波は$a (形狀) を成す
boho	boxfo	bof bo'o	sheet	$x_{1}$ is a sheet/foil/blanket [2-dimensional shape/form flexible in 3 dimensions] of material $x_{2}$.
boži				
božy				
božu				
bože				
boža				
božo				
bozy				
bozu				
boze				
boza				
bozo				
bovi				
bovy				
bovu				
bove				
bova				
bovo				
bovja				
bovjo				
bovju				
bori				
bory				
boru	bolci	bol boi	ball	$x_{1}$ is a ball/sphere/orb/globe [shape/form] of material $x_{2}$; $x_{1}$ is a spherical object [made of $x_{2}$].
bore				
bora				
boro				
bjagy				
bjagu				
bjage				
bjaga				
bjago				
bjani				
bjany				
bjanu				
bjane				
bjana				
bjano				
bjami				
bjamy				
bjamu	bjamu		case	$nは格
bjame				
bjama				
bjamo				
bjaci				
bjacy				
bjacu				
bjace				
bjaca				
bjaco				
bjadi	bradi		enemy	$x_{1}$ is an enemy/opponent/adversary/foe of $x_{2}$ in struggle $x_{3}$.
bjady				
bjadu				
bjade				
bjada				
bjado				
bjabi				
bjaby				
bjabu				
bjabe				
bjaba				
bjabo				
bjaki				
bjaky				
bjaku				
bjake				
bjaka				
bjako				
bjati				
bjaty				
bjatu				
bjate				
bjata				
bjato				
bjapi				
bjapy				
bjapu				
bjape				
bjapa				
bjapo				
bjaxy				
bjaxu				
bjaxe				
bjaxa				
bjaxo				
bjaši	blaci		glass	$x_{1}$ is a quantity of/is made of/contains glass of composition including $x_{2}$.
bjašy				
bjašu				
bjaše				
bjaša				
bjašo				
bjasy				
bjasu				
bjase				
bjasa				
bjaso				
bjafi				
bjafy				
bjafu				
bjafe				
bjafa				
bjafo				
bjahy				
bjahu				
bjahe				
bjaha				
bjaho				
bjaži				
bjažy				
bjažu				
bjaže				
bjaža				
bjažo				
bjazy				
bjazu				
bjaze				
bjaza				
bjazo				
bjavi				
bjavy				
bjavu				
bjave				
bjava				
bjavo				
bjari				
bjary				
bjaru				
bjare				
bjara				
bjaro				
bjogy				
bjogu				
bjoge				
bjoga				
bjogo				
bjoni				
bjony				
bjonu				
bjone				
bjona				
bjono				
bjomi				
bjomy				
bjomu				
bjome				
bjoma				
bjomo				
bjoci				
bjocy				
bjocu				
bjoce				
bjoca				
bjoco				
bjodi				
bjody				
bjodu				
bjode				
bjoda				
bjodo				
bjobi				
bjoby				
bjobu				
bjobe				
bjoba				
bjobo				
bjoki				
bjoky				
bjoku				
bjoke				
bjoka				
bjoko				
bjoti				
bjoty				
bjotu				
bjote				
bjota				
bjoto				
bjopi				
bjopy				
bjopu				
bjope				
bjopa				
bjopo				
bjoxy				
bjoxu				
bjoxe				
bjoxa				
bjoxo				
bjoši				
bjošy				
bjošu				
bjoše				
bjoša				
bjošo				
bjosy				
bjosu				
bjose				
bjosa				
bjoso				
bjofi				
bjofy				
bjofu				
bjofe				
bjofa				
bjofo				
bjohy				
bjohu				
bjohe				
bjoha				
bjoho				
bjoži				
bjožy				
bjožu				
bjože				
bjoža				
bjožo				
bjozy				
bjozu				
bjoze				
bjoza				
bjozo				
bjovi				
bjovy				
bjovu				
bjove	bjove		oblique	$nは非主格
bjova				
bjovo				
bjori				
bjory				
bjoru				
bjore				
bjora				
bjoro				
bjugy				
bjugu				
bjuge				
bjuga				
bjugo				
bjuni				
bjuny				
bjunu				
bjune				
bjuna				
bjuno				
bjumi				
bjumy				
bjumu				
bjume				
bjuma				
bjumo				
bjuci				
bjucy				
bjucu				
bjuce				
bjuca				
bjuco				
bjudi				
bjudy				
bjudu				
bjude				
bjuda				
bjudo				
bjubi				
bjuby				
bjubu				
bjube				
bjuba				
bjubo				
bjuki				
bjuky				
bjuku				
bjuke				
bjuka				
bjuko				
bjuti				
bjuty				
bjutu				
bjute				
bjuta				
bjuto				
bjupi				
bjupy				
bjupu				
bjupe				
bjupa				
bjupo				
bjuxy				
bjuxu				
bjuxe				
bjuxa				
bjuxo				
bjuši				
bjušy				
bjušu				
bjuše				
bjuša				
bjušo				
bjusy				
bjusu				
bjuse				
bjusa				
bjuso				
bjufi				
bjufy				
bjufu				
bjufe				
bjufa				
bjufo				
bjuhy				
bjuhu				
bjuhe				
bjuha				
bjuho				
bjuži				
bjužy				
bjužu				
bjuže				
bjuža				
bjužo				
bjuzy				
bjuzu				
bjuze				
bjuza				
bjuzo				
bjuvi				
bjuvy				
bjuvu				
bjuve				
bjuva				
bjuvo				
bjuri				
bjury				
bjuru				
bjure				
bjura				
bjuro				
kigy				
kigu				
kige				
kiga				
kigo				
kini				
kiny				
kinu	skina	kin	cinema film	$x_{1}$ is a cinema/movie/film about $x_{2}$ [plot/theme/subject/activity], filmmaker $x_{3}$, for audience $x_{4}$.
kine				
kina				
kino				
kinja				
kinjo				
kinju				
kimi				
kimy				
kimu				
kime				
kima				
kimo				
kimja				
kimjo				
kimju				
kici	ckini	ki'i	related	$nは$aの血族
kicy				
kicu				
kice				
kica				
kico				
kicja				
kicjo				
kicju				
kidi				
kidy				
kidu				
kide				
kida				
kido				
kibi				
kiby				
kibu				
kibe				
kiba				
kibo				
kibja				
kibjo				
kibju				
kiki				
kiky				
kiku	ckiku	kik	key	$x_{1}$ is a key fitting/releasing/opening/unlocking lock $x_{2}$, and having relevant properties $x_{3}$.
kike				
kika				
kiko				
kikja				
kikjo				
kikju				
kiti				
kity				
kitu	kliti	kit	clay	$x_{1}$ is a quantity of/contains/is made of clay [moist, clammy dirt] of composition including $x_{2}$.
kite				
kita				
kito				
kipi				
kipy				
kipu				
kipe				
kipa				
kipo				
kipja				
kipjo				
kipju				
kixy				
kixu				
kixe				
kixa				
kixo				
kiši				
kišy				
kišu				
kiše				
kiša				
kišo				
kisy				
kisu	kisto	kis	Pakistani	$x_{1}$ reflects Pakistani/Pashto culture/nationality/language in aspect $x_{2}$.
kise				
kisa				
kiso				
kifi				
kify				
kifu				
kife				
kifa				
kifo				
kifja				
kifjo				
kifju				
kihy				
kihu	krinu	rin ki'u	reason	$x_{1}$ (event/state) is a reason/justification/explanation for/causing/permitting $x_{2}$ (event/state).
kihe	kicne	kic ki'e	cushion	$x_{1}$ cushions $x_{2}$ with material $x_{3}$; $x_{1}$ is a cushion/pillow/pad [for $x_{2}$] of padding material $x_{3}$.
kiha	krixa	kix ki'a	cry out	$nは$a (聲) を叫ぶ (鳴く)
kiho	kilto	ki'o	1000	$x_{1}$ is a thousand [1000; $10^3$] of $x_{2}$ in dimension/aspect $x_{3}$ (default is units).
kiži				
kižy				
kižu	kijno	kij	oxygen	$x_{1}$ is a quantity of/contains/is made of oxygen (O); [metaphor: supporting life/combustion].
kiže				
kiža				
kižo				
kizy				
kizu				
kize				
kiza				
kizo				
kivi				
kivy				
kivu				
kive				
kiva				
kivo				
kivja				
kivjo				
kivju				
kiri	krili		crystal	$x_{1}$ is a quantity of/contains/is made of crystal of composition $x_{2}$ in form/arrangement $x_{3}$.
kiry				
kiru	ckire	kir	grateful	$nは$aに感謝する
kire	kinli	kil	sharp	$nは鋭い
kira				
kiro				
kygy				
kygu				
kyge				
kyga				
kygo				
kyni				
kyny				
kynu				
kyne				
kyna				
kyno				
kynja				
kynjo				
kynju				
kymi				
kymy				
kymu				
kyme				
kyma				
kymo				
kymja				
kymjo				
kymju				
kyci				
kycy				
kycu				
kyce	kyce		simulate	$nは$aを模倣する (擬裝する) ｓ
kyca				
kyco				
kycja				
kycjo				
kycju				
kydi				
kydy				
kydu				
kyde				
kyda				
kydo				
kybi				
kyby				
kybu				
kybe				
kyba				
kybo				
kybja				
kybjo				
kybju				
kyki				
kyky				
kyku				
kyke				
kyka				
kyko				
kykja				
kykjo				
kykju				
kyti				
kyty				
kytu				
kyte				
kyta				
kyto				
kypi				
kypy				
kypu				
kype				
kypa				
kypo				
kypja				
kypjo				
kypju				
kyxy				
kyxu				
kyxe				
kyxa				
kyxo				
kyši				
kyšy				
kyšu				
kyše				
kyša				
kyšo				
kysy				
kysu				
kyse				
kysa				
kyso				
kyfi				
kyfy				
kyfu				
kyfe				
kyfa				
kyfo				
kyfja				
kyfjo				
kyfju				
kyhy				
kyhu				
kyhe				
kyha				
kyho				
kyži				
kyžy				
kyžu				
kyže				
kyža				
kyžo				
kyzy				
kyzu				
kyze				
kyza				
kyzo				
kyvi				
kyvy				
kyvu				
kyve				
kyva				
kyvo				
kyvja				
kyvjo				
kyvju				
kyri				
kyry				
kyru				
kyre				
kyra				
kyro				
kugy				
kugu				
kuge				
kuga				
kugo				
kuni				
kuny				
kunu	kunra	kun	mineral	$x_{1}$ is/contains/is made from a mineral/ore of type/metal $x_{2}$ mined from location/lode/mine $x_{3}$.
kune				
kuna				
kuno				
kunja				
kunjo				
kunju				
kumi				
kumy				
kumu	kumte		camel	$x_{1}$ is a camel/llama/alpaca/vicuna/dromedary of species/breed $x_{2}$.
kume				
kuma				
kumo				
kumja				
kumjo				
kumju				
kuci				
kucy				
kucu				
kuce				
kuca				
kuco				
kucja				
kucjo				
kucju				
kudi				
kudy				
kudu				
kude				
kuda				
kudo				
kubi				
kuby				
kubu	kubli	kub	cube	$x_{1}$ is a cube/regular polyhedron/polygon of dimensions $x_{2}$ (def. 3), surfaces/sides $x_{3}$ (def. 6).
kube				
kuba				
kubo				
kubja				
kubjo				
kubju				
kuki				
kuky				
kuku	kurki		bitter	$x_{1}$ is bitter/acrid/sharply disagreeable to observer/sense $x_{2}$.
kuke				
kuka				
kuko				
kukja				
kukjo				
kukju				
kuti				
kuty				
kutu	kunti	kut	empty vacant	$nは$aを缺く (空)
kute				
kuta				
kuto				
kupi				
kupy				
kupu				
kupe				
kupa				
kupo				
kupja				
kupjo				
kupju				
kuxy				
kuxu	kukte	kuk	delicious	$x_{1}$ is delicious/tasty/delightful to observer/sense $x_{2}$ [person, or sensory activity].
kuxe				
kuxa				
kuxo				
kuši	kruca	kuc	intersect cross	$x_{1}$ intersects/crosses/traverses $x_{2}$ at locus $x_{3}$.
kušy				
kušu	kucli		curious	$x_{1}$ is curious/wonders about/is interested in/[inquisitive about] $x_{2}$ (object/abstract).
kuše				
kuša				
kušo				
kusy				
kusu	kusru	kus	cruel	$x_{1}$ (person) is cruel/mean/unkind to victim $x_{2}$.
kuse				
kusa				
kuso				
kufi				
kufy				
kufu	kufra	kuf	comfort	$x_{1}$ feels comfort/is comfortable with conditions/environmental property(ies) $x_{2}$.
kufe				
kufa				
kufo				
kufja				
kufjo				
kufju				
kuhy				
kuhu	ckunu	ku'u	conifer	$x_{1}$ is a conifer/pine/fir of species/strain $x_{2}$ with cones $x_{3}$.
kuhe	kuspe	kup ku'e	range reach	$nは區間 (容積, 領域)
kuha	kumfa	kum ku'a	room	$x_{1}$ is a room of/in structure $x_{2}$ surrounded by partitions/walls/ceiling/floor $x_{3}$ (mass/jo'u).
kuho	skuro	ku'o	groove	$x_{1}$ is a groove/trench/furrow [shape/form] in object/surface $x_{2}$.
kuži				
kužy				
kužu	kurji	kuj ku'i	take care of	$x_{1}$ takes-care-of/looks after/attends to/provides for/is caretaker for $x_{2}$ (object/event/person).
kuže				
kuža				
kužo				
kuzy				
kuzu	kulnu	klu	culture	$x_{1}$ [mass of ideas, customs, skills, arts] is culture of nation/ethos $x_{2}$ (mass); $x_{1}$ is ethnic.
kuze				
kuza	krasi	kra	source origin	$x_{1}$ (site/event) is a source/start/beginning/origin of $x_{2}$ (object/event/process).
kuzo				
kuvi				
kuvy				
kuvu				
kuve				
kuva				
kuvo				
kuvja				
kuvjo				
kuvju				
kuri	kliru		chlorine	$x_{1}$ is a quantity of/contains/is made of halogen of type $x_{2}$ [chlorine, fluorine, iodine, etc.].
kury	kurfa	kur	square	$x_{1}$ is a right-angled shape/form defined by set of vertices $x_{2}$, dimensions $x_{3}$ (default 2).
kuru	kruvi	ruv kru	curve	$x_{1}$ is a curve/turn/bend in $x_{2}$, at locus $x_{3}$, and defined by set of points/properties $x_{4}$.
kure	klesi	kle lei	class type	$x_{1}$ (mass/si'o) is a class/category/subgroup/subset within $x_{2}$ with defining property $x_{3}$ (ka).
kura	kramu		acre	$x_{1}$ is $x_{2}$ local area unit(s) [non-metric] (default 1) by standard $x_{3}$, $x_{4}$ subunits.
kuro	korcu	kro	bent crooked	(adjective:) $x_{1}$ is bent/crooked/not straight or direct/[twisted]/folded.
kegy				
kegu				
kege				
kega				
kego				
keni				
keny				
kenu	kenra	ken	cancer	$x_{1}$ is a cancer [malignant disease] in $x_{2}$.
kene				
kena				
keno				
kenja				
kenjo				
kenju	kenju		test	$nは$aを確認する (檢查する, 精查する)
kemi				
kemy				
kemu				
keme				
kema				
kemo				
kemja	kemja		want	$nは$aを求む
kemjo				
kemju				
keci				
kecy				
kecu				
kece				
keca				
keco				
kecja				
kecjo				
kecju				
kedi				
kedy				
kedu				
kede				
keda				
kedo				
kebi				
keby				
kebu				
kebe				
keba				
kebo				
kebja				
kebjo				
kebju				
keki				
keky				
keku				
keke				
keka				
keko				
kekja				
kekjo				
kekju				
keti				
kety				
ketu	ketco	ket tco	South American	$x_{1}$ reflects South American culture/nationality/geography in aspect $x_{2}$.
kete				
keta				
keto				
kepi				
kepy				
kepu				
kepe				
kepa				
kepo				
kepja				
kepjo				
kepju				
kexy				
kexu				
kexe				
kexa				
kexo				
keši				
kešy				
kešu	kecti	kec ke'i	pity	$nは$aを憐れむ (に同情する)
keše				
keša				
kešo				
kesy				
kesu	kensa	kes	outer space space	$x_{1}$ is outer space near/associated with celestial body/region $x_{2}$.
kese				
kesa				
keso				
kefi				
kefy				
kefu				
kefe				
kefa				
kefo				
kefja				
kefjo				
kefju				
kehy				
kehu	krefu	ref ke'u	recur	$x_{1}$ (event) is the $x_{3}$'rd recurrence/repetition of $x_{2}$ (abstract); $x_{2}$ happens again in [form] $x_{1}$.
kehe				
keha	kevna	kev ke'a	cavity hole	$x_{1}$ is a cavity/hole/hollow/cavern in $x_{2}$; $x_{1}$ is concave within $x_{2}$; $x_{2}$ is hollow at locus $x_{1}$.
keho	kelvo	ke'o	kelvin	$x_{1}$ is $x_{2}$ degree(s) Kelvin [metric unit] in temperature (default is 1) by standard $x_{3}$.
keži				
kežy				
kežu	ckeji	kej cke	ashamed	$nは$aを恥づ (矜恃=-)
keže				
keža				
kežo				
kezy				
kezu				
keze				
keza				
kezo				
kevi				
kevy				
kevu				
keve				
keva				
kevo				
kevja				
kevjo				
kevju				
keri	krici	kri	believe faith	$x_{1}$ believes [regardless of evidence/proof] belief/creed $x_{2}$ (du'u) is true/assumed about subject $x_{3}$.
kery	kerlo	ker	ear	$nは耳
keru	kelci	kel kei	play	$x_{1}$ [agent] plays with plaything/toy $x_{2}$.
kere	kerfa	kre	hair	$nは毛
kera				
kero				
kagy				
kagu	kagni	kag	company	$x_{1}$ is a company/corporation/firm/partnership chartered by authority $x_{2}$ for purpose $x_{3}$.
kage				
kaga				
kago				
kani	kamni		committee	$x_{1}$ (mass) is a committee with task/purpose $x_{2}$ of body $x_{3}$.
kany				
kanu	karni		journal press	$x_{1}$ is a journal/periodical/magazine/[newspaper] with content $x_{2}$ published by $x_{3}$ for audience $x_{4}$.
kane				
kana	kansa	kan	with	$x_{1}$ is with/accompanies/is a companion of $x_{2}$, in state/condition/enterprise $x_{3}$ (event/state).
kano				
kanja				
kanjo				
kanju				
kami				
kamy				
kamu	kacma		camera	$x_{1}$ is a camera/photographic equipment recording illumination type $x_{2}$ images to medium $x_{3}$.
kame				
kama				
kamo				
kamja				
kamjo				
kamju	kamju		column	$x_{1}$ is a column/pillar of material $x_{2}$.
kaci				
kacy				
kacu	kargu		costly	$x_{1}$ (object/commodity/property/event) is costly/expensive/dear to $x_{2}$ by standard $x_{3}$.
kace				
kaca				
kaco				
kacja				
kacjo				
kacju				
kadi	kandi	kad	dim	$x_{1}$ is dim/dull/pale/non-intense in property $x_{2}$ (ka) as received/measured by observer $x_{3}$.
kady				
kadu	kadno		Canadian	$x_{1}$ reflects Canadian culture/nationality in aspect $x_{2}$.
kade				
kada				
kado				
kabi	ckaji	kai	attribute characteristic	$x_{1}$ has/is characterized by property/feature/trait/aspect/dimension $x_{2}$ (ka); $x_{2}$ is manifest in $x_{1}$.
kaby				
kabu	kanba		goat	$nは山羊 (山羊屬)
kabe				
kaba	karbi	kab	compare	$x_{1}$ [observer] compares $x_{2}$ with $x_{3}$ in property $x_{4}$ (ka), determining comparison $x_{5}$ (state).
kabo				
kabja				
kabjo				
kabju				
kaki				
kaky				
kaku	klaku	kak	weep cry	$nは$a (涙) を泣く
kake				
kaka				
kako				
kakja				
kakjo				
kakju				
kati				
katy				
katu	kalte	kat	hunt	$x_{1}$ hunts/stalks prey/quarry/game $x_{2}$ for purpose $x_{3}$.
kate				
kata				
kato				
kapi	skapi	kap	pelt	$nは皮膚 (皮革)
kapy				
kapu	kakpa		dig	$x_{1}$ (agent) digs $x_{2}$ [material] up/out of $x_{3}$ [source/hole] with limbs/tool(s) $x_{4}$.
kape	kanpe		expect	$nは$aを豫期する (意外性=低)
kapa				
kapo				
kapja				
kapjo				
kapju				
kaxy				
kaxu	kanxe	kax	conjunction	$x_{1}$ is a conjunction, stating that $x_{2}$ (du'u) and $x_{3}$ (du'u) are both true.
kaxe				
kaxa				
kaxo				
kaši	kalci		feces	$nは$a (糞尿) を排泄する
kašy	kancu	kac	count	$x_{1}$ (agent) counts the number in set $x_{2}$ to be $x_{3}$ [number/count] counting [off] by units $x_{4}$.
kašu	karce		automobile car	$x_{1}$ is a car/automobile/truck/van [a wheeled motor vehicle] for carrying $x_{2}$, propelled by $x_{3}$
kaše				
kaša				
kašo				
kasy				
kasu	kalsa	kas	chaotic	$x_{1}$ is chaotic/disordered in property/aspect $x_{2}$ (ka).
kase				
kasa				
kaso				
kafi	ckafi	kaf	coffee	$x_{1}$ is made of/contains/is a quantity of coffee from source/bean/grain $x_{2}$.
kafy				
kafu	kafke		cough	$x_{1}$ coughs/farts/burps up/out $x_{2}$ [predominantly gaseous] from orifice $x_{3}$.
kafe				
kafa				
kafo				
kafja				
kafjo				
kafju				
kahy				
kahu	kampu	kau	common general	$x_{1}$ (property - ka) is common/general/universal among members of set $x_{2}$ (complete set).
kahe	krati	ka'i	represent	$x_{1}$ represents/is an agent/proxy/stands-in for [absent] $x_{2}$ in matter(s)/function(s) $x_{3}$.
kaha	katna	ka'a	cut	$nは$aを切る (斷つ)
kaho	kantu	ka'u	quantum	$x_{1}$ is a quantum/ray/elementary particle/smallest measurable increment of property/activity $x_{2}$.
kaži				
kažy				
kažu	kajna		shelf	$x_{1}$ is a shelf/counter/bar in/on/attached to supporting object $x_{2}$, for purpose $x_{3}$.
kaže	kakne	ka'e	able	$x_{1}$ is able to do/be/capable of doing/being $x_{2}$ (event/state) under conditions $x_{3}$ (event/state).
kaža				
kažo	kanro	ka'o	healthy well	$nは健康
kazy				
kazu	kanji	kaj	calculate	$x_{1}$ calculates/reckons/computes $x_{2}$ [value (ni)/state] from data $x_{3}$ by process $x_{4}$.
kaze				
kaza				
kazo				
kavi				
kavy				
kavu	kavbu	kav	capture catch	$x_{1}$ captures/catches/apprehends/seizes/nabs $x_{2}$ with trap/restraint $x_{3}$.
kave				
kava				
kavo				
kavja				
kavjo				
kavju				
kari	kabri		cup	$x_{1}$ is a cup/glass/tumbler/mug/vessel/[bowl] containing contents $x_{2}$, and of material $x_{3}$.
kary	kalri	kar	open	$x_{1}$ (portal/passage/entrance-way) is open/ajar/not shut permitting passage/access to $x_{2}$ by $x_{3}$.
karu	karda		card	$x_{1}$ is a card [small nearly-2-dimensional shape/form] of material $x_{2}$, shape $x_{3}$.
kare	karli		collar	$x_{1}$ is a collar/ring/belt/band around/surrounding $x_{2}$ made of material $x_{3}$.
kara	klama	kla	come	$x_{1}$ comes/goes to destination $x_{2}$ from origin $x_{3}$ via route $x_{4}$ using means/vehicle $x_{5}$.
karo	kanla	kal	eye	$nは目
kogy				
kogu				
koge				
koga				
kogo				
koni				
kony				
konu				
kone				
kona				
kono				
konja				
konjo				
konju				
komi				
komy				
komu	komcu	kom	comb	$x_{1}$ is a comb [many-needled shape] of material $x_{2}$ with tines/needles $x_{3}$.
kome				
koma				
komo				
komja				
komjo				
komju				
koci				
kocy				
kocu				
koce				
koca				
koco				
kocja				
kocjo				
kocju				
kodi				
kody				
kodu				
kode				
koda				
kodo				
kobi				
koby				
kobu	kobli	kob ko'i	cabbage	$x_{1}$ is a quantity of cabbage/lettuce/leafy vegetable of species/strain $x_{2}$.
kobe				
koba				
kobo				
kobja				
kobjo				
kobju				
koki				
koky				
koku	korka	kok	cork	$x_{1}$ is a quantity of/contains/is made of cork/bark from tree/species $x_{2}$; [material].
koke				
koka				
koko				
kokja				
kokjo				
kokju				
koti				
koty				
kotu				
kote				
kota				
koto				
kopi				
kopy				
kopu				
kope				
kopa				
kopo				
kopja				
kopjo				
kopju				
koxy				
koxu				
koxe				
koxa				
koxo				
koši				
košy				
košu				
koše				
koša				
košo				
kosy				
kosu	kosta	kos	coat jacket	$x_{1}$ is a coat/jacket/sweater/cloak/[cape/shawl/pullover] [extra outer garment] of material $x_{2}$.
kose				
kosa				
koso				
kofi				
kofy				
kofu				
kofe				
kofa				
kofo				
kofja				
kofjo				
kofju				
kohy				
kohu	konju	kon ko'u	cone	$x_{1}$ is a cone [shape/form] of material $x_{2}$ with vertex $x_{3}$.
kohe	kolme	kol ko'e	coal	$x_{1}$ is a quantity of/contains/is made of coal/peat/anthracite/bitumen from source $x_{2}$.
koha	kojna	koj ko'a	corner	$x_{1}$ is a corner/point/at-least-3-dimensional [solid] angle [shape/form] in/on $x_{2}$, of material $x_{3}$.
koho	skoto	kot ko'o	Scottish	$x_{1}$ reflects Gaelic/Scottish culture/nationality/language in aspect $x_{2}$.
koži				
kožy				
kožu				
kože				
koža				
kožo				
kozy				
kozu				
koze				
koza				
kozo				
kovi				
kovy				
kovu	korvo		crow	$nは烏 (烏科)
kove				
kova				
kovo				
kovja				
kovjo				
kovju				
kori	klina	kli	clear direct	$x_{1}$ (object/medium) is clear/transparent/without obstacle to in-the-clear $x_{2}$ [transmission].
kory				
koru	korbi	kor koi	edge	$x_{1}$ is an edge/margin/border/curb/boundary of $x_{2}$ next-to/bordering-on $x_{3}$.
kore				
kora				
koro	diklo	klo	local regional	$x_{1}$ is local to $x_{2}$; $x_{1}$ is confined to locus $x_{2}$ within range $x_{3}$; $x_{1}$ is regional
kjagy				
kjagu				
kjage				
kjaga				
kjago				
kjani				
kjany				
kjanu				
kjane				
kjana				
kjano				
kjami				
kjamy				
kjamu				
kjame				
kjama				
kjamo				
kjaci				
kjacy				
kjacu				
kjace				
kjaca				
kjaco				
kjadi				
kjady				
kjadu				
kjade				
kjada				
kjado				
kjabi				
kjaby				
kjabu				
kjabe				
kjaba				
kjabo				
kjaki				
kjaky				
kjaku				
kjake				
kjaka				
kjako				
kjati				
kjaty				
kjatu				
kjate				
kjata				
kjato				
kjapi				
kjapy				
kjapu				
kjape				
kjapa				
kjapo				
kjaxy				
kjaxu				
kjaxe				
kjaxa				
kjaxo				
kjaši				
kjašy				
kjašu				
kjaše				
kjaša				
kjašo				
kjasy				
kjasu				
kjase				
kjasa				
kjaso				
kjafi				
kjafy				
kjafu				
kjafe				
kjafa				
kjafo				
kjahy				
kjahu				
kjahe				
kjaha				
kjaho				
kjaži				
kjažy				
kjažu				
kjaže				
kjaža				
kjažo				
kjazy				
kjazu				
kjaze				
kjaza				
kjazo				
kjavi				
kjavy				
kjavu				
kjave				
kjava				
kjavo				
kjari				
kjary				
kjaru				
kjare				
kjara				
kjaro				
kjogy				
kjogu				
kjoge				
kjoga				
kjogo				
kjoni				
kjony				
kjonu				
kjone				
kjona				
kjono				
kjomi	kjomi		counter	$nは$aを補完する (の雙對)
kjomy				
kjomu				
kjome				
kjoma				
kjomo				
kjoci				
kjocy				
kjocu				
kjoce				
kjoca				
kjoco				
kjodi				
kjody				
kjodu				
kjode				
kjoda	kjoda		noble	$nは特權を持つ (貴族)
kjodo				
kjobi				
kjoby				
kjobu				
kjobe				
kjoba				
kjobo				
kjoki				
kjoky				
kjoku				
kjoke				
kjoka				
kjoko				
kjoti				
kjoty				
kjotu				
kjote				
kjota				
kjoto				
kjopi				
kjopy				
kjopu				
kjope				
kjopa				
kjopo				
kjoxy				
kjoxu				
kjoxe				
kjoxa				
kjoxo				
kjoši				
kjošy				
kjošu				
kjoše				
kjoša				
kjošo				
kjosy				
kjosu				
kjose				
kjosa				
kjoso				
kjofi				
kjofy				
kjofu				
kjofe				
kjofa				
kjofo				
kjohy				
kjohu				
kjohe				
kjoha				
kjoho				
kjoži				
kjožy				
kjožu				
kjože				
kjoža				
kjožo				
kjozy				
kjozu				
kjoze				
kjoza				
kjozo				
kjovi				
kjovy				
kjovu				
kjove				
kjova				
kjovo				
kjori				
kjory				
kjoru				
kjore				
kjora				
kjoro				
kjugy				
kjugu				
kjuge				
kjuga				
kjugo				
kjuni				
kjuny				
kjunu				
kjune				
kjuna				
kjuno				
kjumi				
kjumy				
kjumu				
kjume				
kjuma				
kjumo				
kjuci				
kjucy				
kjucu				
kjuce				
kjuca				
kjuco				
kjudi				
kjudy				
kjudu				
kjude				
kjuda				
kjudo				
kjubi				
kjuby				
kjubu				
kjube				
kjuba				
kjubo				
kjuki				
kjuky				
kjuku				
kjuke				
kjuka				
kjuko				
kjuti				
kjuty				
kjutu				
kjute				
kjuta				
kjuto				
kjupi				
kjupy				
kjupu				
kjupe				
kjupa				
kjupo				
kjuxy				
kjuxu				
kjuxe				
kjuxa				
kjuxo				
kjuši				
kjušy				
kjušu				
kjuše				
kjuša				
kjušo				
kjusy				
kjusu				
kjuse				
kjusa				
kjuso				
kjufi				
kjufy				
kjufu				
kjufe				
kjufa				
kjufo				
kjuhy				
kjuhu				
kjuhe				
kjuha				
kjuho				
kjuži				
kjužy				
kjužu				
kjuže				
kjuža				
kjužo				
kjuzy				
kjuzu				
kjuze				
kjuza				
kjuzo				
kjuvi				
kjuvy				
kjuvu				
kjuve				
kjuva				
kjuvo				
kjuri				
kjury				
kjuru				
kjure				
kjura				
kjuro				
tigy				
tigu				
tige				
tiga				
tigo				
tini	tcini		situation condition	$x_{1}$ [state/property] is a situation/condition/state/position/are conditions/circumstances of $x_{2}$.
tiny				
tinu	tirna	tin	hear	$nは$a (音) を聞く
tine				
tina				
tino				
tinja				
tinjo				
tinju				
timi				
timy				
timu				
time				
tima				
timo				
timja				
timjo				
timju				
tici				
ticy				
ticu	tigni	tig	perform	$x_{1}$ performs $x_{2}$ [performance] for/before audience $x_{3}$.
tice				
tica				
tico				
ticja				
ticjo				
ticju				
tidi				
tidy				
tidu	tcidu	tid	read	$nはを$a (表現) を讀む
tide				
tida				
tido				
tibi				
tiby				
tibu	tinbe	tib	obey	$x_{1}$ obeys/follows the command/rule $x_{2}$ made by $x_{3}$; (adjective:) $x_{1}$ is obedient.
tibe				
tiba				
tibo				
tibja				
tibjo				
tibju				
tiki				
tiky				
tiku	stika	tik	adjust edit	$x_{1}$ (event) adjusts/regulates/changes $x_{2}$ (ka/ni) in amount/degree $x_{3}$.
tike				
tika	tcika		time of day	$x_{1}$ [hours, minutes, seconds] is the time/hour of state/event $x_{2}$ on day $x_{3}$ at location $x_{4}$.
tiko				
tikja				
tikjo				
tikju				
titi				
tity				
titu	titla	tit	sweet	$x_{1}$ is sweet/sugary/saccharine to observer $x_{2}$.
tite				
tita	tcita		label	$x_{1}$ is a label/tag of $x_{2}$ showing information $x_{3}$.
tito				
tipi				
tipy				
tipu	tikpa	tip	kick	$x_{1}$ kicks [hits with $x_{1}$'s foot/feet $x_{4}$] $x_{2}$ in/at locus $x_{3}$, using $x_{1}$'s foot/feet $x_{4}$.
tipe				
tipa				
tipo				
tipja				
tipjo				
tipju				
tixy				
tixu	tirxu			$x_{1}$ is a tiger/leopard/jaguar/[tigress] of species/breed $x_{2}$ with coat markings $x_{3}$.
tixe				
tixa				
tixo				
tiši	tutci	tci	instrument tool	$x_{1}$ is a tool/utensil/resource/instrument/implement used for doing $x_{2}$; [form determines function].
tišy				
tišu	tinci		tin	$x_{1}$ is a quantity of/contains/is made of tin (Sn); [metaphor: cheap or base metal].
tiše				
tiša				
tišo	tcica	tic	deceive	$x_{1}$ (event/experience) misleads/deceives/dupes/fools/cheats/tricks $x_{2}$ into $x_{3}$ (event/state).
tisy	tisna	tis	fill	$x_{1}$ (object) fills/becomes stuffed [up]/inflates/blows up with material $x_{2}$; $x_{2}$ pours into $x_{1}$.
tisu	tinsa		stiff	$x_{1}$ is stiff/rigid/inflexible/resistant in direction $x_{2}$ against force $x_{3}$ under conditions $x_{4}$.
tise				
tisa				
tiso				
tifi				
tify				
tifu				
tife				
tifa				
tifo				
tifja				
tifjo				
tifju				
tihy				
tihu	tixnu	tix ti'u	daughter	$x_{1}$ is a daughter of mother/father/parents $x_{2}$; [not necessarily biological].
tihe	stidi	sid ti'i	suggest propose	$x_{1}$ (agent) suggests/proposes idea/action $x_{2}$ to audience $x_{3}$; $x_{1}$ (event) inspires $x_{2}$ in/among $x_{3}$.
tiha	tcima	tim ti'a	weather	$x_{1}$ is weather at place/region $x_{2}$; (adjective:) $x_{1}$ is meteorological.
tiho	ctino	ti'o	shadow	$x_{1}$ is a shadow/the shade of object $x_{2}$, made by light/energy source $x_{3}$.
tiži				
tižy				
tižu	tilju	tij	heavy	$nは重い
tiže				
tiža				
tižo				
tizy				
tizu	stizu	tiz	chair	$x_{1}$ is a chair/stool/seat/bench, a piece or portion of a piece of furniture intended for sitting.
tize				
tiza				
tizo				
tivi				
tivy				
tivu	tivni	tiv	television	$x_{1}$ broadcasts/televises programming $x_{2}$ via medium/channel $x_{3}$ to television receiver $x_{4}$.
tive				
tiva				
tivo				
tivja				
tivjo				
tivju				
tiri	tirse	tir	iron	$x_{1}$ is a quantity of/contains/is made of iron (Fe); [metaphor: strong, durable, tarnishing].
tiry				
tiru	tinri		bore	$nは$aに飽きる (意外性=-)
tire	tcila	til	detail	$x_{1}$ is a detail/feature/particular of $x_{2}$.
tira				
tiro				
tygy				
tygu				
tyge				
tyga				
tygo				
tyni				
tyny				
tynu				
tyne				
tyna				
tyno				
tynja				
tynjo				
tynju				
tymi				
tymy				
tymu				
tyme				
tyma				
tymo				
tymja				
tymjo				
tymju				
tyci				
tycy				
tycu				
tyce				
tyca				
tyco				
tycja				
tycjo				
tycju				
tydi				
tydy				
tydu				
tyde				
tyda				
tydo				
tybi				
tyby				
tybu				
tybe				
tyba				
tybo				
tybja				
tybjo				
tybju				
tyki				
tyky				
tyku				
tyke				
tyka				
tyko				
tykja				
tykjo				
tykju				
tyti				
tyty				
tytu				
tyte				
tyta				
tyto				
typi				
typy				
typu				
type				
typa				
typo				
typja				
typjo				
typju				
tyxy				
tyxu				
tyxe				
tyxa				
tyxo				
tyši				
tyšy				
tyšu				
tyše				
tyša				
tyšo				
tysy				
tysu				
tyse				
tysa				
tyso				
tyfi				
tyfy				
tyfu				
tyfe				
tyfa				
tyfo				
tyfja				
tyfjo				
tyfju				
tyhy				
tyhu				
tyhe				
tyha				
tyho				
tyži				
tyžy				
tyžu				
tyže				
tyža				
tyžo				
tyzy				
tyzu				
tyze				
tyza				
tyzo				
tyvi				
tyvy				
tyvu				
tyve				
tyva				
tyvo				
tyvja				
tyvjo				
tyvju				
tyri				
tyry				
tyru				
tyre				
tyra				
tyro				
tugy				
tugu				
tuge				
tuga				
tugo				
tuni				
tuny				
tunu	tunta	tun	poke	$nは$aを刺す
tune				
tuna				
tuno				
tunja				
tunjo				
tunju				
tumi				
tumy				
tumu				
tume				
tuma				
tumo				
tumja				
tumjo				
tumju				
tuci				
tucy				
tucu	tugni	tug tu'i	agree	$x_{1}$ [person] agrees with person(s)/position/side $x_{2}$ that $x_{3}$ (du'u) is true about matter $x_{4}$.
tuce				
tuca				
tuco				
tucja				
tucjo				
tucju				
tudi				
tudy				
tudu				
tude				
tuda				
tudo				
tubi				
tuby				
tubu	tunba	tub	sibling	$nは$aの同胞 (と親を共有する)
tube				
tuba				
tubo				
tubja				
tubjo				
tubju				
tuki				
tuky				
tuku	tunka	tuk	copper	$x_{1}$ is made of/contains/is a quantity of copper (Cu); [metaphor: reddish, electrical conductor].
tuke				
tuka				
tuko				
tukja				
tukjo				
tukju				
tuti				
tuty				
tutu	tutra	tut	territory	$x_{1}$ is territory/domain/space of/belonging to/controlled by $x_{2}$.
tute				
tuta				
tuto				
tupi				
tupy				
tupu				
tupe				
tupa				
tupo				
tupja				
tupjo				
tupju				
tuxy				
tuxu				
tuxe				
tuxa				
tuxo				
tuši	tsiju	tsi	seed	$x_{1}$(s) is/are (a) seed(s)/spore(s) [body-part] of organism $x_{2}$ for producing offspring $x_{3}$.
tušy				
tušu	nitcu	tcu	need	$x_{1}$ needs/requires/is dependent on/[wants] necessity $x_{2}$ for purpose/action/stage of process $x_{3}$.
tuše	mutce	tce	extreme much	$x_{1}$ is much/extreme in property $x_{2}$ (ka), towards $x_{3}$ extreme/direction; $x_{1}$ is, in $x_{2}$, very $x_{3}$.
tuša	tcati		tea	$x_{1}$ is made of/contains/is a quantity of tea brewed from leaves $x_{2}$.
tušo				
tusy				
tusu				
tuse				
tusa	tsapi		seasoning	$x_{1}$ is a seasoning/condiment/spice causing flavor/effect $x_{2}$ (event/property).
tuso				
tufi				
tufy				
tufu				
tufe				
tufa				
tufo				
tufja				
tufjo				
tufju				
tuhy				
tuhu	tubnu	tu'u	tube	$x_{1}$ is a length of tubing/pipe/hollow cylinder [shape/form] of material $x_{2}$, hollow of material $x_{3}$.
tuhe	tuple	tup tu'e	leg	$nは肢 (腕, 脚)
tuha	tumla	tum tu'a	land	$nは陸地 (島)
tuho	tunlo	tul tu'o	swallow	$nは$aを嚥下する
tuži				
tužy				
tužu	tujli	tuj	tulip	$x_{1}$ is a tulip (defined by flower shape) of species/strain $x_{2}$.
tuže				
tuža				
tužo				
tuzy				
tuzu				
tuze				
tuza				
tuzo				
tuvi				
tuvy				
tuvu				
tuve				
tuva				
tuvo				
tuvja				
tuvjo				
tuvju				
turi	trina	tri	attract	$x_{1}$ attracts/appeals to/lures $x_{2}$ (person/event) with property/quality $x_{3}$ (ka).
tury				
turu	truni		govern	$nは$aを統治する (支配する)
ture	mitre	tre	meter	$x_{1}$ is $x_{2}$ meter(s) [metric unit] in length (default 1) measured in direction $x_{3}$ by standard $x_{4}$.
tura	trano		nitrogen	$x_{1}$ is a quantity of/contains/is made of nitrogen/ammonia/nitrates.
turo	jitro	tro	control	$x_{1}$ has control over/harnesses/manages/directs/conducts $x_{2}$ in $x_{3}$ (activity/event/performance).
tegy				
tegu				
tege				
tega				
tego				
teni				
teny				
tenu	tcena	ten	stretch extend	$x_{1}$ stretches/extends to range $x_{2}$ [interval/extent] in dimension $x_{3}$ from relaxed range $x_{4}$.
tene				
tena				
teno				
tenja				
tenjo				
tenju				
temi				
temy				
temu	temci	tem tei	time	$nは1次元物理的時間
teme				
tema				
temo				
temja				
temjo				
temju				
teci				
tecy				
tecu				
tece				
teca				
teco				
tecja				
tecjo				
tecju				
tedi				
tedy				
tedu	terdi	ted	earth	$nは惑星 (地球)
tede				
teda				
tedo				
tebi				
teby				
tebu	ctebi	teb	lip	$nは脣
tebe				
teba				
tebo				
tebja				
tebjo				
tebju				
teki				
teky				
teku	cteki	tek ce'i	tax	$x_{1}$ is a tax/levy/duty on goods/services/event $x_{2}$ levied against $x_{3}$ by authority/collector $x_{4}$.
teke				
teka				
teko				
tekja				
tekjo				
tekju				
teti				
tety				
tetu	terto	tet	1E12 trillion	$x_{1}$ is a trillion [$10^{12}$] of $x_{2}$ in dimension/aspect $x_{3}$ (default is units).
tete				
teta				
teto				
tepi				
tepy				
tepu				
tepe				
tepa				
tepo				
tepja				
tepjo				
tepju				
texy				
texu				
texe				
texa				
texo				
teši				
tešy				
tešu	steci	tec te'i	particular special	$x_{1}$ (ka) is specific/particular/specialized/[special]/a defining property of $x_{2}$ among $x_{3}$ (set).
teše				
teša				
tešo				
tesy				
tesu				
tese				
tesa				
teso				
tefi				
tefy				
tefu	tenfa	tef	exponential	$x_{1}$ is the exponential result of base $x_{2}$ to power/exponent $x_{3}$.
tefe				
tefa				
tefo				
tefja				
tefjo				
tefju				
tehy				
tehu	tengu	teg te'u	texture	$x_{1}$ (property-ka) is a texture of $x_{2}$.
tehe				
teha	terpa	tep te'a	fear	$nは$aを恐れる
teho	stero	te'o	steradian	$x_{1}$ is $x_{2}$ steradian(s) [metric unit] in solid angle (default is 1) by standard $x_{3}$.
teži				
težy				
težu				
teže				
teža				
težo				
tezy				
tezu				
teze				
teza				
tezo				
tevi				
tevy				
tevu				
teve				
teva				
tevo				
tevja				
tevjo				
tevju				
teri				
tery				
teru	stela	tel	lock	$x_{1}$ is a lock/seal of/on/for sealing $x_{2}$ with/by locking mechanism $x_{3}$.
tere				
tera				
tero				
tagy				
tagu				
tage				
taga				
tago				
tani				
tany	tsani	tan	sky	$nは空 (大氣)
tanu	tanko		tobacco	$x_{1}$ is a quantity of tobacco [leaf] of species/strain $x_{2}$.
tane	tamne		cousin	$x_{1}$ is cousin to $x_{2}$ by bond/tie $x_{3}$; [non-immediate family member, default same generation].
tana	tcana		station	$x_{1}$ is a station/node of/in/on transport/communication/distribution system/network $x_{2}$.
tano				
tanja				
tanjo	tanjo		tangent	$x_{1}$ is the trigonometric tangent of angle/arctangent $x_{2}$.
tanju				
tami				
tamy				
tamu	tamca		tomato	$x_{1}$ is a tomato [fruit/vegetable/plant] of species/strain $x_{2}$.
tame				
tama				
tamo				
tamja				
tamjo				
tamju				
taci				
tacy				
tacu	tagji	tag	snug	$x_{1}$ is snug/tight on $x_{2}$ in dimension/direction $x_{3}$ at locus $x_{4}$.
tace				
taca				
taco				
tacja				
tacjo				
tacju				
tadi				
tady				
tadu	tadni	tad	study	$x_{1}$ studies/is a student of $x_{2}$; $x_{1}$ is a scholar; (adjective:) $x_{1}$ is scholarly.
tade				
tada				
tado				
tabi	tarmi	tam tai	shape	$x_{1}$ [ideal] is the conceptual shape/form of object/abstraction/manifestation $x_{2}$ (object/abstract).
taby				
tabu	tarbi		embryo	$x_{1}$ is an embryo/zygote/fetus/fertilized egg with mother $x_{2}$, and father $x_{3}$.
tabe				
taba				
tabo	tabno	tab	carbon	$x_{1}$ is a quantity of/contains/is made of carbon/graphite/[diamond]/charcoal; $x_{1}$ is organic.
tabja				
tabjo				
tabju				
taki				
taky				
taku	taske		thirst	$x_{1}$ thirsts for $x_{2}$; $x_{1}$ needs/wants drink/fluid/lubrication $x_{2}$.
take	staku	tak	ceramic	$x_{1}$ is a quantity of/contains/is made of ceramic made by $x_{2}$, of composition $x_{3}$, in form/shape $x_{4}$.
taka				
tako				
takja				
takjo				
takju				
tati	trati		taut	$x_{1}$ is taut/tense/strained tight in direction $x_{2}$.
taty				
tatu	tatru	tat	breast	$nは胸
tate				
tata				
tato				
tapi				
tapy	stapa	tap	step	$x_{1}$ steps/treads on/in surface $x_{2}$ using limbs $x_{3}$.
tapu	tapla		tile	$x_{1}$ is a tile/cake [shape/form] of material $x_{2}$, shape $x_{3}$, thickness $x_{4}$.
tape				
tapa				
tapo				
tapja				
tapjo				
tapju				
taxy				
taxu	tanxe	tax ta'e	box	$x_{1}$ is a box/carton/trunk/crate for contents $x_{2}$, and made of material $x_{3}$.
taxe				
taxa				
taxo				
taši				
tašy				
tašu	tance	tac	tongue	$nは舌
taše				
taša	tcadu	tca	city	$x_{1}$ is a town/city of metropolitan area $x_{2}$, in political unit $x_{3}$, serving hinterland/region $x_{4}$.
tašo				
tasy	tansi	tas	pan	$x_{1}$ is a pan/basin/tub/sink, a shallow container for contents $x_{2}$, of material/properties $x_{3}$.
tasu	tanru	tau	phrase compound binary metaphor	$x_{1}$ is a binary metaphor formed with $x_{2}$ modifying $x_{3}$, giving meaning $x_{4}$ in usage/instance $x_{5}$.
tase				
tasa	tsali	tsa	strong	$x_{1}$ is strong/powerful/[tough] in property/quality $x_{2}$ (ka) by standard $x_{3}$.
taso				
tafi				
tafy				
tafu				
tafe				
tafa				
tafo				
tafja				
tafjo				
tafju				
tahy				
tahu	taxfu	taf ta'u	garment	$x_{1}$ is dress/a garment/clothing for wearing by $x_{2}$ (gender/species/body part) serving purpose $x_{3}$.
tahe	tatpi	ta'i	tired	$x_{1}$ is tired/fatigued by effort/situation $x_{2}$ (event); $x_{1}$ needs/wants rest.
taha	tavla	tav ta'a	talk	$nは$a (言語, 規約) で話す (交信する)
taho	tanbo	ta'o	board	$x_{1}$ is a board/plank [3-dimensional long flat rectangle] of material $x_{2}$.
taži				
tažy	tamji	taj	thumb	$x_{1}$ is a/the thumb/big toe [body-part] on limb $x_{2}$ of $x_{3}$; [metaphor based on relative shape].
tažu	tadji		method way	$x_{1}$ [process] is a method/technique/approach/means for doing $x_{2}$ (event) under conditions $x_{3}$.
taže				
taža				
tažo				
tazy				
tazu	talsa	tal	challenge	$x_{1}$ (person) challenges $x_{2}$ at/in property $x_{3}$.
taze				
taza				
tazo				
tavi				
tavy				
tavu				
tave				
tava				
tavo				
tavja				
tavjo				
tavju				
tari				
tary	tarla		tar	$x_{1}$ is a quantity of/contains/is made of tar/asphalt from source $x_{2}$.
taru	tabra		trumpet	$x_{1}$ is a horn/trumpet/trombone/bugle [brass-wind/lip-reed musical instrument].
tare				
tara	tarti	tra	behave	$x_{1}$ behaves/conducts oneself as/in-manner $x_{2}$ (event/property) under conditions $x_{3}$.
taro	tarci	tar	star	$x_{1}$ is a star/sun with stellar properties $x_{2}$.
togy				
togu				
toge				
toga				
togo				
toni				
tony				
tonu	torni	ton to'i	twist	$x_{1}$ twists under load/force/torsion $x_{2}$.
tone				
tona				
tono				
tonja				
tonjo				
tonju				
tomi				
tomy				
tomu				
tome				
toma				
tomo				
tomja				
tomjo				
tomju				
toci				
tocy				
tocu				
toce				
toca				
toco				
tocja				
tocjo				
tocju				
todi				
tody				
todu	toldi	tod	butterfly	$x_{1}$ is a butterfly/moth of species/breed $x_{2}$.
tode				
toda				
todo				
tobi				
toby				
tobu				
tobe				
toba				
tobo				
tobja				
tobjo				
tobju				
toki				
toky				
toku	toknu	tok	oven	$x_{1}$ is an oven [enclosure that heats its contents] for baking/heating/drying $x_{2}$.
toke				
toka				
toko				
tokja				
tokjo				
tokju				
toti				
toty				
totu				
tote				
tota				
toto				
topi				
topy				
topu				
tope				
topa				
topo				
topja				
topjo				
topju				
toxy				
toxu				
toxe				
toxa				
toxo				
toši				
tošy				
tošu	troci	toc toi	try attempt	$x_{1}$ tries/attempts/makes an effort to do/attain $x_{2}$ (event/state/property) by actions/method $x_{3}$.
toše				
toša				
tošo				
tosy				
tosu				
tose				
tosa				
toso				
tofi				
tofy				
tofu				
tofe				
tofa				
tofo				
tofja				
tofjo				
tofju				
tohy				
tohu	tordu	tor to'u	short	$nは短い
tohe				
toha	tonga	tog to'a	tone	$x_{1}$ is a tone/note of frequency/pitch $x_{2}$ from source $x_{3}$.
toho				
toži				
tožy				
tožu				
tože				
toža				
tožo				
tozy				
tozu				
toze				
toza				
tozo				
tovi				
tovy				
tovu				
tove				
tova				
tovo				
tovja				
tovjo				
tovju				
tori				
tory				
toru	turni	tru	govern	$x_{1}$ governs/rules/is ruler/governor/sovereign/reigns over people/territory/domain/subjects $x_{2}$.
tore				
tora				
toro				
pigy				
pigu				
pige				
piga				
pigo				
pini	pinji		penis clitoris	$nは陰莖 (陰核)
piny				
pinu	pinca		urine	$x_{1}$ is a/the urine/piss/pee of $x_{2}$.
pine				
pina	pinta	pin	horizontal level	$x_{1}$ is flat/level/horizontal in gravity/frame of reference $x_{2}$.
pino				
pinja				
pinjo				
pinju				
pimi				
pimy				
pimu				
pime				
pima				
pimo				
pimja				
pimjo				
pimju				
pici				
picy				
picu				
pice				
pica				
pico				
picja				
picjo				
picju				
pidi				
pidy				
pidu	pindi	pid	poor	$x_{1}$ is poor/indigent/impoverished/lacking in goods/possessions/property $x_{2}$.
pide				
pida				
pido				
pibi				
piby				
pibu	plibu	pib	pubic	$x_{1}$ is a/the pubic area/external genitalia [body-part] of $x_{2}$.
pibe				
piba				
pibo				
pibja				
pibjo				
pibju				
piki				
piky				
piku	pinka	pik	comment remark	$x_{1}$ (text) is a comment/remark/observation about subject $x_{2}$ expressed by $x_{3}$ to audience $x_{4}$.
pike				
pika				
piko				
pikja				
pikjo				
pikju				
piti				
pity	plita	pit	plane	$x_{1}$ is a plane [2-dimensional shape/form] defined by points $x_{2}$ (set); $x_{1}$ is flat/[smooth].
pitu	pikta		ticket	$x_{1}$ is a ticket entitling $x_{2}$ to entitlement/privilege $x_{3}$ (event/state) under conditions $x_{4}$.
pite				
pita				
pito				
pipi				
pipy				
pipu				
pipe				
pipa				
pipo				
pipja				
pipjo				
pipju				
pixy				
pixu	pinxe	pix	drink	$x_{1}$ (agent) drinks/imbibes beverage/drink/liquid refreshment $x_{2}$ from/out-of container/source $x_{3}$.
pixe				
pixa				
pixo				
piši				
pišy				
pišu	pikci		beg	$x_{1}$ begs/pleads/supplicates/entreats/implores/beseeches/prays [asks with humility] $x_{2}$ for $x_{3}$.
piše				
piša				
pišo	picti	pic	1E-12 trillionth	$x_{1}$ is a trillionth [$10^{-12}$] of $x_{2}$ in dimension/aspect $x_{3}$ (default is units).
pisy				
pisu	pinsi	pis	pencil	$x_{1}$ is a pencil/crayon/stylus applying lead/marking material $x_{2}$, frame/support [of material] $x_{3}$.
pise				
pisa				
piso				
pifi				
pify				
pifu	pinfu	pif	prisoner	$x_{1}$ is a prisoner/captive of $x_{2}$, restrained/held/confined by means/force $x_{3}$.
pife				
pifa				
pifo				
pifja				
pifjo				
pifju				
pihy				
pihu	pimlu	pim pi'u	feather	$x_{1}$ is a/the feather/plume(s)/plumage [body-part] of animal/species $x_{2}$.
pihe	plipe	pip pi'e	leap jump	$nは$aを跳躍する
piha	pilka	pil pi'a	crust	$x_{1}$ is a crust/rind/peel/skin/hide/outer cover of $x_{2}$.
piho	pipno	pi'o	piano	$x_{1}$ is a piano/harpsichord/synthesizer/organ; a keyboard musical instrument.
piži	pilji	pi'i	multiply	$x_{1}$ is the product/total/result of factors/multiplicands ($x_{2}$ and $x_{3}$) $x_{2}$ multiplied by $x_{3}$.
pižy				
pižu	pijne		pin	$x_{1}$ is a pin/peg (needle-shaped tool) for fastening to/piercing $x_{2}$, of material/properties $x_{3}$.
piže				
piža				
pižo	prije	pij	wise	$x_{1}$ is wise/sage about matter $x_{2}$ (abstraction) to observer $x_{3}$.
pizy				
pizu				
pize				
piza				
pizo				
pivi				
pivy				
pivu				
pive				
piva				
pivo				
pivja				
pivjo				
pivju				
piri	pritu		right	$nは$aの右に有る
piry				
piru	pixra	pir xra	picture	$x_{1}$ is a picture/illustration representing/showing $x_{2}$, made by artist $x_{3}$ in medium $x_{4}$.
pire				
pira				
piro				
pygy				
pygu				
pyge				
pyga				
pygo				
pyni				
pyny				
pynu				
pyne				
pyna				
pyno				
pynja				
pynjo				
pynju				
pymi				
pymy				
pymu				
pyme				
pyma				
pymo				
pymja				
pymjo				
pymju				
pyci				
pycy				
pycu				
pyce				
pyca				
pyco				
pycja				
pycjo				
pycju				
pydi				
pydy				
pydu				
pyde				
pyda				
pydo				
pybi				
pyby				
pybu				
pybe				
pyba				
pybo				
pybja				
pybjo				
pybju				
pyki				
pyky				
pyku				
pyke				
pyka				
pyko				
pykja				
pykjo				
pykju				
pyti				
pyty				
pytu				
pyte				
pyta				
pyto				
pypi				
pypy				
pypu				
pype				
pypa				
pypo				
pypja				
pypjo				
pypju				
pyxy				
pyxu				
pyxe				
pyxa				
pyxo				
pyši				
pyšy				
pyšu				
pyše				
pyša				
pyšo				
pysy				
pysu				
pyse				
pysa				
pyso				
pyfi				
pyfy				
pyfu				
pyfe				
pyfa				
pyfo				
pyfja				
pyfjo				
pyfju				
pyhy				
pyhu				
pyhe				
pyha				
pyho				
pyži				
pyžy				
pyžu				
pyže				
pyža				
pyžo				
pyzy				
pyzu				
pyze				
pyza				
pyzo				
pyvi				
pyvy				
pyvu				
pyve	pyve		heat	$nの熱量は$a
pyva				
pyvo				
pyvja				
pyvjo				
pyvju				
pyri				
pyry				
pyru	daplu	plu	island	$x_{1}$ is an island/atoll/key of [material/properties] $x_{2}$ in surroundings/body $x_{3}$; $x_{1}$ is insular.
pyre				
pyra				
pyro				
pugy				
pugu				
puge				
puga				
pugo				
puni				
puny				
punu	pruni	pun	elastic	(adjective:) $x_{1}$ is elastic/springy.
pune				
puna				
puno				
punja				
punjo				
punju				
pumi				
pumy				
pumu				
pume				
puma				
pumo				
pumja				
pumjo				
pumju				
puci				
pucy				
pucu				
puce				
puca				
puco				
pucja				
pucjo				
pucju				
pudi				
pudy				
pudu	purdi	pud	garden	$x_{1}$ is a garden/tended/cultivated field of family/community/farmer $x_{2}$ growing plants/crop $x_{3}$.
pude				
puda				
pudo				
pubi				
puby				
pubu				
pube				
puba				
pubo				
pubja				
pubjo				
pubju				
puki				
puky				
puku				
puke				
puka				
puko				
pukja				
pukjo				
pukju				
puti				
puty				
putu				
pute				
puta				
puto				
pupi				
pupy				
pupu				
pupe				
pupa				
pupo				
pupja				
pupjo				
pupju				
puxy				
puxu				
puxe				
puxa				
puxo				
puši				
pušy				
pušu				
puše				
puša				
pušo				
pusy				
pusu				
puse				
pusa				
puso				
pufi				
pufy				
pufu				
pufe				
pufa				
pufo				
pufja				
pufjo				
pufju				
puhy				
puhu	sputu	put pu'u	spit	$x_{1}$ spits/expectorates $x_{2}$ [predominantly liquid] from $x_{3}$ to/onto $x_{4}$.
puhe	pulce	puc pu'e	dust precipitate	$x_{1}$ is dust/precipitate [suspensible solid] from $x_{2}$ in medium/on surface $x_{3}$.
puha	pluka	puk pu'a	pleasant please	$x_{1}$ (event/state) seems pleasant to/pleases $x_{2}$ under conditions $x_{3}$.
puho	purmo	pum pu'o	powder	$x_{1}$ is a powder of material $x_{2}$.
puži	punji	puj pu'i	put place	$x_{1}$ (agent) puts/places/sets $x_{2}$ on/at surface/locus $x_{3}$.
pužy				
pužu	pulji		police	$x_{1}$ is a police officer/[enforcer/vigilante] enforcing law(s)/rule(s)/order $x_{2}$.
puže				
puža				
pužo				
puzy				
puzu	punli	pul	swelling	$x_{1}$ is a swelling/protrusion/convexity [shape/form] at/in/on $x_{2}$, of material $x_{3}$.
puze				
puza	cupra	pra	produce	$x_{1}$ produces $x_{2}$ [product] by process $x_{3}$.
puzo				
puvi				
puvy				
puvu				
puve				
puva				
puvo				
puvja				
puvjo				
puvju				
puri	plise		apple	$x_{1}$ is an apple [fruit] of species/strain $x_{2}$.
pury	purci	pur pru	past	$nは$aの過去に有る (時間方向で小さい)
puru	pulni		pulley	$x_{1}$ is a pulley [tool] for performing action/function $x_{2}$ rotating on axle $x_{3}$.
pure	prenu	pre	person people	$nは人間 (個人, 市民)
pura	plana		plump fat	$x_{1}$ is plump/fat/obese [excessively thick/bulbous/swollen] by standard $x_{2}$.
puro	polje	plo	fold	$x_{1}$ (force) folds/creases $x_{2}$ at locus/loci/forming crease(s)/bend(s) $x_{3}$.
pegy				
pegu				
pege				
pega				
pego				
peni				
peny				
penu	penmi	pen pe'i	meet	$x_{1}$ meets/encounters $x_{2}$ at/in location $x_{3}$.
pene				
pena				
peno				
penja				
penjo				
penju				
pemi				
pemy				
pemu	pemci	pem	poem	$x_{1}$ is a poem/verse about plot/theme/subject/pattern $x_{2}$ by author $x_{3}$ for intended audience $x_{4}$.
peme				
pema				
pemo				
pemja				
pemjo				
pemju				
peci				
pecy				
pecu				
pece				
peca				
peco				
pecja				
pecjo				
pecju				
pedi				
pedy				
pedu				
pede				
peda				
pedo				
pebi				
peby				
pebu	penbi	peb	pen	$x_{1}$ is a pen using ink $x_{2}$ applied by process $x_{3}$.
pebe				
peba				
pebo				
pebja				
pebjo				
pebju				
peki				
peky				
peku				
peke				
peka				
peko				
pekja				
pekjo				
pekju				
peti				
pety				
petu	petso	pet	1E15	$x_{1}$ is $10^{15}$ of $x_{2}$ in dimension/aspect $x_{3}$ (default is units).
pete				
peta				
peto				
pepi				
pepy				
pepu				
pepe				
pepa				
pepo				
pepja				
pepjo				
pepju				
pexy				
pexu	pesxu	pex	paste	$x_{1}$ is paste/pulp/dough/mash/mud/slurry [soft, smooth-textured, moist solid] of composition $x_{2}$.
pexe				
pexa				
pexo				
peši				
pešy				
pešu				
peše				
peša				
pešo				
pesy				
pesu	pensi	pes pei	think	$nは$aを考ふ (思ふ)
pese				
pesa				
peso				
pefi				
pefy				
pefu				
pefe				
pefa				
pefo				
pefja				
pefjo				
pefju				
pehy				
pehu	pencu	pec pe'u	touch	$nは$a (力) を觸覺する
pehe				
peha	preja	pej pe'a	spread	$x_{1}$ spreads/expands over/into $x_{2}$ from initial state $x_{3}$.
peho	pendo	ped pe'o	friend	$x_{1}$ is/acts as a friend of/to $x_{2}$ (experiencer); $x_{2}$ befriends $x_{1}$.
peži				
pežy				
pežu				
peže				
peža				
pežo				
pezy				
pezu	pezli	pez	leaf	$nは葉
peze				
peza				
pezo				
pevi				
pevy				
pevu				
peve				
peva				
pevo				
pevja				
pevjo				
pevju				
peri	prina	pri	print	$x_{1}$ is a print/impression/image on/in surface $x_{2}$ of/made by/using tool/press/implement/object $x_{3}$.
pery				
peru	pelxu	pel	yellow	$nは黃色を呈する
pere	pelji	ple	paper	$x_{1}$ is paper from source $x_{2}$.
pera	perli	per	pear	$x_{1}$ is a pear [fruit] of species/strain $x_{2}$.
pero				
pagy				
pagu				
page				
paga				
pago				
pani				
pany				
panu	panra		parallel	$x_{1}$ parallels $x_{2}$ differing only in property $x_{3}$ (ka; jo'u/fa'u term) by standard/geometry $x_{4}$.
pane	palne		tray	$x_{1}$ is a tray/platter/flat container [pan/sheet/griddle] of contents $x_{2}$, and made of material $x_{3}$.
pana				
pano	panci	pan	odor	$x_{1}$ is an odor/fragrance/scent/smell emitted by $x_{2}$ and detected by observer/sensor $x_{3}$.
panja				
panjo				
panju				
pami				
pamy				
pamu	pambe		pump	$x_{1}$ is a pump/injector [tool/apparatus] pumping/inserting fluid $x_{2}$ to $x_{3}$ from $x_{4}$ by means $x_{5}$.
pame				
pama				
pamo				
pamja				
pamjo				
pamju				
paci				
pacy				
pacu	pagbu	pag pau	part	$nは$a (全體) の部分
pace	prane	pa'e	perfect ideal	$x_{1}$ is perfect/ideal/archetypical/faultless/flawless/un-improvable in property/aspect $x_{2}$ (ka).
paca				
paco				
pacja				
pacjo				
pacju				
padi				
pady				
padu	pandi	pad	punctuate	$x_{1}$ (agent) punctuates $x_{2}$ (expression) with symbol/word $x_{3}$ with syntactic/semantic effect $x_{4}$.
pade				
pada				
pado				
pabi				
paby				
pabu	parbi	pab	ratio rate	$x_{1}$ (me'o, fraction) is a ratio/rate of $x_{2}$ (quantity) with respect to $x_{3}$ (quantity), [$x_{2}$:$x_{3}$].
pabe				
paba				
pabo				
pabja				
pabjo				
pabju				
paki				
paky	palku	pak	pants trousers	$x_{1}$ are pants/trousers/slacks/leggings [legged garment] of material $x_{2}$.
paku	panka		park	$x_{1}$ is a park/land reserve managed by community/polity/company $x_{2}$ for purpose $x_{3}$.
pake				
paka				
pako				
pakja				
pakjo				
pakju				
pati				
paty	pante	pat	protest	$x_{1}$ protests/objects to/complains about $x_{2}$ (event/state) to audience $x_{3}$ with action $x_{4}$.
patu	patlu		potato	$x_{1}$ is a potato [an edible tuber] of variety/cultivar $x_{2}$.
pate				
pata				
pato				
papi				
papy	panpi	pap	peace	$x_{1}$ is at peace with $x_{2}$.
papu	papri		page	$x_{1}$ is a [physical] page/leaf of book/document/bound mass of pages $x_{2}$.
pape				
papa				
papo				
papja				
papjo				
papju				
paxy				
paxu	patxu	pax	pot	$x_{1}$ is a pot/kettle/urn/tub/sink, a deep container for contents $x_{2}$, of material/properties $x_{3}$.
paxe				
paxa				
paxo				
paši				
pašy				
pašu	palci	pac	evil	$nは邪惡
paše				
paša				
pašo				
pasy				
pasu	pastu	pas	robe dress	$x_{1}$ is a robe/tunic/gown/cloak/dress/[coveralls] [a long/full body garment] of material $x_{2}$.
pase				
pasa				
paso				
pafi	pajni	pai	judge	$x_{1}$ judges/referees/arbitrates/is a judge determining/deciding matter $x_{2}$ (abstract).
pafy				
pafu				
pafe				
pafa				
pafo				
pafja				
pafjo				
pafju				
pahy				
pahu	patfu	paf pa'u	father	$x_{1}$ is a father of $x_{2}$; $x_{1}$ begets/sires/acts paternal towards $x_{2}$; [not necessarily biological].
pahe	prami	pam pa'i	love	$nは$aを愛する (を戀ふ)
paha	pacna	pa'a	wish	$x_{1}$ hopes/wishes for/desires $x_{2}$ (event), expected likelihood $x_{3}$ (0-1); $x_{1}$ hopes that $x_{2}$ happens.
paho	panlo	pa'o	slice	$x_{1}$ is a slice [thin flat portion] of $x_{2}$ (mass).
paži				
pažy				
pažu	panje		sponge	$x_{1}$ is a quantity of/contains/is made of sponge/porous material.
paže				
paža	spaji	paj	surprise	$nは$aに驚く (意外性=高)
pažo				
pazy				
pazu	cpare	par	climb	$x_{1}$ climbs/clambers/creeps/crawls on surface $x_{2}$ in direction $x_{3}$ using $x_{4}$ [limbs/tools].
paze				
paza				
pazo				
pavi				
pavy				
pavu	panzi	paz	offspring	$x_{1}$ is a [biological] offspring/child/kid/hybrid of parent(s) $x_{2}$; (adjective:) $x_{1}$ is filial.
pave				
pava				
pavo				
pavja				
pavjo				
pavju				
pari	pilno	pli	use	$nは$a (道具) を使ふ
pary				
paru	palta		plate	$nは器 (皿, 碗, 盆, 杯, 壺, 瓶, 罐)
pare	prali	pal	gain profit	$x_{1}$ is a profit/gain/benefit/advantage to $x_{2}$ accruing/resulting from activity/process $x_{3}$.
para	platu	pla	plan measure	$x_{1}$ (agent) plans/designs/plots plan/arrangement/plot/[schematic] $x_{2}$ for state/process $x_{3}$.
paro				
pogy				
pogu				
poge				
poga				
pogo				
poni				
pony				
ponu				
pone				
pona				
pono				
ponja				
ponjo				
ponju				
pomi				
pomy				
pomu				
pome				
poma				
pomo				
pomja				
pomjo				
pomju				
poci				
pocy				
pocu				
poce				
poca				
poco				
pocja				
pocjo				
pocju				
podi				
pody				
podu				
pode				
poda				
podo				
pobi				
poby				
pobu				
pobe				
poba				
pobo				
pobja				
pobjo				
pobju				
poki				
poky				
poku				
poke				
poka				
poko				
pokja				
pokjo				
pokju				
poti				
poty				
potu	porto	pot	Portuguese	$x_{1}$ reflects Portuguese culture/nationality/language in aspect $x_{2}$.
pote				
pota				
poto				
popi				
popy				
popu	porpi	pop po'i	break	$x_{1}$ breaks/fractures/shatters/[splits/splinters/cracks] into pieces $x_{2}$.
pope				
popa				
popo				
popja				
popjo				
popju				
poxy				
poxu				
poxe				
poxa				
poxo				
poši				
pošy				
pošu				
poše				
poša				
pošo				
posy				
posu				
pose				
posa				
poso				
pofi				
pofy				
pofu				
pofe				
pofa				
pofo				
pofja				
pofjo				
pofju				
pohy				
pohu	spofu	pof po'u	broken	$x_{1}$ is broken/inoperable/broken down/non-utile/not usable for function $x_{2}$.
pohe	ponse	pos po'e	possess	$nは$aを有する (保持する)
poha	spoja	poj po'a	explode	$x_{1}$ bursts/explodes/violently breaks up/decomposes/combusts into pieces/energy/fragments $x_{2}$.
poho	ponjo	pon po'o	Japanese	$x_{1}$ reflects Japanese culture/nationality/language in aspect $x_{2}$.
poži				
požy				
požu				
pože				
poža				
požo				
pozy				
pozu				
poze				
poza				
pozo				
povi				
povy				
povu				
pove				
pova				
povo				
povja				
povjo				
povju				
pori	plini		planet	$x_{1}$ is a planet revolving around $x_{2}$ with planetary characteristics $x_{3}$, orbital parameters $x_{4}$.
pory	polno	pol	Polynesian	$x_{1}$ reflects Polynesian/Oceanian (geographic region) culture/nationality/languages in aspect $x_{2}$.
poru	porsi	por poi	sequence	$x_{1}$ [ordered set] is sequenced/ordered/listed by comparison/rules $x_{2}$ on unordered set $x_{3}$.
pore				
pora				
poro				
pjagy				
pjagu				
pjage				
pjaga				
pjago				
pjani				
pjany				
pjanu				
pjane				
pjana				
pjano				
pjami	plasimi		plasm	$nは電漿
pjamy				
pjamu				
pjame				
pjama				
pjamo				
pjaci				
pjacy				
pjacu				
pjace				
pjaca				
pjaco				
pjadi				
pjady				
pjadu				
pjade				
pjada				
pjado				
pjabi				
pjaby				
pjabu				
pjabe				
pjaba				
pjabo				
pjaki				
pjaky				
pjaku				
pjake				
pjaka				
pjako				
pjati				
pjaty				
pjatu				
pjate				
pjata				
pjato				
pjapi				
pjapy				
pjapu				
pjape				
pjapa				
pjapo				
pjaxy				
pjaxu				
pjaxe				
pjaxa				
pjaxo				
pjaši				
pjašy				
pjašu				
pjaše				
pjaša				
pjašo				
pjasy				
pjasu				
pjase				
pjasa				
pjaso				
pjafi				
pjafy				
pjafu				
pjafe				
pjafa				
pjafo				
pjahy				
pjahu				
pjahe				
pjaha				
pjaho				
pjaži				
pjažy				
pjažu				
pjaže				
pjaža				
pjažo				
pjazy				
pjazu				
pjaze				
pjaza				
pjazo				
pjavi				
pjavy				
pjavu				
pjave				
pjava				
pjavo				
pjari				
pjary				
pjaru				
pjare				
pjara				
pjaro				
pjogy				
pjogu				
pjoge				
pjoga				
pjogo				
pjoni				
pjony				
pjonu				
pjone				
pjona				
pjono				
pjomi				
pjomy				
pjomu				
pjome				
pjoma				
pjomo				
pjoci				
pjocy				
pjocu				
pjoce				
pjoca				
pjoco				
pjodi				
pjody				
pjodu				
pjode				
pjoda				
pjodo				
pjobi				
pjoby				
pjobu				
pjobe				
pjoba				
pjobo				
pjoki				
pjoky				
pjoku				
pjoke				
pjoka				
pjoko				
pjoti				
pjoty				
pjotu				
pjote				
pjota				
pjoto				
pjopi				
pjopy				
pjopu				
pjope				
pjopa				
pjopo				
pjoxy				
pjoxu				
pjoxe				
pjoxa				
pjoxo				
pjoši				
pjošy				
pjošu	pjošu		spine	$nは脊椎
pjoše				
pjoša				
pjošo				
pjosy				
pjosu				
pjose				
pjosa				
pjoso				
pjofi				
pjofy				
pjofu				
pjofe				
pjofa				
pjofo				
pjohy				
pjohu				
pjohe				
pjoha				
pjoho				
pjoži				
pjožy				
pjožu				
pjože				
pjoža				
pjožo	pjožo		dull	$nは鈍い (彩度=低)
pjozy				
pjozu				
pjoze				
pjoza				
pjozo				
pjovi				
pjovy				
pjovu				
pjove				
pjova				
pjovo				
pjori				
pjory				
pjoru				
pjore				
pjora				
pjoro				
pjugy				
pjugu				
pjuge				
pjuga				
pjugo				
pjuni				
pjuny				
pjunu				
pjune				
pjuna				
pjuno				
pjumi				
pjumy				
pjumu				
pjume				
pjuma				
pjumo				
pjuci				
pjucy				
pjucu				
pjuce				
pjuca				
pjuco				
pjudi				
pjudy				
pjudu				
pjude				
pjuda				
pjudo				
pjubi				
pjuby				
pjubu				
pjube				
pjuba				
pjubo				
pjuki				
pjuky				
pjuku				
pjuke				
pjuka				
pjuko				
pjuti				
pjuty				
pjutu				
pjute				
pjuta				
pjuto				
pjupi				
pjupy				
pjupu				
pjupe				
pjupa				
pjupo				
pjuxy				
pjuxu				
pjuxe				
pjuxa				
pjuxo				
pjuši				
pjušy				
pjušu				
pjuše				
pjuša				
pjušo				
pjusy				
pjusu				
pjuse				
pjusa				
pjuso				
pjufi				
pjufy				
pjufu				
pjufe				
pjufa				
pjufo				
pjuhy				
pjuhu				
pjuhe				
pjuha				
pjuho				
pjuži				
pjužy				
pjužu				
pjuže				
pjuža				
pjužo				
pjuzy				
pjuzu				
pjuze				
pjuza				
pjuzo				
pjuvi				
pjuvy				
pjuvu				
pjuve				
pjuva				
pjuvo				
pjuri				
pjury				
pjuru				
pjure				
pjura				
pjuro				
xygy	xygy		gray	$nは無彩色を呈する (彩度=最低)
xygu				
xyge				
xyga				
xygo				
xyni				
xyny				
xynu				
xyne				
xyna				
xyno				
xynja				
xynjo				
xynju				
xymi				
xymy				
xymu				
xyme				
xyma				
xymo				
xymja				
xymjo				
xymju				
xyci				
xycy				
xycu				
xyce				
xyca				
xyco				
xycja				
xycjo				
xycju				
xydi				
xydy				
xydu				
xyde				
xyda				
xydo				
xybi				
xyby				
xybu				
xybe				
xyba				
xybo				
xybja				
xybjo				
xybju				
xyki				
xyky				
xyku				
xyke				
xyka				
xyko				
xykja				
xykjo				
xykju				
xyti				
xyty				
xytu				
xyte				
xyta				
xyto				
xypi				
xypy				
xypu				
xype				
xypa				
xypo				
xypja				
xypjo				
xypju				
xyxy				
xyxu				
xyxe				
xyxa				
xyxo				
xyši				
xyšy				
xyšu				
xyše				
xyša				
xyšo				
xysy				
xysu				
xyse				
xysa				
xyso				
xyfi				
xyfy				
xyfu				
xyfe				
xyfa				
xyfo				
xyfja				
xyfjo				
xyfju				
xyhy				
xyhu				
xyhe				
xyha				
xyho				
xyži				
xyžy				
xyžu				
xyže				
xyža				
xyžo				
xyzy				
xyzu				
xyze				
xyza				
xyzo				
xyvi				
xyvy				
xyvu				
xyve				
xyva				
xyvo				
xyvja				
xyvjo				
xyvju				
xyri				
xyry				
xyru	xlura	xlu	influence lead	$x_{1}$ (agent) influences/lures/tempts $x_{2}$ into action/state $x_{3}$ by influence/threat/lure $x_{4}$.
xyre				
xyra				
xyro				
xugy				
xugu				
xuge				
xuga				
xugo				
xuni				
xuny				
xunu				
xune				
xuna				
xuno				
xunja				
xunjo				
xunju				
xumi				
xumy				
xumu	xukmi	xum xu'i	chemical	$x_{1}$ is an instance of substance/chemical/drug $x_{2}$ (individual or mass) with purity $x_{3}$.
xume				
xuma				
xumo				
xumja				
xumjo				
xumju				
xuci				
xucy				
xucu				
xuce				
xuca	xuca		neglect	$nは$aを無視する (關心=0)
xuco				
xucja				
xucjo				
xucju				
xudi				
xudy				
xudu				
xude				
xuda				
xudo				
xubi				
xuby				
xubu	xruba	xub	buckwheat	$x_{1}$ is a quantity of buckwheat/rhubarb/sorrel grass of species/strain $x_{2}$.
xube				
xuba				
xubo				
xubja				
xubjo				
xubju				
xuki				
xuky				
xuku	xruki	xuk	turkey	$x_{1}$ is a turkey [food/bird] of species/breed $x_{2}$.
xuke				
xuka				
xuko				
xukja				
xukjo				
xukju				
xuti				
xuty				
xutu				
xute				
xuta				
xuto				
xupi				
xupy				
xupu				
xupe				
xupa				
xupo				
xupja				
xupjo				
xupju				
xuxy				
xuxu				
xuxe				
xuxa				
xuxo				
xuši				
xušy				
xušu				
xuše				
xuša				
xušo				
xusy				
xusu				
xuse				
xusa				
xuso				
xufi				
xufy				
xufu				
xufe				
xufa				
xufo				
xufja				
xufjo				
xufju				
xuhy				
xuhu				
xuhe	xunre	xun xu'e	red	$nは赤い
xuha	xusra	xus xu'a	assert claim	$x_{1}$ (agent) asserts/claims/declares $x_{2}$ (du'u) is true [can be used for epistemology of authority].
xuho	xurdo	xur xu'o	Urdu	$x_{1}$ reflects Urdu language/culture/nationality in aspect $x_{2}$.
xuži				
xužy				
xužu				
xuže				
xuža				
xužo				
xuzy				
xuzu	xruti	xru	return undo	$x_{1}$ (agent) returns $x_{2}$ to origin/earlier state $x_{3}$ from $x_{4}$; $x_{1}$ moves/gives $x_{2}$ back to $x_{3}$ from $x_{4}$.
xuze				
xuza				
xuzo				
xuvi				
xuvy				
xuvu				
xuve				
xuva				
xuvo				
xuvja				
xuvjo				
xuvju				
xuri	maxri	xri	wheat	$x_{1}$ is a quantity of wheat [grain] of species/strain $x_{2}$.
xury				
xuru	xutla	xul	smooth	$nは$aに對して滑らか
xure				
xura	xlali	xla	bad	$x_{1}$ is bad for $x_{2}$ by standard $x_{3}$; $x_{1}$ is poor/unacceptable to $x_{2}$.
xuro				
xegy				
xegu				
xege				
xega				
xego				
xeni				
xeny				
xenu	xindo	xin	Hindi	$x_{1}$ reflects Hindi language/culture/religion in aspect $x_{2}$.
xene				
xena				
xeno				
xenja				
xenjo				
xenju				
xemi				
xemy				
xemu	xinmo	xim	ink	$x_{1}$ is a quantity of ink of color/pigment $x_{2}$ used by writing device $x_{3}$.
xeme				
xema				
xemo				
xemja				
xemjo				
xemju				
xeci				
xecy				
xecu				
xece				
xeca				
xeco				
xecja				
xecjo				
xecju				
xedi				
xedy				
xedu	xendo	xed xe'o	kind	$x_{1}$ (person) is kind to $x_{2}$ in actions/behavior $x_{3}$.
xede				
xeda				
xedo				
xebi				
xeby				
xebu	xebro	xeb bro	Hebrew	$x_{1}$ reflects Hebrew/Jewish/Israeli culture/nationality/language in aspect $x_{2}$.
xebe				
xeba				
xebo				
xebja				
xebjo				
xebju				
xeki				
xeky				
xeku	xekri	xek xe'i	black	$nは黑い (明度=最低)
xeke				
xeka				
xeko				
xekja				
xekjo				
xekju				
xeti				
xety				
xetu	xecto	xet cto	100	$x_{1}$ is a hundred [100; $10^2$] of $x_{2}$ in dimension/aspect $x_{3}$ (default is units).
xete				
xeta				
xeto				
xepi				
xepy				
xepu	xispo	xip	Hispanic Latino	$x_{1}$ reflects Hispano-American culture/nationalities in aspect $x_{2}$.
xepe				
xepa				
xepo				
xepja				
xepjo				
xepju				
xexy				
xexu	xexso	xex	1E18 exa-	$x_{1}$ is $10^{18}$ of $x_{2}$ in dimension/aspect $x_{3}$ (default is units).
xexe				
xexa				
xexo				
xeši				
xešy				
xešu				
xeše				
xeša				
xešo				
xesy				
xesu	xelso	xes	Greek	$x_{1}$ reflects Greek/Hellenic culture/nationality/language in aspect $x_{2}$.
xese				
xesa				
xeso				
xefi				
xefy				
xefu				
xefe				
xefa				
xefo				
xefja				
xefjo				
xefju				
xehy				
xehu	xislu	xil xi'u	wheel	$x_{1}$ is a wheel [tool] of device/vehicle $x_{2}$, made of materials/having properties $x_{3}$.
xehe				
xeha	xirma	xir xi'a	horse	$nは馬 (馬屬)
xeho	xriso	xis xi'o	Christian	$x_{1}$ pertains to the Christian religion/culture/nationality in aspect $x_{2}$.
xeži	xebni	xen xei	hate	$nは$aを憎惡する
xežy				
xežu	xedja	xej xe'a	jaw	$x_{1}$ is a/the jaw [body-part] of $x_{2}$.
xeže				
xeža				
xežo				
xezy				
xezu				
xeze				
xeza				
xezo				
xevi				
xevy				
xevu				
xeve				
xeva				
xevo				
xevja				
xevjo				
xevju				
xeri				
xery				
xeru	xenru	xer xe'u	regret	$x_{1}$ regrets/rues (abstraction) $x_{2}$; $x_{1}$ is regretful/rueful/sorry/[remorseful] about $x_{2}$.
xere				
xera				
xero				
xagy				
xagu				
xage				
xaga				
xago				
xani				
xany				
xanu	xanto		elephant	$x_{1}$ is an elephant of species/breed $x_{2}$.
xane				
xana				
xano				
xanja				
xanjo				
xanju				
xami				
xamy				
xamu	xamgu	xag xau	fine good	$x_{1}$ (object/event) is good/beneficial/nice/[acceptable] for $x_{2}$ by standard $x_{3}$.
xame	xajmi	xam	funny	$x_{1}$ is funny/comical to $x_{2}$ in property/aspect $x_{3}$ (nu/ka); $x_{3}$ is what is funny about $x_{1}$ to $x_{2}$.
xama				
xamo				
xamja				
xamjo				
xamju				
xaci				
xacy				
xacu	xagri		reed	$x_{1}$ is a oboe/clarinet/saxophone [reed musical instrument] with reed $x_{2}$.
xace				
xaca				
xaco				
xacja				
xacjo				
xacju				
xadi				
xady				
xadu	xadni	xad	body	$nは肉體
xade				
xada				
xado				
xabi	xadba	xab	half	$x_{1}$ is exactly/approximately half/semi-/demi-/hemi- of $x_{2}$ by standard $x_{3}$.
xaby				
xabu	xalbo		levity	$x_{1}$ uses levity/is non-serious/frivolous about $x_{2}$ (abstraction).
xabe				
xaba				
xabo				
xabja				
xabjo				
xabju				
xaki				
xaky	xaksu	xak	use up spend	$x_{1}$ (event) uses up/depletes/consumes/[wastes] $x_{2}$ [resource].
xaku	xanka		nervous worry	$x_{1}$ is nervous/anxious about $x_{2}$ (abstraction) under conditions $x_{3}$.
xake				
xaka				
xako				
xakja				
xakjo				
xakju				
xati				
xaty				
xatu	xatsi	xat	1E-18	$x_{1}$ is $10^{-18}$ of $x_{2}$ in dimension/aspect $x_{3}$ (default is units).
xate				
xata				
xato				
xapi				
xapy				
xapu				
xape				
xapa				
xapo				
xapja				
xapjo				
xapju				
xaxy				
xaxu				
xaxe				
xaxa				
xaxo				
xaši				
xašy				
xašu	xarci	xac xa'i	weapon arm	$x_{1}$ is a weapon/arms for use against $x_{2}$ by $x_{3}$.
xaše				
xaša				
xašo				
xasy	xamsi	xas	sea	$nは海 (湖)
xasu	xasne		sweat	$x_{1}$ is a/the sweat/perspiration from body $x_{2}$, excreted by gland(s)/organs $x_{3}$.
xase				
xasa				
xaso				
xafi				
xafy				
xafu				
xafe				
xafa				
xafo				
xafja				
xafjo				
xafju				
xahy				
xahu	xabju	xa'u	dwell	$nは$a (家) に居住する
xahe	xance	xan xa'e	hand	$nは手
xaha	xatra	xa'a	letter	$x_{1}$ is a letter/missive/[note] to intended audience $x_{2}$ from author/originator $x_{3}$ with content $x_{4}$.
xaho	xampo	xap xa'o	ampere	$x_{1}$ is $x_{2}$ ampere(s) [metric unit] in current (default is 1) by standard $x_{3}$.
xaži	xrani	xai	injure	$nは$aを害する (傷附ける)
xažy				
xažu	xagji		be hungry	$x_{1}$ hungers for $x_{2}$; $x_{1}$ needs/wants food/fuel $x_{2}$.
xaže				
xaža	xarju	xaj	pig	$nは豚 (猪屬)
xažo				
xazy				
xazu	xazdo	xaz zdo	Asiatic	$x_{1}$ reflects Asiatic culture/nationality/geography in aspect $x_{2}$.
xaze				
xaza				
xazo				
xavi				
xavy				
xavu				
xave				
xava				
xavo				
xavja				
xavjo				
xavju				
xari	xalni		panic	$x_{1}$ (person) is panicked by crisis $x_{2}$ (event/state).
xary	xalka	xal	alcohol	$x_{1}$ is a quantity of/contains/is made of alcohol of type $x_{2}$ from source/process $x_{3}$.
xaru	xasli		donkey	$x_{1}$ is a donkey/jackass of species/breed $x_{2}$.
xare				
xara	xarnu		stubborn	$x_{1}$ is stubborn/willfully opposing/resisting $x_{2}$ about $x_{3}$ (event/state).
xaro	xanri	xar	imaginary	$x_{1}$ [concept] exists in the imagination of/is imagined by/is imaginary to $x_{2}$.
xogy				
xogu				
xoge				
xoga				
xogo				
xoni				
xony				
xonu				
xone				
xona				
xono				
xonja				
xonjo				
xonju				
xomi				
xomy				
xomu				
xome				
xoma				
xomo				
xomja				
xomjo				
xomju				
xoci				
xocy				
xocu				
xoce				
xoca				
xoco				
xocja				
xocjo				
xocju				
xodi				
xody				
xodu				
xode				
xoda				
xodo				
xobi				
xoby				
xobu				
xobe				
xoba				
xobo				
xobja				
xobjo				
xobju				
xoki				
xoky				
xoku				
xoke				
xoka				
xoko				
xokja				
xokjo				
xokju				
xoti				
xoty				
xotu				
xote				
xota				
xoto				
xopi				
xopy				
xopu				
xope				
xopa				
xopo				
xopja				
xopjo				
xopju				
xoxy				
xoxu				
xoxe				
xoxa				
xoxo				
xoši				
xošy				
xošu				
xoše				
xoša				
xošo				
xosy				
xosu				
xose				
xosa				
xoso				
xofi				
xofy				
xofu				
xofe				
xofa				
xofo				
xofja				
xofjo				
xofju				
xohy				
xohu				
xohe				
xoha				
xoho				
xoži				
xožy				
xožu				
xože				
xoža				
xožo				
xozy				
xozu				
xoze				
xoza				
xozo				
xovi				
xovy				
xovu				
xove				
xova				
xovo				
xovja				
xovjo				
xovju				
xori				
xory				
xoru	xotli	xol xoi	hotel	$x_{1}$ is a hotel/inn/hostel at location $x_{2}$ operated by $x_{3}$.
xore				
xora				
xoro				
šigy				
šigu				
šige				
šiga				
šigo				
šini				
šiny	cinse	cin	sexual	$x_{1}$ in activity/state $x_{2}$ exhibits sexuality/gender/sexual orientation $x_{3}$ (ka) by standard $x_{4}$.
šinu	cimni		infinite	$x_{1}$ is infinite/unending/eternal in property/dimension $x_{2}$, to degree $x_{3}$ (quantity)/of type $x_{3}$.
šine				
šina	cinta		paint	$x_{1}$ [material] is a paint of pigment/active substance $x_{2}$, in a base of $x_{3}$.
šino				
šinja				
šinjo				
šinju				
šimi				
šimy				
šimu	cilmo	cim	moist wet	$nは濕る (潤う)
šime				
šima				
šimo				
šimja				
šimjo				
šimju				
šici				
šicy				
šicu	cigla	cig	gland	$x_{1}$ is a/the gland [body-part] secreting $x_{2}$, of body $x_{3}$; $x_{2}$ is a secretion of $x_{1}$.
šice				
šica				
šico				
šicja				
šicjo				
šicju				
šidi	cidni	cid	knee	$x_{1}$ is a/the knee/elbow/knuckle [hinged joint, body-part] of limb $x_{2}$ of body $x_{3}$.
šidy	cindu		oak	$x_{1}$ is an oak, a type of tree of species/strain $x_{2}$.
šidu	cimde		dimension	$x_{1}$ (property - ka) is a dimension of space/object $x_{2}$ according to rules/model $x_{3}$.
šide				
šida				
šido				
šibi				
šiby				
šibu	cinba		kiss	$x_{1}$ (agent) kisses/busses $x_{2}$ at locus $x_{3}$.
šibe				
šiba				
šibo				
šibja				
šibjo				
šibju				
šiki				
šiky				
šiku	cinki		insect	$x_{1}$ is an insect/arthropod of species $x_{2}$; [bug/beetle].
šike	cikre		repair	$x_{1}$ repairs/mends/fixes $x_{2}$ for use $x_{3}$.
šika				
šiko				
šikja				
šikjo				
šikju				
šiti	citka	cti	eat	$nは$a (食料) を食ふ
šity				
šitu	citsi		season	$nは$a (惑星) の季節
šite				
šita				
šito				
šipi	cipni	cpi	bird	$nは鳥 (鳥類)
šipy				
šipu	cipra	cip	test	$x_{1}$ (process/event) is a test for/proof of property/state $x_{2}$ in subject $x_{3}$ (individ./set/mass).
šipe				
šipa				
šipo				
šipja				
šipjo				
šipju				
šixy				
šixu	cikna	cik	awake	$nは起きる (意識=有)
šixe				
šixa				
šixo				
šiši				
šišy				
šišu	cicna		cyan	$x_{1}$ is cyan/turquoise/greenish-blue [color adjective].
šiše	cilce	cic	wild	(adjective:) $x_{1}$ is wild/untamed.
šiša				
šišo				
šisy				
šisu	cisma		smile	$nは笑む
šise	crisa	cis	summer	$nは$a (惑星) の夏 (最も暑い季節)
šisa				
šiso				
šifi	cfila	cfi	flaw	$x_{1}$ (property - ka) is a flaw/fault/defect in $x_{2}$ causing $x_{3}$.
šify				
šifu	cinfo		lion	$x_{1}$ is a lion/[lioness] of species/breed $x_{2}$.
šife				
šifa				
šifo				
šifja				
šifjo				
šifju				
šihy				
šihu	ckilu	ci'u	scale	$x_{1}$ (si'o) is a scale of units for measuring/observing/determining $x_{2}$ (state).
šihe	ciste	ci'e	system	$x_{1}$ (mass) is a system interrelated by structure $x_{2}$ among components $x_{3}$ (set) displaying $x_{4}$ (ka).
šiha	ciska	ci'a	write	$nはを$a (表現) を書く
šiho	citno	cit ci'o	young	$x_{1}$ is young/youthful [relatively short in elapsed duration] by standard $x_{2}$.
šiži	cinri	ci'i	interesting	$x_{1}$ (abstraction) interests/is interesting to $x_{2}$; $x_{2}$ is interested in $x_{1}$.
šižy				
šižu	cinje	cij	wrinkle	$x_{1}$ is a wrinkle/crease/fold [shape/form] in $x_{2}$.
šiže				
šiža				
šižo				
šizy				
šizu	cinza		pliers tongs	$nは箸 (鉗子)
šize				
šiza	cizra	ciz	strange	$x_{1}$ is strange/weird/deviant/bizarre/odd to $x_{2}$ in property $x_{3}$ (ka).
šizo				
šivi				
šivy	civla	civ	louse	$x_{1}$ is a louse/flea [blood-sucking arthropod] of species/breed $x_{2}$, parasitic on $x_{3}$.
šivu	cifnu	cif	infant baby	$x_{1}$ is an infant/baby [helpless through youth/incomplete development] of species $x_{2}$.
šive				
šiva				
šivo				
šivja				
šivjo				
šivju				
širi	critu		autumn	$nは$a (惑星) の秋 (冷える季節)
širy				
širu	cinla		thin	$nは薄い
šire	citri	cir	history	$x_{1}$ is a history of $x_{2}$ according to $x_{3}$ (person)/from point-of-view $x_{3}$.
šira	cirla		cheese	$x_{1}$ is a quantity of/contains cheese/curd from source $x_{2}$.
širo	cilta	cil	thread	$x_{1}$ is a thread/filament/wire [shape/form] of material $x_{2}$.
šygy				
šygu				
šyge				
šyga				
šygo				
šyni				
šyny				
šynu				
šyne				
šyna				
šyno				
šynja				
šynjo				
šynju				
šymi				
šymy				
šymu				
šyme				
šyma				
šymo				
šymja				
šymjo				
šymju				
šyci				
šycy				
šycu				
šyce				
šyca				
šyco				
šycja				
šycjo				
šycju				
šydi				
šydy				
šydu				
šyde				
šyda				
šydo				
šybi				
šyby				
šybu				
šybe				
šyba				
šybo				
šybja				
šybjo				
šybju				
šyki				
šyky				
šyku				
šyke				
šyka				
šyko				
šykja				
šykjo				
šykju				
šyti				
šyty				
šytu				
šyte				
šyta				
šyto				
šypi				
šypy				
šypu				
šype				
šypa				
šypo				
šypja				
šypjo				
šypju				
šyxy				
šyxu				
šyxe				
šyxa				
šyxo				
šyši				
šyšy				
šyšu				
šyše				
šyša				
šyšo				
šysy				
šysu				
šyse				
šysa				
šyso				
šyfi				
šyfy				
šyfu				
šyfe				
šyfa				
šyfo				
šyfja				
šyfjo				
šyfju				
šyhy				
šyhu				
šyhe				
šyha				
šyho				
šyži				
šyžy				
šyžu				
šyže				
šyža				
šyžo				
šyzy				
šyzu				
šyze				
šyza				
šyzo				
šyvi				
šyvy				
šyvu				
šyve				
šyva				
šyvo				
šyvja				
šyvjo				
šyvju				
šyri	cilre	cli	learn	$x_{1}$ learns $x_{2}$ (du'u) about subject $x_{3}$ from source $x_{4}$ (obj./event) by method $x_{5}$ (event/process).
šyry				
šyru	culno	clu	full	$nは$aに滿ちる
šyre				
šyra				
šyro				
šugy				
šugu				
šuge				
šuga				
šugo				
šuni	cinmo	cni	emotion feel	$nは$a (感情) を持つ
šuny				
šunu	macnu	cnu	manual	$x_{1}$ (event/action/process) is manual [not automatic] in function $x_{2}$ under conditions $x_{3}$.
šune	cenba	cne	vary	$x_{1}$ varies/changes in property/quantity $x_{2}$ (ka/ni) in amount/degree $x_{3}$ under conditions $x_{4}$.
šuna	canpa	cna	shovel	$x_{1}$ is a shovel/spade [bladed digging implement] for digging $x_{2}$.
šuno				
šunja				
šunjo				
šunju				
šumi				
šumy				
šumu	cunmi		millet	$x_{1}$ is a quantity of millet [grain] of species/strain $x_{2}$.
šume				
šuma	cmaci		mathematics	$x_{1}$ is a mathematics of type/describing $x_{2}$.
šumo	cmoni	cmo co'i	moan	$x_{1}$ utters moan/groan/howl/scream [non-linguistic utterance] $x_{2}$ expressing $x_{3}$ (property).
šumja				
šumjo				
šumju				
šuci				
šucy				
šucu				
šuce				
šuca				
šuco				
šucja				
šucjo				
šucju				
šudi				
šudy				
šudu				
šude				
šuda				
šudo				
šubi	šubi		maw	$nは胃
šuby				
šubu	jicmu	cmu	basic basis	$x_{1}$ is a basis/foundation/underlying or fundamental principle of $x_{2}$; $x_{1}$ is at the bottom of $x_{2}$.
šube				
šuba				
šubo				
šubja				
šubjo				
šubju				
šuki	ciksi	cki	explain	$x_{1}$ (person) explains $x_{2}$ (event/state/property) to $x_{3}$ with explanation $x_{4}$ (du'u).
šuky				
šuku	cukla	cuk	round	$x_{1}$ is round/circular [2-dimensional shape/form]; $x_{1}$ is a disk/circle/ring.
šuke				
šuka	ckabu		rubber	$x_{1}$ is a quantity of/contains/is made of rubber/latex from source $x_{2}$ of composition including $x_{3}$.
šuko	cokcu	cko	soak up	$x_{1}$ soaks up/absorbs/sucks up $x_{2}$ from $x_{3}$ into $x_{4}$; $x_{1}$ is an absorbant.
šukja				
šukjo				
šukju				
šuti	ctile		petroleum oil	$x_{1}$ is a quantity of petroleum/oil from source $x_{2}$.
šuty				
šutu	ctuca	ctu	teach	$x_{1}$ teaches audience $x_{2}$ ideas/methods/lore $x_{3}$ (du'u) about subject(s) $x_{4}$ by method $x_{5}$ (event).
šute	nicte	cte	night	$nは$a (惑星) の夜
šuta	ctaru		tide	$x_{1}$ is a tide [cyclical/periodic expansion] in $x_{2}$ caused by $x_{3}$.
šuto				
šupi	cpina		pungent	$x_{1}$ is pungent/piquant/peppery/spicy/irritating to sense $x_{2}$.
šupy				
šupu	clupa	cup	loop	$x_{1}$ is a loop/circuit of $x_{2}$ [material].
šupe	cpedu	cpe	ask request	$nはを$a (質問) を$dへ問ふ
šupa	cpana		upon	$x_{1}$ is upon/atop/resting on/lying on [the upper surface of] $x_{2}$ in frame of reference/gravity $x_{3}$.
šupo				
šupja				
šupjo				
šupju				
šuxy				
šuxu				
šuxe				
šuxa				
šuxo				
šuši				
šušy				
šušu	cutci	cuc	shoe	$x_{1}$ is a shoe/boot/sandal for covering/protecting [feet/hooves] $x_{2}$, and of material $x_{3}$.
šuše				
šuša				
šušo				
šusy				
šusu	cusku	cus sku	express mention	$nはを$a (表現) を言ふ
šuse				
šusa				
šuso				
šufi	cfine		wedge	$x_{1}$ is a wedge [shape/form/tool] of material $x_{2}$.
šufy				
šufu	ricfu	rif cfu	rich	$x_{1}$ is rich/wealthy in goods/possessions/property/aspect $x_{2}$.
šufe				
šufa	cfari	cfa	happen initiate	$nは存在する (起こる, 實現する, 實際である)
šufo				
šufja				
šufjo				
šufju				
šuhy				
šuhu	cuntu	cu'u	affair	$x_{1}$ is an affair/organized activity involving person(s) $x_{2}$ (ind./mass); $x_{1}$ is $x_{2}$'s business.
šuhe	ckule	kul cu'e	school	$x_{1}$ is school/institute/academy at $x_{2}$ teaching subject(s) $x_{3}$ to audience/community $x_{4}$ operated by $x_{5}$.
šuha	cuxna	cux cu'a	choose pick	$x_{1}$ chooses/selects $x_{2}$ [choice] from set/sequence of alternatives $x_{3}$ (complete set).
šuho	cunso	cun cu'o	random	$x_{1}$ is random/fortuitous/unpredictable under conditions $x_{2}$, with probability distribution $x_{3}$.
šuži	cumki	cum cu'i	possible	$x_{1}$ (event/state/property) is possible under conditions $x_{2}$; $x_{1}$ may/might occur; $x_{1}$ is a maybe.
šužy				
šužu				
šuže				
šuža				
šužo				
šuzy				
šuzu	curmi	cru	let permit	$x_{1}$ (agent) lets/permits/allows $x_{2}$ (event) under conditions $x_{3}$; $x_{1}$ grants privilege $x_{2}$.
šuze				
šuza				
šuzo				
šuvi				
šuvy				
šuvu	curve	cuv	pure	$x_{1}$ is pure/unadulterated/unmitigated/simple in property $x_{2}$ (ka).
šuve				
šuva				
šuvo				
šuvja				
šuvjo				
šuvju				
šuri	clika		mossy	$x_{1}$ is a moss/lichen of species/strain $x_{2}$ growing on $x_{3}$; (adjective:) $x_{1}$ is mossy.
šury	clani	cla	long	$nは長い (一次元方向に大きく他次元方向に小さい)
šuru	curnu	cur	worm	$x_{1}$ is a worm/invertebrate animal of species/breed $x_{2}$.
šure	certu	cre	expert competent	$x_{1}$ is an expert/pro/has prowess in/is skilled at $x_{2}$ (event/activity) by standard $x_{3}$.
šura	cradi		radio	$x_{1}$ broadcasts/transmits [using radio waves] $x_{2}$ via station/frequency $x_{3}$ to [radio] receiver $x_{4}$.
šuro	cumla	cul	humble	$x_{1}$ is humble/modest about $x_{2}$ (abstraction); $x_{1}$ displays humility about $x_{2}$.
šegy				
šegu				
šege				
šega				
šego				
šeni				
šeny				
šenu	centi	cen	.01	$x_{1}$ is a hundredth [1/100; $10^{-2}$] of $x_{2}$ in dimension/aspect $x_{3}$ (default is units).
šene				
šena				
šeno				
šenja				
šenjo				
šenju				
šemi				
šemy				
šemu				
šeme				
šema				
šemo				
šemja				
šemjo				
šemju				
šeci				
šecy				
šecu				
šece				
šeca				
šeco				
šecja				
šecjo				
šecju				
šedi				
šedy				
šedu	cedra		era	$x_{1}$ is an era/epoch/age characterized by $x_{2}$ (event/property/interval/idea).
šede				
šeda				
šedo	cerda	ced	heir	$x_{1}$ is an heir to/is to inherit $x_{2}$ (object/quality) from $x_{3}$ according to rule $x_{4}$.
šebi				
šeby				
šebu				
šebe				
šeba				
šebo				
šebja				
šebjo				
šebju				
šeki	šeki		_self	$nは この言語
šeky				
šeku	creka	cek	shirt	$x_{1}$ is a shirt/blouse/top [upper-body garment - not necessarily sleeved or buttoned], material $x_{2}$.
šeke				
šeka				
šeko				
šekja				
šekjo				
šekju				
šeti				
šety				
šetu				
šete				
šeta				
šeto				
šepi				
šepy				
šepu				
šepe				
šepa				
šepo				
šepja				
šepjo				
šepju				
šexy				
šexu				
šexe				
šexa				
šexo				
šeši				
šešy				
šešu				
šeše				
šeša				
šešo				
šesy				
šesu	censa	ces	holy	$x_{1}$ is holy/sacred to person/people/culture/religion/cult/group $x_{2}$.
šese				
šesa				
šeso				
šefi				
šefy				
šefu				
šefe				
šefa				
šefo				
šefja				
šefjo				
šefju				
šehy				
šehu	cecmu	cem ce'u	community	$x_{1}$ is a community/colony of organisms $x_{2}$.
šehe				
šeha	cecla	cel ce'a	launcher	$x_{1}$ launches/fires/shoots projectile/missile $x_{2}$, propelled by $x_{3}$ [propellant/propulsion].
šeho				
šeži				
šežy				
šežu				
šeže				
šeža				
šežo				
šezy				
šezu				
šeze				
šeza				
šezo				
ševi				
ševy				
ševu	cevni	cev cei	god	$x_{1}$ is a/the god/deity of people(s)/religion $x_{2}$ with dominion over $x_{3}$ [sphere]; $x_{1}$ is divine.
ševe				
ševa				
ševo				
ševja				
ševjo				
ševju				
šeri				
šery				
šeru	cerni	cer	morning	$x_{1}$ is a morning [dawn until after typical start-of-work for locale] of day $x_{2}$ at location $x_{3}$.
šere				
šera				
šero				
šagy				
šagu				
šage				
šaga				
šago				
šani				
šany				
šanu	canti		gut intestines	$nは內臟
šane	canre	can	sand	$x_{1}$ is a quantity of/contains/is made of sand/grit from source $x_{2}$ of composition including $x_{3}$.
šana				
šano				
šanja				
šanjo				
šanju				
šami				
šamy				
šamu	carmi	cam cai	intense	$nは明るい (明度=高)
šame				
šama	cmalu	cma	small	$nは小さい
šamo				
šamja				
šamjo				
šamju				
šaci				
šacy				
šacu	cange	cag	farm	$x_{1}$ is a farm/ranch at $x_{2}$, farmed by $x_{3}$, raising/producing $x_{4}$; (adjective:) $x_{1}$ is agrarian.
šace				
šaca				
šaco				
šacja				
šacjo				
šacju				
šadi				
šady				
šadu	cando	cad	idle	$x_{1}$ is idle/at rest/inactive.
šade				
šada				
šado				
šabi				
šaby				
šabu	cabna	cab	concurrent now	$x_{1}$ is current at/in the present of/during/concurrent/simultaneous with $x_{2}$ in time.
šabe				
šaba				
šabo				
šabja				
šabjo				
šabju				
šaki	calku	cak	shell	$x_{1}$ is a shell/husk [hard, protective covering] around $x_{2}$ composed of $x_{3}$.
šaky				
šaku	cakla		chocolate	$x_{1}$ is made of/contains/is a quantity of chocolate/cocoa.
šake				
šaka	ckana	cka	bed	$x_{1}$ is a bed/pallet of material $x_{2}$ for holding/supporting $x_{3}$ (person/object/event).
šako				
šakja				
šakjo				
šakju				
šati				
šaty				
šatu	catra		kill murder	$x_{1}$ (agent) kills/slaughters/murders $x_{2}$ by action/method $x_{3}$.
šate				
šata	catlu	cta	look	$x_{1}$ looks at/examines/views/inspects/regards/watches/gazes at $x_{2}$.
šato	cartu	cat	chart	$x_{1}$ is a chart/diagram/map of/about $x_{2}$ showing formation/data-points $x_{3}$.
šapi				
šapy				
šapu	ckape	cap	peril	$x_{1}$ is perilous/dangerous/potentially harmful to $x_{2}$ under conditions $x_{3}$.
šape				
šapa	cpacu	cpa	get	$x_{1}$ gets/procures/acquires/obtains/accepts $x_{2}$ from source $x_{3}$ [previous possessor not implied].
šapo				
šapja				
šapjo				
šapju				
šaxy				
šaxu	caxno	cax	shallow	$x_{1}$ is shallow in extent in direction/property $x_{2}$ away from reference point $x_{3}$ by standard $x_{4}$.
šaxe	catke	ca'e	push shove	$x_{1}$ [agent] shoves/pushes $x_{2}$ at locus $x_{3}$.
šaxa				
šaxo				
šaši	canci		vanish	$x_{1}$ vanishes/disappears from location $x_{2}$; $x_{1}$ ceases to be observed at $x_{2}$ using senses/sensor $x_{3}$.
šašy				
šašu	cacra		hour	$x_{1}$ is $x_{2}$ hours in duration (default is 1 hour) by standard $x_{3}$.
šaše	carce		cart	$x_{1}$ is a cart/carriage/wagon [wheeled vehicle] for carrying $x_{2}$, propelled by $x_{3}$.
šaša				
šašo	tcaci	cac	custom	$x_{1}$ is a custom/habit/[ritual/rut] of $x_{2}$ under conditions $x_{3}$.
šasy				
šasu	ckasu	cas	ridicule	$x_{1}$ ridicules/mocks/scoffs at $x_{2}$ about $x_{3}$ (property/event) by doing activity $x_{4}$ (event).
šase				
šasa				
šaso				
šafi				
šafy				
šafu	cafne	caf	frequent often	$x_{1}$ (event) often/frequently/commonly/customarily occurs/recurs by standard $x_{2}$.
šafe				
šafa				
šafo				
šafja				
šafjo				
šafju				
šahy				
šahu	canlu	cal ca'u	space	$nは3次元物理的空間
šahe	catni	ca'i	authority	$x_{1}$ has authority/is an official in/on/over matter/sphere/persons $x_{2}$ derived on basis $x_{3}$.
šaha	cabra	ca'a	apparatus	$x_{1}$ is apparatus/mechanism/device/equipment for function $x_{2}$ controlled/[triggered] by $x_{3}$ (agent).
šaho	canko	ca'o	window	$x_{1}$ is a window/portal/opening [portal] in wall/building/structure $x_{2}$.
šaži				
šažy				
šažu	canja	caj	exchange trade	$x_{1}$ exchanges/trades/barters commodity $x_{2}$ for $x_{3}$ with $x_{4}$; $x_{1}$, $x_{4}$ is a trader/merchant/businessman.
šaže				
šaža				
šažo				
šazy				
šazu	carna	car	turn	$nは$a (中心, 軸) を回る
šaze				
šaza				
šazo				
šavi				
šavy				
šavu	carvi	cav	rain	$nは雨
šave				
šava				
šavo				
šavja				
šavjo				
šavju				
šari				
šary				
šaru	claxu	cau	without lack	$x_{1}$ is without/lacking/free of/lacks $x_{2}$; $x_{1}$ is $x_{2}$-less.
šare				
šara	crane	cra	front	$nは$aの前 (進行方向) に有る
šaro				
šogy				
šogu				
šoge				
šoga				
šogo				
šoni				
šony				
šonu	condi	con cno coi	deep	$x_{1}$ is deep in extent in direction/property $x_{2}$ away from reference point $x_{3}$ by standard $x_{4}$.
šone				
šona				
šono				
šonja				
šonjo				
šonju				
šomi				
šomy				
šomu				
šome				
šoma				
šomo				
šomja				
šomjo				
šomju				
šoci				
šocy				
šocu				
šoce				
šoca				
šoco				
šocja				
šocjo				
šocju				
šodi				
šody				
šodu				
šode				
šoda				
šodo				
šobi				
šoby				
šobu				
šobe				
šoba				
šobo				
šobja				
šobjo				
šobju				
šoki				
šoky				
šoku	cukta	cku	book	$nは本 (卷, 册)
šoke				
šoka				
šoko				
šokja				
šokjo				
šokju				
šoti				
šoty				
šotu	cutne	cut	chest	$x_{1}$ is a/the chest/thorax/upper trunk/[rib cage/breast] [body-part] of $x_{2}$.
šote				
šota				
šoto				
šopi				
šopy				
šopu				
šope				
šopa				
šopo				
šopja				
šopjo				
šopju				
šoxy				
šoxu				
šoxe				
šoxa				
šoxo				
šoši				
šošy				
šošu				
šoše				
šoša				
šošo				
šosy				
šosu				
šose				
šosa				
šoso				
šofi				
šofy				
šofu				
šofe				
šofa				
šofo				
šofja	šofja		lead	$nは$aを導く
šofjo				
šofju				
šohy				
šohu				
šohe				
šoha				
šoho				
šoži				
šožy				
šožu				
šože				
šoža				
šožo				
šozy				
šozu				
šoze				
šoza				
šozo				
šovi				
šovy				
šovu				
šove				
šova				
šovo				
šovja				
šovjo				
šovju				
šori	cirko	cri	lose	$x_{1}$ loses person/thing $x_{2}$ at/near $x_{3}$; $x_{1}$ loses property/feature $x_{2}$ in conditions/situation $x_{3}$.
šory				
šoru	cortu	cor cro	pain	$nは$a (力) に痛む
šore				
šora				
šoro				
sygy				
sygu				
syge				
syga				
sygo				
syni				
syny				
synu				
syne				
syna				
syno				
synja				
synjo				
synju				
symi				
symy				
symu				
syme				
syma				
symo				
symja				
symjo				
symju				
syci				
sycy				
sycu				
syce				
syca				
syco				
sycja				
sycjo				
sycju				
sydi				
sydy				
sydu				
syde				
syda				
sydo				
sybi				
syby				
sybu				
sybe				
syba				
sybo				
sybja				
sybjo				
sybju				
syki				
syky				
syku				
syke				
syka				
syko				
sykja				
sykjo				
sykju				
syti				
syty				
sytu				
syte				
syta				
syto				
sypi				
sypy				
sypu				
sype				
sypa				
sypo				
sypja				
sypjo				
sypju				
syxy				
syxu				
syxe				
syxa				
syxo				
syši				
syšy				
syšu				
syše				
syša				
syšo				
sysy				
sysu				
syse				
sysa				
syso				
syfi				
syfy				
syfu				
syfe				
syfa				
syfo				
syfja				
syfjo				
syfju				
syhy				
syhu				
syhe				
syha				
syho				
syži				
syžy				
syžu				
syže				
syža				
syžo				
syzy				
syzu				
syze				
syza				
syzo				
syvi				
syvy				
syvu				
syve				
syva				
syvo				
syvja				
syvjo				
syvju				
syri	slilu	sli	oscillate	$x_{1}$ oscillates at rate/frequency $x_{2}$ through set/sequence-of-states $x_{3}$ (complete specification).
syry				
syru	sluji	slu	muscle	$x_{1}$ is a/the muscle [body-part] controlling $x_{2}$, of body $x_{3}$; [metaphor: tools of physical power].
syre				
syra	salci	sla	celebrate	$x_{1}$ celebrates/recognizes/honors $x_{2}$ (event/abstract) with activity/[party] $x_{3}$.
syro				
sugy				
sugu				
suge				
suga				
sugo				
suni	sluni		onion	$x_{1}$ is a quantity of/contains onions/scallions of type/cultivar $x_{2}$.
suny	stuna	sun	east	$nは$aの東 (自轉方向) に有る
sunu	casnu	snu	discuss converse	$x_{1}$(s) (mass normally, but 1 individual/jo'u possible) discuss(es)/talk(s) about topic/subject $x_{2}$.
sune	senva	sev sne	dream	$nは$aを夢見る
suna	sance	sna	sound	$nは音
suno	masno	sno	slow	$nは遲い
sunja				
sunjo				
sunju				
sumi	simsa	smi	similar	$x_{1}$ is similar/parallel to $x_{2}$ in property/quantity $x_{3}$ (ka/ni); $x_{1}$ looks/appears like $x_{2}$.
sumy				
sumu	sumne		smell	$nは$a (化學物質) を嗅ぐ
sume	semto	sme	Semitic	$x_{1}$ reflects Semitic [metaphor: Middle-Eastern] language/culture/nationality in aspect $x_{2}$.
suma	smani		monkey	$x_{1}$ is a monkey/ape/simian/baboon/chimpanzee of species/breed $x_{2}$.
sumo	smoka	smo	sock	$x_{1}$ is a sock/stocking [flexible foot and lower leg garment] of material $x_{2}$.
sumja				
sumjo				
sumju				
suci	sumti	sum su'i	argument	$x_{1}$ is a/the argument of predicate/function $x_{2}$ filling place $x_{3}$ (kind/number).
sucy				
sucu	sunga	sug	garlic	$x_{1}$ is a quantity of garlic [bulb] of species/strain $x_{2}$.
suce				
suca				
suco				
sucja				
sucjo				
sucju				
sudi				
sudy				
sudu	sudga	sud	dry	$nは乾く
sude				
suda	stali	sta	remain	$nは$a (地點, 時點) に有る (存在する)
sudo				
subi				
suby				
subu				
sube				
suba				
subo				
subja				
subjo				
subju				
suki	skicu	ski	describe	$x_{1}$ tells about/describes $x_{2}$ (object/event/state) to audience $x_{3}$ with description $x_{4}$ (property).
suky				
suku	suksa	suk	sudden	$x_{1}$ (event/state) is sudden/sharply changes at stage/point $x_{2}$ in process/property/function $x_{3}$.
suke	saske	ske	science lore	$x_{1}$ (mass of facts) is science of/about subject matter $x_{2}$ based on methodology $x_{3}$.
suka	skaci		skirt	$x_{1}$ is a skirt/kilt/dress of material $x_{2}$; $x_{1}$ is skirted [garment open at the bottom; not legged].
suko	skori	sko	cord rope	$nは紐 (繩, 糸)
sukja				
sukjo				
sukju				
suti	sisti	sti	cease end	$nは止まる (停止する, 靜的)
suty	sutra	sut	fast quick	$nは速い
sutu	stuzi	tuz stu	site place	$x_{1}$ is an inherent/inalienable site/place/position/situation/spot/location of $x_{2}$ (object/event).
sute	liste	ste	list	$x_{1}$ (physical object) is a list/catalog/register of sequence/set $x_{2}$ in order $x_{3}$ in medium $x_{4}$.
suta	stati		talent	$x_{1}$ has a talent/aptitude/innate skill for doing/being $x_{2}$.
suto	stodi	sto	constant	$x_{1}$ is constant/invariant/unchanging in property $x_{2}$ (ka) in response to stimulus/conditions $x_{3}$.
supi	spita		hospital	$x_{1}$ is a hospital treating patient(s) $x_{2}$ for condition/injuries/disease/illness $x_{3}$.
supy				
supu	spuda	spu	reply	$x_{1}$ answers/replies to/responds to person/object/event/situation/stimulus $x_{2}$ with response $x_{3}$.
supe	speni	spe	married spouse	$x_{1}$ is married to $x_{2}$; $x_{1}$ is a spouse of $x_{2}$ under law/custom/tradition/system/convention $x_{3}$.
supa	spali		polish	$x_{1}$ (agent) polishes object/surface $x_{2}$ with polish $x_{3}$, applied using tool $x_{4}$.
supo	daspo	spo	destroy	$x_{1}$ (event) destroys/ruins/wrecks/despoils $x_{2}$; $x_{1}$ is destructive.
supja				
supjo				
supju				
suxy				
suxu				
suxe				
suxa				
suxo				
suši				
sušy				
sušu	sucta	suc	abstract	$x_{1}$ (si'o) is abstracted/generalized/idealized from $x_{2}$ [something concrete] by rules $x_{3}$.
suše				
suša				
sušo				
susy				
susu				
suse				
susa				
suso				
sufi				
sufy				
sufu	sufti	sfu	hoof	$x_{1}$ is a/the hoof [body-part] of $x_{2}$.
sufe	sefta	sfe	surface	$x_{1}$ is surface/face [bounded shape/form] of [higher-dimension] object $x_{2}$, on side $x_{3}$, edges $x_{4}$.
sufa	sfani		fly	$x_{1}$ is a fly [a small non-stinging flying insect] of species/breed $x_{2}$.
sufo	sfofa	sfo	sofa	$x_{1}$ is a sofa/couch (noun).
sufja				
sufjo				
sufju				
suhy				
suhu	sfubu	sub su'u	dive	$x_{1}$ dives/swoops [manner of controlled falling] to $x_{2}$ from $x_{3}$.
suhe				
suha	stura	tur su'a	structure	$x_{1}$ is a structure/arrangement/organization of $x_{2}$ [set/system/complexity].
suho				
suži				
sužy				
sužu	sumji	suj	sum total	$x_{1}$ is a mathematical sum/result/total of $x_{2}$ plus/increased by $x_{3}$.
suže				
suža				
sužo				
suzy				
suzu	sunla	sul	wool	$x_{1}$ is a quantity of/made from/consists of wool [tight curly hair] from animal/species/source $x_{2}$.
suze				
suza				
suzo				
suvi				
suvy				
suvu				
suve				
suva				
suvo				
suvja				
suvjo				
suvju				
suri	sliri		sulfur	$x_{1}$ is a quantity of/contains/is made of sulfur/brimstone (S); [metaphor: foul odor, volcanic].
sury	surla	sur	relax rest	$x_{1}$ relaxes/rests/is at ease in/by doing/being $x_{2}$ (activity).
suru	sruri	rur sru	surround	$x_{1}$ encircles/encloses/is surrounding $x_{2}$ in direction(s)/dimension(s)/plane $x_{3}$.
sure	selci	sle	cell	$x_{1}$ is a cell/atom/unit/molecule of $x_{2}$; $x_{1}$ is an indivisible, most basic subunit of $x_{2}$.
sura	slami		acid	$x_{1}$ is a quantity of/contains/is made of acid of composition $x_{2}$; (adjective:) $x_{1}$ is acidic.
suro	solji	slo	gold golden	$x_{1}$ is a quantity of/contains/is made of gold (Au); [metaphor: valuable, heavy, non-reactive].
segy				
segu				
sege				
sega				
sego				
seni	senpi	sen	doubt	$nは$aを疑ふ
seny				
senu	silna		salt	$x_{1}$ is a portion/quantity of salt from source $x_{2}$, of composition including $x_{3}$.
sene				
sena				
seno				
senja				
senjo				
senju				
semi	sepli	sep sei	apart spaced	$x_{1}$ is apart/separate from $x_{2}$, separated by partition/wall/gap/interval/separating medium $x_{3}$.
semy				
semu				
seme				
sema	smaji	sma	quiet	$x_{1}$ (source) is quiet/silent/[still] at observation point $x_{2}$ by standard $x_{3}$.
semo				
semja				
semjo				
semju				
seci				
secy				
secu	sigja	sig	cigar	$x_{1}$ is a cigar/cigarette/cigarillo made from tobacco/smokable substance $x_{2}$ by $x_{3}$.
sece				
seca				
seco				
secja				
secjo				
secju				
sedi				
sedy				
sedu	stedu	sed	head	$nは頭
sede				
seda				
sedo				
sebi				
seby				
sebu	steba	seb	frustration	$x_{1}$ feels frustration about $x_{2}$ (abstraction).
sebe				
seba				
sebo				
sebja				
sebjo				
sebju				
seki				
seky				
seku	silka	sik	silk	$x_{1}$ is a quantity of/contains/is made of silk produced by $x_{2}$.
seke				
seka				
seko				
sekja				
sekjo				
sekju				
seti				
sety				
setu	sitna	sit	cite refer	$x_{1}$ cites/quotes/refers to/makes reference to source $x_{2}$ for information/statement $x_{3}$ (du'u).
sete	senta	set	layer	$x_{1}$ is a layer/stratum [shape/form] of $x_{2}$ [material] within structure/continuum/composite $x_{3}$.
seta				
seto				
sepi				
sepy				
sepu	sipna	sip	sleep	$nは眠る (意識=0)
sepe				
sepa				
sepo				
sepja				
sepjo				
sepju				
sexy				
sexu	sirxo	six	Syrian	$x_{1}$ reflects Syrian culture/nationality in aspect $x_{2}$.
sexe				
sexa				
sexo				
seši				
sešy				
sešu	since		snake	$nは蛇 (蛇亞目)
seše				
seša				
sešo	senci	sec	sneeze	$x_{1}$ sneezes (intransitive verb).
sesy				
sesu	sinso		sine	$x_{1}$ is the trigonometric sine of angle/arcsine $x_{2}$.
sese				
sesa				
seso				
sefi				
sefy				
sefu	selfu	sef se'u	serve	$x_{1}$ (agent) serves $x_{2}$ with service $x_{3}$ (activity); $x_{1}$ is a servant (noun) of $x_{2}$ performing $x_{3}$.
sefe				
sefa				
sefo				
sefja				
sefjo				
sefju				
sehy	setca	se'a	insert	$x_{1}$ (agent) inserts/interposes/puts/deposits $x_{2}$ into interior $x_{3}$/into among/between members of $x_{3}$.
sehu	simxu	sim si'u	mutual	$x_{1}$ (set) has members who mutually/reciprocally $x_{2}$ (event [$x_{1}$ should be reflexive in 1+ sumti]).
sehe	snime	si'e	snow	$nは雪
seha	sinma	si'a	esteem respect	$nは$aを敬ふ
seho	sidbo	sib si'o	idea	$x_{1}$ (idea abstract) is an idea/concept/thought about $x_{2}$ (object/abstract) by thinker $x_{3}$.
seži	sicni	si'i	coin	$x_{1}$ is a coin/token/is specie issued by $x_{2}$ having value $x_{3}$ of composition including $x_{4}$.
sežy				
sežu	skiji	sij	ski	$x_{1}$ is a ski/skid/skate/runner for surface (of material) $x_{2}$ supporting skier/skater/sled/cargo $x_{3}$.
seže				
seža				
sežo				
sezy				
sezu	sevzi	sez se'i	self	$nは己
seze				
seza				
sezo				
sevi				
sevy				
sevu	sivni	siv	private	$x_{1}$ is private/personal/privy/[secret/confidential/confined] to $x_{2}$; $x_{1}$ is not-public/hidden.
seve				
seva				
sevo				
sevja				
sevjo				
sevju				
seri	srito		Sanskrit	$x_{1}$ reflects Sanskrit language/Sanskritic/Vedic culture/nationality in aspect $x_{2}$.
sery	serti	ser	stairs	$x_{1}$ are stairs/stairway/steps for climbing structure $x_{2}$ with steps $x_{3}$.
seru	sirji	sir	straight	$x_{1}$ is straight/direct/line segment/interval between $x_{2}$ and $x_{3}$; (adjective:) $x_{1}$ is linear.
sere	srera	sre	err	$x_{1}$ errs in doing/being/making mistake $x_{2}$ (event), an error under conditions $x_{3}$ by standard $x_{4}$.
sera	sarji	sra	support	$x_{1}$ supports/holds up/is underpinning of/[helps] $x_{2}$ against force/opposition $x_{3}$ with/by means $x_{4}$.
sero				
sagy				
sagu				
sage				
saga				
sago				
sani	stani		stalk stem	$nは胴 (幹, 莖)
sany				
sanu	santa		umbrella	$x_{1}$ is an umbrella/parasol shielding $x_{2}$ from $x_{3}$, made of material $x_{4}$, supported by $x_{5}$.
sane				
sana				
sano	spano	san	Spanish	$x_{1}$ reflects Spanish-speaking culture/nationality/language in aspect $x_{2}$.
sanja				
sanjo				
sanju				
sami				
samy				
samu	samcu		cassava	$x_{1}$ is a quantity of cassava/taro/manioc/tapioca/yam [edible starchy root] of species/strain $x_{2}$.
same				
sama	smacu		mouse	$x_{1}$ is a mouse of species/breed $x_{2}$.
samo	skami	sam	computer	$x_{1}$ is a computer for purpose $x_{2}$.
samja				
samjo				
samju				
saci	stagi		vegetable	$x_{1}$ is the edible $x_{2}$ portion of plant $x_{3}$; $x_{1}$ is a vegetable.
sacy				
sacu				
sace				
saca				
saco				
sacja				
sacjo				
sacju				
sadi	smadi		guess	$x_{1}$ guesses/conjectures/surmises $x_{2}$ (du'u) is true about subject $x_{3}$; [epistemology].
sady				
sadu	snada	sad	succeed	$x_{1}$ [agent] succeeds in/achieves/completes/accomplishes $x_{2}$ as a result of effort/attempt/try $x_{3}$.
sade				
sada				
sado				
sabi				
saby				
sabu	sabnu		cabin	$x_{1}$ is a cabin of vehicle $x_{2}$.
sabe				
saba				
sabo	sabji	sab	provide	$x_{1}$ [source] provides/supplies/furnishes $x_{2}$ [supply/commodity] to $x_{3}$ [recipient].
sabja				
sabjo				
sabju				
saki				
saky				
saku	sacki		match	$x_{1}$ is a match [incendiary device] made of $x_{2}$.
sake	sakci	sak	suck	$x_{1}$ sucks/is suction/vacuum/relatively low pressure of fluid/gas $x_{2}$ relative to high pressure $x_{3}$.
saka	slaka		syllable	$x_{1}$ is a syllable in language $x_{2}$.
sako				
sakja				
sakjo				
sakju				
sati	satci		exact	$x_{1}$ [measurement/match] is exact/precise to precision $x_{2}$ in property/quantity $x_{3}$ (ka/ni).
saty				
satu	salta		salad	$nは鹽 (NaCl)
sate				
sata	stasu		soup	$x_{1}$ is a quantity of soup/stew/olla/olio [food] of ingredients including $x_{2}$.
sato	sakta	sat	sugar	$x_{1}$ is made of/contains/is a quantity of sugar [sweet edible] from source $x_{2}$ of composition $x_{3}$.
sapi	spisa	spi	piece	$x_{1}$ [object/substance] is a piece/portion/lump/chunk/particle of $x_{2}$ [substance].
sapy				
sapu	sampu	sap	simple	$x_{1}$ is simple/unmixed/uncomplicated in property $x_{2}$ (ka).
sape				
sapa	spati	spa	plant	$nは植物
sapo				
sapja				
sapjo				
sapju				
saxy				
saxu	sarxe	sax	harmonious	$x_{1}$ is harmonious/concordant/in agreement/concord with $x_{2}$ in property $x_{3}$ (ka).
saxe				
saxa				
saxo				
saši				
sašy				
sašu	saclu		decimal	$x_{1}$ (me'o) is the [decimal/binary] equivalent of fractional $x_{2}$ (me'o) in base $x_{3}$ (quantity).
saše				
saša	stace	sac	honest	$x_{1}$ is honest/open/truthfully revealing to/candid/frank with $x_{2}$ about matter/fact $x_{3}$.
sašo				
sasy				
sasu	sanso		sauce	$x_{1}$ is a sauce/topping/gravy/frosting for use with $x_{2}$, containing ingredient(s) including $x_{3}$.
sase	srasu	sas	grass	$x_{1}$ is a blade/expanse of grass of species $x_{2}$.
sasa				
saso				
safi				
safy				
safu	slabu	sau	familiar	$x_{1}$ is old/familiar/well-known to observer $x_{2}$ in feature $x_{3}$ (ka) by standard $x_{4}$.
safe				
safa	sfasa	sfa	punish	$x_{1}$ (agent) punishes $x_{2}$ for infraction $x_{3}$ (event/state/action) with punishment $x_{4}$ (event/state).
safo				
safja				
safjo				
safju				
sahy				
sahu	sarcu	sa'u	necessary must	$x_{1}$ (abstract) is necessary/required for continuing state/process $x_{2}$ under conditions $x_{3}$.
sahe	satre	sa'e	stroke	$nは$aを撫でる (愛撫する)
saha	sanga	sag sa'a	sing	$nは$a (歌, 曲) を歌ふ (演奏する)
saho	salpo	sa'o	slope	$x_{1}$ is sloped/inclined/slanted/aslant with angle $x_{2}$ to horizon/frame $x_{3}$.
saži	sanli	sa'i	stand	$nは$aに立つ
sažy				
sažu	sanji	saj	conscious recognize	$x_{1}$ is conscious/aware of $x_{2}$ (object/abstract); $x_{1}$ discerns/recognizes $x_{2}$ (object/abstract).
saže				
saža				
sažo				
sazy				
sazu	sazri	saz	operate	$x_{1}$ operates/drives/runs $x_{2}$ [apparatus/machine] with goal/objective/use/end/function $x_{3}$.
saze				
saza				
sazo				
savi				
savy				
savu	savru	sav vru	noise	$x_{1}$ is a noise/din/clamor [sensory input without useful information] to $x_{2}$ via sensory channel $x_{3}$.
save				
sava				
savo				
savja				
savjo				
savju				
sari	sanmi	sai	meal	$x_{1}$ (mass) is a meal composed of dishes including $x_{2}$.
sary	slari	sar	sour	$x_{1}$ is sour/tart to observer $x_{2}$.
saru	sarlu		spiral	$x_{1}$ is a spiral/helix/whorl/[vortex] [shape/form] with limits $x_{2}$, of dimensionality $x_{3}$.
sare	sakli	sal	slide	$x_{1}$ slides/slips/glides on $x_{2}$.
sara	slanu		cylinder	$x_{1}$ is a cylinder [shape/form] of material $x_{2}$.
saro	sralo		Australian	$x_{1}$ reflects Australian culture/nationality/geography/dialect in aspect $x_{2}$.
sogy				
sogu				
soge				
soga				
sogo				
soni	sinxa	sni	represent sign	$x_{1}$ is a sign/symbol/signal representing/referring/signifying/meaning $x_{2}$ to observer $x_{3}$.
sony				
sonu	sodna		sodium	$x_{1}$ is a quantity of/contains/is made of alkali metal of type $x_{2}$ [default sodium].
sone				
sona				
sono				
sonja				
sonjo				
sonju				
somi				
somy				
somu				
some				
soma				
somo				
somja				
somjo				
somju				
soci	sonci	son soi	soldier	$x_{1}$ is a soldier/warrior/fighter of army $x_{2}$.
socy				
socu	sorgu	sog	sorghum	$x_{1}$ is a quantity of sorghum of species/strain $x_{2}$.
soce				
soca				
soco				
socja				
socjo				
socju				
sodi				
sody				
sodu	sodva	sod	soda	$x_{1}$ is made of/contains/is a quantity of a carbonated beverage/soda of flavor/brand $x_{2}$.
sode				
soda				
sodo				
sobi				
soby				
sobu				
sobe				
soba				
sobo				
sobja				
sobjo				
sobju				
soki				
soky				
soku				
soke				
soka	skari	ska	color	$nは$a (色) を發する
soko				
sokja				
sokjo				
sokju				
soti				
soty				
sotu				
sote				
sota				
soto				
sopi				
sopy				
sopu				
sope				
sopa				
sopo				
sopja				
sopjo				
sopju				
soxy				
soxu				
soxe				
soxa				
soxo				
soši				
sošy				
sošu	sorcu	soc sro	hold stock	$x_{1}$ is a store/deposit/supply/reserve of materials/energy $x_{2}$ in containment $x_{3}$.
soše				
soša				
sošo				
sosy				
sosu				
sose				
sosa				
soso				
sofi				
sofy				
sofu	softo	sof	Soviet	$x_{1}$ reflects Russian empire/USSR/ex-USSR (Soviet]/CIS culture/nationality in aspect $x_{2}$.
sofe				
sofa				
sofo				
sofja				
sofjo				
sofju				
sohy				
sohu				
sohe	sobde	sob so'e	soya	$x_{1}$ is a quantity of soya [grain/bean] of species/strain $x_{2}$.
soha	sovda	sov so'a	egg	$nは卵 (卵子)
soho	sombo	som so'o	sow plant	$x_{1}$ sows/plants $x_{2}$ [crop/plants] at/in $x_{3}$.
soži				
sožy				
sožu				
sože				
soža				
sožo				
sozy				
sozu				
soze				
soza				
sozo				
sovi				
sovy				
sovu				
sove				
sova				
sovo				
sovja				
sovjo				
sovju				
sori	dasri	sri	ribbon	$x_{1}$ is a ribbon/tape/strip/band/stripe of material $x_{2}$.
sory				
soru	solri	sol	solar	$nは恆星 (太陽)
sore				
sora				
soro				
figy				
figu				
fige				
figa				
figo				
fini				
finy				
finu	tsina	sin	stage	$x_{1}$ is a stage/platform/dais/[scaffold] at/in $x_{2}$ supporting $x_{3}$, made of material $x_{4}$.
fine				
fina				
fino				
finja				
finjo				
finju				
fimi				
fimy				
fimu				
fime				
fima				
fimo				
fimja				
fimjo				
fimju				
fici				
ficy				
ficu	figre	fig	fig	$x_{1}$ is a fig [fruit/tree] of species/strain $x_{2}$.
fice				
fica				
fico				
ficja				
ficjo				
ficju				
fidi				
fidy				
fidu				
fide	fide		word	$nは單詞
fida				
fido				
fibi				
fiby				
fibu				
fibe				
fiba				
fibo				
fibja				
fibjo				
fibju				
fiki				
fiky				
fiku				
fike				
fika				
fiko				
fikja				
fikjo				
fikju	fikju		dative	$nは與格
fiti				
fity				
fitu	friti	fit	offer	$x_{1}$ offers/proffers $x_{2}$ [offering] to $x_{3}$ with conditions $x_{4}$.
fite				
fita				
fito				
fipi				
fipy				
fipu				
fipe				
fipa				
fipo				
fipja				
fipjo				
fipju				
fixy				
fixu				
fixe				
fixa				
fixo				
fiši				
fišy				
fišu	stici	sic	west western	$nは$aの西 (自轉方向の逆) に有る
fiše	frica	fic	differ	$nは$aと異なる (差分=有)
fiša				
fišo				
fisy				
fisu	sisku	sis	seek	$x_{1}$ seeks/searches/looks for property $x_{2}$ among set $x_{3}$ (complete specification of set).
fise				
fisa	filso	fis	Palestinian	$x_{1}$ reflects Palestinian culture/nationality in aspect $x_{2}$.
fiso				
fifi				
fify				
fifu				
fife				
fifa				
fifo				
fifja				
fifjo				
fifju				
fihy				
fihu	cfipu	fi'u	confusing	$x_{1}$ (event/state) confuses/baffles $x_{2}$ [observer] due to [confusing] property $x_{3}$ (ka).
fihe	finpe	fip fi'e	fish	$nは魚 (魚類)
fiha	cfika	fik fi'a	fiction	$x_{1}$ is a work of fiction about plot/theme/subject $x_{2}$/under convention $x_{2}$ by author $x_{3}$.
fiho	friko	fi'o	African	$x_{1}$ reflects African culture/nationality/geography in aspect $x_{2}$.
fiži	finti	fin fi'i	compose invent	$x_{1}$ invents/creates/composes/authors $x_{2}$ for function/purpose $x_{3}$ from existing elements/ideas $x_{4}$.
fižy				
fižu				
fiže				
fiža				
fižo				
fizy				
fizu				
fize				
fiza				
fizo				
fivi				
fivy				
fivu				
five				
fiva				
fivo				
fivja				
fivjo				
fivju				
firi	fliba	fli	fail	$x_{1}$ fails at doing $x_{2}$ (state/event); $x_{1}$ is a failure at its role in $x_{2}$.
firy	frili	fil	easy facile	$x_{1}$ (action) is easy/simple/facile for $x_{2}$ (agent) under conditions $x_{3}$; $x_{2}$ does $x_{1}$ freely/easily.
firu	siclu	sil	whistle	$x_{1}$ [sound source] whistles/makes whistling sound/note/tone/melody $x_{2}$.
fire				
fira	flalu	fla	law	$x_{1}$ is a law specifying $x_{2}$ (state/event) for community $x_{3}$ under conditions $x_{4}$ by lawgiver(s) $x_{5}$.
firo	flira	fir	face	$x_{1}$ is a/the face [head/body-part] of $x_{2}$; (adjective:) $x_{1}$ is facial.
fygy				
fygu				
fyge				
fyga				
fygo				
fyni				
fyny				
fynu				
fyne				
fyna				
fyno				
fynja				
fynjo				
fynju				
fymi				
fymy				
fymu				
fyme				
fyma				
fymo				
fymja				
fymjo				
fymju				
fyci				
fycy				
fycu				
fyce				
fyca				
fyco				
fycja				
fycjo				
fycju				
fydi				
fydy				
fydu				
fyde				
fyda				
fydo				
fybi				
fyby				
fybu				
fybe				
fyba				
fybo				
fybja				
fybjo				
fybju				
fyki				
fyky				
fyku				
fyke				
fyka				
fyko				
fykja				
fykjo				
fykju				
fyti				
fyty				
fytu				
fyte				
fyta				
fyto				
fypi				
fypy				
fypu	fypu		accusative	$nは對格
fype				
fypa				
fypo				
fypja				
fypjo				
fypju				
fyxy				
fyxu				
fyxe				
fyxa				
fyxo				
fyši				
fyšy				
fyšu				
fyše				
fyša				
fyšo				
fysy				
fysu				
fyse				
fysa				
fyso				
fyfi				
fyfy				
fyfu				
fyfe				
fyfa				
fyfo				
fyfja				
fyfjo				
fyfju				
fyhy				
fyhu				
fyhe				
fyha				
fyho				
fyži				
fyžy				
fyžu				
fyže				
fyža				
fyžo				
fyzy				
fyzu				
fyze				
fyza				
fyzo				
fyvi				
fyvy				
fyvu				
fyve				
fyva				
fyvo				
fyvja				
fyvjo				
fyvju				
fyri				
fyry				
fyru	fulta	ful flu	float	$x_{1}$ (passive) floats on/in fluid (gas/liquid) $x_{2}$; $x_{1}$ is buoyant.
fyre				
fyra				
fyro				
fugy				
fugu				
fuge				
fuga				
fugo				
funi				
funy				
funu				
fune				
funa				
funo				
funja				
funjo				
funju				
fumi				
fumy				
fumu				
fume				
fuma				
fumo				
fumja				
fumjo				
fumju				
fuci				
fucy				
fucu				
fuce				
fuca				
fuco				
fucja				
fucjo				
fucju				
fudi				
fudy				
fudu				
fude				
fuda				
fudo				
fubi				
fuby				
fubu				
fube				
fuba				
fubo				
fubja				
fubjo				
fubju				
fuki				
fuky				
fuku	fukpi	fuk fu'i	copy	$x_{1}$ is a copy/replica/duplicate/clone of $x_{2}$ in form/medium $x_{3}$ made by method $x_{4}$ (event).
fuke				
fuka				
fuko				
fukja				
fukjo				
fukju				
futi				
futy				
futu				
fute				
futa				
futo				
fupi				
fupy				
fupu				
fupe				
fupa				
fupo				
fupja				
fupjo				
fupju				
fuxy				
fuxu				
fuxe				
fuxa				
fuxo				
fuši				
fušy				
fušu				
fuše				
fuša				
fušo				
fusy				
fusu				
fuse				
fusa				
fuso				
fufi				
fufy				
fufu				
fufe				
fufa				
fufo				
fufja				
fufjo				
fufju				
fuhy				
fuhu				
fuhe	fuzme	fuz fu'e	responsible	$x_{1}$ is responsible/accountable for $x_{2}$ (action/resulting state) to judge/authority $x_{3}$.
fuha	funca	fun fu'a	luck	$x_{1}$ (event/property) is determined by the luck/fortune of $x_{2}$; (note mabla/zabna not implied). $x_{1}$ is determined by chance.
fuho				
fuži				
fužy				
fužu				
fuže				
fuža				
fužo				
fuzy				
fuzu				
fuze				
fuza				
fuzo				
fuvi				
fuvy				
fuvu				
fuve				
fuva				
fuvo				
fuvja				
fuvjo				
fuvju				
furi	frinu		fraction	$x_{1}$ is a fraction, with numerator $x_{2}$, denominator $x_{3}$ ($x_{2}$/$x_{3}$).
fury				
furu	frumu	fru	frown	$nは顰む
fure	flecu	fle	flow	$nは河川
fura	flani		flute	$x_{1}$ is a flute/pipe/fife/recorder [flute-like/air-reed musical instrument].
furo	foldi	flo foi	field	$x_{1}$ is a field [shape/form] of material $x_{2}$; $x_{1}$ is a broad uniform expanse of $x_{2}$.
fegy				
fegu				
fege				
fega				
fego				
feni				
feny				
fenu				
fene				
fena				
feno				
fenja				
fenjo				
fenju				
femi				
femy				
femu	femti	fem	1E-15	$x_{1}$ is $10^{-15}$ of $x_{2}$ in dimension/aspect $x_{3}$ (default is units).
feme				
fema				
femo				
femja				
femjo				
femju				
feci				
fecy				
fecu				
fece				
feca				
feco				
fecja				
fecjo				
fecju				
fedi				
fedy				
fedu	fendi	fed	divide	$x_{1}$ (agent) divides/partitions/separates $x_{2}$ into sections/parts/ind. $x_{3}$ by method/partition $x_{4}$.
fede				
feda				
fedo				
febi				
feby				
febu	febvi	feb	boil	$x_{1}$ boils/evaporates at temperature $x_{2}$ and pressure $x_{3}$.
febe				
feba				
febo				
febja				
febjo				
febju				
feki				
feky				
feku	fenki	fek	crazy	$x_{1}$ (action/event) is crazy/insane/mad/frantic/in a frenzy (one sense) by standard $x_{2}$.
feke				
feka				
feko				
fekja				
fekjo				
fekju				
feti				
fety				
fetu	fetsi	fet fe'i	female	$x_1$ is a female/doe of species $x_2$ evidencing feminine physical/biological/genetic trait(s) $x_3$ (ka); $x_1$ is feminine.
fete				
feta				
feto				
fepi				
fepy				
fepu	fepri		lung	$nは肺
fepe				
fepa				
fepo				
fepja				
fepjo				
fepju				
fexy				
fexu				
fexe				
fexa				
fexo				
feši				
fešy				
fešu				
feše				
feša				
fešo				
fesy				
fesu	festi	fes	waste	$x_{1}$(s) is/are waste product(s) [left to waste] by $x_{2}$ (event/activity).
fese				
fesa				
feso				
fefi				
fefy				
fefu				
fefe				
fefa				
fefo				
fefja				
fefjo				
fefju				
fehy				
fehu	fengu	feg fe'u	angry	$nは$aに怒る
fehe				
feha	fenra	fer fe'a	crack	$x_{1}$ is a crack/fissure/pass/cleft/ravine/chasm/[defect/flaw] [shape/form] in $x_{2}$.
feho	fenso	fen fe'o	sew	$x_{1}$ sews/stitches/sutures materials $x_{2}$ (ind./set) together with tool(s) $x_{3}$, using filament $x_{4}$.
feži				
fežy				
fežu				
feže				
feža				
fežo				
fezy				
fezu				
feze				
feza				
fezo				
fevi				
fevy				
fevu				
feve				
feva				
fevo				
fevja				
fevjo				
fevju				
feri	fepni	fep fei	cent	$x_{1}$ is measured in kopeck/cent money-subunits as $x_{2}$ [quantity], in monetary system $x_{3}$.
fery				
feru				
fere	ferti	fre	fertile	$x_{1}$ is fertile/conducive for supporting the growth/development of $x_{2}$; $x_{1}$ is fruitful/prolific.
fera				
fero				
fagy				
fagu				
fage				
faga				
fago				
fani				
fany	falnu	fan	sail	$x_{1}$ is a sail for gathering propelling material $x_{2}$ on vehicle/motor $x_{3}$.
fanu	fanta		prevent block	$x_{1}$ prevents/keeps/stops/restrains/constrains event $x_{2}$ from occurring.
fane				
fana				
fano				
fanja				
fanjo				
fanju				
fami				
famy				
famu				
fame				
fama				
famo				
famja				
famjo				
famju				
faci				
facy				
facu	fasnu	fau	event	$x_{1}$ (event) is an event that happens/occurs/takes place; $x_{1}$ is an incident/happening/occurrence.
face	fange		alien foreign	$x_{1}$ is foreign/alien/[exotic]/unfamiliar to $x_{2}$ in property $x_{3}$ (ka).
faca				
faco	fagri	fag	fire	$x_{1}$ is a fire/flame in fuel $x_{2}$ burning-in/reacting-with oxidizer $x_{3}$ (default air/oxygen).
facja				
facjo				
facju				
fadi				
fady				
fadu	fadni	fad	ordinary	$x_{1}$ [member] is ordinary/common/typical/usual in property $x_{2}$ (ka) among members of $x_{3}$ (set).
fade				
fada				
fado				
fabi	fatri	fai	distribute	$x_{1}$ is distributed/allotted/allocated/shared among $x_{2}$ with shares/portions $x_{3}$; ($x_{2}$/$x_{3}$ fa'u).
faby				
fabu				
fabe				
faba				
fabo				
fabja				
fabjo				
fabju				
faki				
faky				
faku	facki	fak fa'i	discover	$x_{1}$ discovers/finds out $x_{2}$ (du'u) about subject/object $x_{3}$; $x_{1}$ finds (fi) $x_{3}$ (object).
fake				
faka				
fako				
fakja				
fakjo	fraksino		ash	$nは灰
fakju				
fati				
faty				
fatu	famti		aunt or uncle	$x_{1}$ is an aunt/uncle of $x_{2}$ by bond/tie $x_{3}$; $x_{1}$ is an associated member of $x_{2}$'s parent's generation.
fate				
fata				
fato				
fapi				
fapy				
fapu	fapro	fap pro	oppose	$x_{1}$ opposes/balances/contends against opponent(s) $x_{2}$ (person/force ind./mass) about $x_{3}$ (abstract).
fape				
fapa				
fapo				
fapja				
fapjo				
fapju				
faxy				
faxu	fraxu	fax	forgive	$nは$aを許す
faxe				
faxa				
faxo				
faši				
fašy				
fašu	fancu		function	$x_{1}$ is a function/single-valued mapping from domain $x_{2}$ to range $x_{3}$ defined by expression/rule $x_{4}$.
faše				
faša	fatci	fac	fact actual	$x_{1}$ (du'u) is a fact/reality/truth/actuality, in the absolute.
fašo				
fasy				
fasu	fraso	fas	French	$x_{1}$ reflects French/Gallic culture/nationality/language in aspect $x_{2}$.
fase				
fasa				
faso				
fafi				
fafy				
fafu	farvi	fav	develop	$x_{1}$ develops/evolves towards/into $x_{2}$ from $x_{3}$ through stages $x_{4}$.
fafe				
fafa				
fafo				
fafja				
fafjo				
fafju				
fahy				
fahu	farlu	fal fa'u	fall	$x_{1}$ falls/drops to $x_{2}$ from $x_{3}$ in gravity well/frame of reference $x_{4}$.
fahe	fatne	fat fa'e	reverse	$x_{1}$ [sequence] is in reverse order from $x_{2}$ [sequence]; $x_{1}$ (object) is inverted from $x_{2}$ (object).
faha	farna	far fa'a	direction	$x_{1}$ is the direction of $x_{2}$ (object/event) from origin/in frame of reference $x_{3}$.
faho	fanmo	fam fa'o	end	$x_{1}$ is an end/finish/termination of thing/process $x_{2}$; [not necessarily implying completeness].
faži				
fažy				
fažu				
faže				
faža				
fažo				
fazy				
fazu	fanza	faz	annoy	$x_{1}$ (event) annoys/irritates/bothers/distracts $x_{2}$.
faze				
faza				
fazo				
favi				
favy				
favu	fanva		translate	$x_{1}$ translates text/utterance $x_{2}$ to language $x_{3}$ from language $x_{4}$ with translation result $x_{5}$.
fave				
fava				
favo				
favja				
favjo				
favju				
fari				
fary				
faru	fanri		factory	$x_{1}$ is a factory/foundry/industrial plant/mill producing $x_{2}$ from materials $x_{3}$.
fare				
fara	frati	fra	react treat	$x_{1}$ reacts/responds/answers with action $x_{2}$ to stimulus $x_{3}$ under conditions $x_{4}$; $x_{1}$ is responsive.
faro				
fogy				
fogu				
foge				
foga				
fogo				
foni				
fony				
fonu	fonxa	fon	telephone	$x_{1}$ is a telephone transceiver/modem attached to system/network $x_{2}$.
fone				
fona				
fono				
fonja				
fonjo				
fonju				
fomi				
fomy				
fomu				
fome				
foma				
fomo				
fomja				
fomjo				
fomju				
foci				
focy				
focu				
foce				
foca				
foco				
focja				
focjo				
focju				
fodi				
fody				
fodu				
fode				
foda				
fodo				
fobi				
foby				
fobu				
fobe				
foba				
fobo				
fobja				
fobjo				
fobju				
foki				
foky				
foku				
foke				
foka				
foko				
fokja				
fokjo				
fokju				
foti				
foty				
fotu				
fote				
fota				
foto				
fopi				
fopy				
fopu				
fope				
fopa				
fopo				
fopja				
fopjo				
fopju				
foxy				
foxu				
foxe				
foxa				
foxo				
foši				
fošy				
fošu				
foše				
foša				
fošo				
fosy				
fosu				
fose				
fosa				
foso				
fofi				
fofy				
fofu				
fofe				
fofa				
fofo				
fofja				
fofjo				
fofju				
fohy				
fohu				
fohe				
foha				
foho	fonmo	fom fo'o	foam	$x_{1}$ is a quantity of foam/froth/suds of material $x_{2}$, with bubbles/vacuoles of material $x_{3}$.
foži				
fožy				
fožu				
fože				
foža				
fožo				
fozy				
fozu				
foze				
foza				
fozo				
fovi				
fovy				
fovu				
fove				
fova				
fovo				
fovja				
fovjo				
fovju				
fori				
fory				
foru	fusra	fur	rotten	$nは腐敗する
fore				
fora				
foro	forca	fro	fork	$nは叉
fjagy				
fjagu				
fjage				
fjaga				
fjago				
fjani				
fjany				
fjanu				
fjane				
fjana				
fjano				
fjami				
fjamy				
fjamu				
fjame				
fjama				
fjamo				
fjaci				
fjacy				
fjacu				
fjace				
fjaca				
fjaco				
fjadi				
fjady				
fjadu				
fjade				
fjada				
fjado				
fjabi				
fjaby				
fjabu				
fjabe				
fjaba				
fjabo				
fjaki				
fjaky				
fjaku				
fjake				
fjaka				
fjako				
fjati				
fjaty				
fjatu				
fjate				
fjata				
fjato				
fjapi				
fjapy				
fjapu				
fjape				
fjapa				
fjapo				
fjaxy				
fjaxu				
fjaxe				
fjaxa				
fjaxo				
fjaši				
fjašy				
fjašu				
fjaše				
fjaša				
fjašo				
fjasy				
fjasu				
fjase				
fjasa				
fjaso				
fjafi				
fjafy				
fjafu				
fjafe				
fjafa				
fjafo				
fjahy				
fjahu				
fjahe				
fjaha				
fjaho				
fjaži				
fjažy				
fjažu				
fjaže				
fjaža				
fjažo				
fjazy				
fjazu				
fjaze				
fjaza				
fjazo				
fjavi				
fjavy				
fjavu				
fjave				
fjava				
fjavo				
fjari				
fjary				
fjaru				
fjare				
fjara				
fjaro				
fjogy				
fjogu				
fjoge				
fjoga				
fjogo				
fjoni				
fjony				
fjonu				
fjone				
fjona				
fjono				
fjomi				
fjomy				
fjomu				
fjome				
fjoma				
fjomo				
fjoci				
fjocy				
fjocu				
fjoce				
fjoca				
fjoco				
fjodi				
fjody				
fjodu				
fjode				
fjoda				
fjodo				
fjobi				
fjoby				
fjobu				
fjobe				
fjoba				
fjobo				
fjoki				
fjoky				
fjoku				
fjoke				
fjoka				
fjoko				
fjoti				
fjoty				
fjotu				
fjote				
fjota				
fjoto				
fjopi				
fjopy				
fjopu				
fjope				
fjopa				
fjopo				
fjoxy				
fjoxu				
fjoxe				
fjoxa				
fjoxo				
fjoši				
fjošy				
fjošu				
fjoše				
fjoša				
fjošo				
fjosy				
fjosu				
fjose				
fjosa				
fjoso				
fjofi				
fjofy				
fjofu				
fjofe				
fjofa				
fjofo				
fjohy				
fjohu				
fjohe				
fjoha				
fjoho				
fjoži				
fjožy				
fjožu				
fjože				
fjoža				
fjožo				
fjozy				
fjozu				
fjoze				
fjoza				
fjozo				
fjovi				
fjovy				
fjovu				
fjove				
fjova				
fjovo				
fjori				
fjory				
fjoru				
fjore				
fjora				
fjoro				
fjugy				
fjugu				
fjuge				
fjuga				
fjugo				
fjuni				
fjuny				
fjunu				
fjune				
fjuna				
fjuno				
fjumi				
fjumy				
fjumu				
fjume				
fjuma				
fjumo				
fjuci				
fjucy				
fjucu				
fjuce				
fjuca				
fjuco				
fjudi				
fjudy				
fjudu				
fjude				
fjuda				
fjudo				
fjubi				
fjuby				
fjubu				
fjube				
fjuba				
fjubo				
fjuki				
fjuky				
fjuku				
fjuke				
fjuka				
fjuko				
fjuti				
fjuty				
fjutu				
fjute				
fjuta				
fjuto				
fjupi				
fjupy				
fjupu				
fjupe				
fjupa				
fjupo				
fjuxy				
fjuxu				
fjuxe				
fjuxa				
fjuxo				
fjuši				
fjušy				
fjušu				
fjuše				
fjuša				
fjušo				
fjusy				
fjusu				
fjuse				
fjusa				
fjuso				
fjufi				
fjufy				
fjufu				
fjufe				
fjufa				
fjufo				
fjuhy				
fjuhu				
fjuhe				
fjuha				
fjuho				
fjuži				
fjužy				
fjužu				
fjuže				
fjuža				
fjužo				
fjuzy				
fjuzu				
fjuze				
fjuza				
fjuzo				
fjuvi				
fjuvy				
fjuvu				
fjuve				
fjuva				
fjuvo				
fjuri				
fjury				
fjuru				
fjure				
fjura				
fjuro				
hygy				
hygu				
hyge				
hyga				
hygo				
hyni				
hyny				
hynu				
hyne				
hyna				
hyno				
hynja				
hynjo				
hynju				
hymi				
hymy				
hymu				
hyme				
hyma				
hymo				
hymja				
hymjo				
hymju				
hyci				
hycy				
hycu				
hyce				
hyca				
hyco				
hycja				
hycjo	hycjo		serene	$nは$aに平穩 (冷靜)
hycju				
hydi				
hydy				
hydu				
hyde				
hyda				
hydo				
hybi				
hyby				
hybu				
hybe				
hyba				
hybo				
hybja				
hybjo				
hybju				
hyki				
hyky				
hyku				
hyke				
hyka				
hyko				
hykja				
hykjo				
hykju				
hyti				
hyty				
hytu				
hyte				
hyta				
hyto				
hypi				
hypy				
hypu				
hype				
hypa				
hypo				
hypja				
hypjo				
hypju				
hyxy				
hyxu				
hyxe				
hyxa				
hyxo				
hyši				
hyšy				
hyšu				
hyše				
hyša				
hyšo				
hysy				
hysu				
hyse				
hysa				
hyso				
hyfi				
hyfy				
hyfu				
hyfe				
hyfa				
hyfo				
hyfja				
hyfjo				
hyfju				
hyhy				
hyhu				
hyhe				
hyha				
hyho				
hyži				
hyžy				
hyžu				
hyže				
hyža				
hyžo				
hyzy				
hyzu				
hyze				
hyza				
hyzo				
hyvi				
hyvy				
hyvu				
hyve				
hyva				
hyvo				
hyvja				
hyvjo				
hyvju				
hyri				
hyry				
hyru				
hyre				
hyra				
hyro				
hugy				
hugu				
huge				
huga				
hugo				
huni				
huny				
hunu				
hune				
huna				
huno				
hunja				
hunjo				
hunju				
humi				
humy				
humu				
hume				
huma				
humo				
humja				
humjo				
humju				
huci				
hucy				
hucu				
huce				
huca				
huco				
hucja				
hucjo				
hucju				
hudi				
hudy				
hudu				
hude				
huda				
hudo				
hubi				
huby				
hubu				
hube				
huba				
hubo				
hubja				
hubjo				
hubju				
huki				
huky				
huku				
huke				
huka				
huko				
hukja				
hukjo				
hukju				
huti				
huty				
hutu				
hute				
huta				
huto				
hupi				
hupy				
hupu				
hupe				
hupa				
hupo				
hupja				
hupjo				
hupju				
huxy				
huxu				
huxe				
huxa				
huxo				
huši				
hušy				
hušu				
huše				
huša				
hušo				
husy				
husu				
huse				
husa				
huso				
hufi				
hufy				
hufu				
hufe				
hufa				
hufo				
hufja				
hufjo				
hufju				
huhy				
huhu				
huhe				
huha				
huho				
huži				
hužy				
hužu				
huže				
huža				
hužo				
huzy				
huzu				
huze				
huza				
huzo				
huvi				
huvy				
huvu				
huve				
huva				
huvo				
huvja				
huvjo				
huvju				
huri				
hury				
huru				
hure				
hura				
huro				
hegy				
hegu				
hege				
hega				
hego				
heni				
heny				
henu				
hene				
hena				
heno				
henja				
henjo				
henju				
hemi				
hemy				
hemu				
heme				
hema				
hemo				
hemja				
hemjo				
hemju				
heci				
hecy				
hecu				
hece				
heca				
heco				
hecja				
hecjo				
hecju				
hedi				
hedy				
hedu				
hede				
heda				
hedo				
hebi				
heby				
hebu				
hebe				
heba				
hebo				
hebja				
hebjo				
hebju				
heki				
heky				
heku				
heke				
heka				
heko				
hekja				
hekjo				
hekju				
heti				
hety				
hetu				
hete				
heta				
heto				
hepi				
hepy				
hepu				
hepe				
hepa				
hepo				
hepja				
hepjo				
hepju				
hexy				
hexu				
hexe				
hexa				
hexo				
heši				
hešy				
hešu				
heše				
heša				
hešo				
hesy				
hesu				
hese				
hesa				
heso				
hefi				
hefy				
hefu				
hefe				
hefa				
hefo				
hefja				
hefjo				
hefju				
hehy				
hehu				
hehe				
heha				
heho				
heži				
hežy				
hežu				
heže				
heža				
hežo				
hezy				
hezu				
heze				
heza				
hezo				
hevi				
hevy				
hevu				
heve				
heva				
hevo				
hevja				
hevjo				
hevju				
heri				
hery				
heru				
here				
hera				
hero				
hagy				
hagu				
hage				
haga				
hago				
hani				
hany				
hanu				
hane				
hana				
hano				
hanja				
hanjo				
hanju				
hami				
hamy				
hamu				
hame				
hama				
hamo				
hamja				
hamjo				
hamju				
haci				
hacy				
hacu				
hace				
haca				
haco				
hacja				
hacjo				
hacju				
hadi				
hady				
hadu				
hade				
hada				
hado				
habi				
haby				
habu				
habe				
haba				
habo				
habja				
habjo				
habju				
haki				
haky				
haku				
hake				
haka				
hako				
hakja				
hakjo				
hakju				
hati				
haty				
hatu				
hate				
hata				
hato				
hapi				
hapy				
hapu				
hape				
hapa				
hapo				
hapja				
hapjo				
hapju				
haxy				
haxu				
haxe				
haxa				
haxo				
haši				
hašy				
hašu				
haše				
haša				
hašo				
hasy				
hasu				
hase				
hasa				
haso				
hafi				
hafy				
hafu				
hafe				
hafa				
hafo				
hafja				
hafjo				
hafju				
hahy				
hahu				
hahe				
haha				
haho				
haži				
hažy				
hažu				
haže				
haža				
hažo				
hazy				
hazu				
haze				
haza				
hazo				
havi				
havy				
havu				
have				
hava				
havo				
havja				
havjo				
havju				
hari				
hary				
haru				
hare				
hara				
haro				
hogy				
hogu				
hoge				
hoga				
hogo				
honi				
hony				
honu				
hone				
hona				
hono				
honja				
honjo				
honju				
homi				
homy				
homu				
home				
homa				
homo				
homja				
homjo				
homju				
hoci				
hocy				
hocu				
hoce				
hoca				
hoco				
hocja				
hocjo				
hocju				
hodi				
hody				
hodu				
hode				
hoda				
hodo				
hobi				
hoby				
hobu				
hobe				
hoba				
hobo				
hobja				
hobjo				
hobju				
hoki				
hoky				
hoku				
hoke				
hoka				
hoko				
hokja				
hokjo				
hokju				
hoti				
hoty				
hotu				
hote				
hota				
hoto				
hopi				
hopy				
hopu				
hope				
hopa				
hopo				
hopja				
hopjo				
hopju				
hoxy				
hoxu				
hoxe				
hoxa				
hoxo				
hoši				
hošy				
hošu				
hoše				
hoša				
hošo				
hosy				
hosu				
hose				
hosa				
hoso				
hofi				
hofy				
hofu				
hofe				
hofa				
hofo				
hofja				
hofjo				
hofju				
hohy				
hohu				
hohe				
hoha				
hoho				
hoži				
hožy				
hožu				
hože				
hoža				
hožo				
hozy				
hozu				
hoze				
hoza				
hozo				
hovi				
hovy				
hovu				
hove				
hova				
hovo				
hovja				
hovjo				
hovju				
hori				
hory				
horu				
hore				
hora				
horo				
žigy				
žigu				
žige				
žiga				
žigo				
žini				
žiny	djine	jin	ring	$x_{1}$ is a ring/annulus/torus/circle [shape/form] of material $x_{2}$, inside diam. $x_{3}$, outside diam. $x_{4}$.
žinu	jinto		well	$x_{1}$ is a well/spring of fluid $x_{2}$ at location $x_{3}$.
žine				
žina				
žino				
žinja				
žinjo				
žinju				
žimi	jimpe	jmi	understand	$nはを$a (表現) を理解する
žimy				
žimu	jinme	jim	metal	$nは金屬
žime				
žima				
žimo				
žimja				
žimjo				
žimju				
žici				
žicy				
žicu	jikca	jik	socialize social	$x_{1}$ interacts/behaves socially with $x_{2}$; $x_{1}$ socializes with/is sociable towards $x_{2}$.
žice				
žica				
žico				
žicja				
žicjo				
žicju				
židi	jdice	jdi	decide	$x_{1}$ (person) decides/makes decision $x_{2}$ (du'u) about matter $x_{3}$ (event/state).
židy				
židu				
žide				
žida				
žido				
žibi				
žiby				
žibu	jibri	jib	job	$x_{1}$ is a job/occupation/employment/vocation (a type of work regularly done for pay) of person $x_{2}$.
žibe				
žiba				
žibo				
žibja				
žibjo				
žibju				
žiki				
žiky				
žiku	jinku		vaccine	$x_{1}$ is a vaccine/immune-system stimulant protecting $x_{2}$ against disease $x_{3}$ introduced by method $x_{4}$.
žike				
žika				
žiko				
žikja				
žikjo				
žikju	jikru		liquor	$x_{1}$ is made of/contains/is a quantity of liquor/spirits distilled from $x_{2}$.
žiti				
žity				
žitu	jimte	jit	limit	$x_{1}$ is a limit/extreme/bound/border/[confinement] of $x_{2}$ in property/domain $x_{3}$.
žite				
žita				
žito				
žipi				
žipy				
žipu	jipci		chicken	$x_{1}$ is a chicken/[hen/cock/rooster]/small fowl [a type of bird] of species/breed $x_{2}$.
žipe				
žipa				
žipo				
žipja				
žipjo				
žipju				
žixy				
žixu				
žixe				
žixa				
žixo				
žiši				
žišy				
žišu	jinci		shears	$x_{1}$ is a pair of shears/scissors for cutting $x_{2}$.
žiše				
žiša	jimca	jic	branch	$nは肢 (腕, 脚, 枝)
žišo				
žisy				
žisu	jisra		juice	$x_{1}$ is made of/contains/is a quantity of juice/nectar from-source/of-type $x_{2}$.
žise	jinsa	jis	clean	$x_{1}$ (object) is clean/pure of material/contaminant/dirt $x_{2}$ by standard $x_{3}$.
žisa				
žiso				
žifi				
žify				
žifu	jitfa	jif	false	$x_{1}$ (du'u) is false/is an untruth by standard/epistemology/metaphysics $x_{2}$.
žife				
žifa				
žifo				
žifja				
žifjo				
žifju				
žihy				
žihu	jvinu	vin ji'u	scene view	$x_{1}$ is the view/scene/panorama/sight/prospect of $x_{2}$ (object/location) from point-of-view $x_{3}$.
žihe	jmive	miv ji'e	live	$nは生く (生命=有)
žiha	jinga	jig ji'a	win	$x_{1}$ (person/team) wins/gains prize $x_{2}$ from/over $x_{3}$ [competitors/losers] in competition $x_{4}$.
žiho	jipno	jip ji'o	tip	$x_{1}$ is a tip/point/vertex/extremity/end [0-dimension shape/form] on object $x_{2}$ at locus $x_{3}$.
žiži	jinvi	jiv ji'i	opine	$x_{1}$ thinks/opines $x_{2}$ [opinion] (du'u) is true about subject/issue $x_{3}$ on grounds $x_{4}$.
žižy				
žižu	jijnu	jij	intuit	$x_{1}$ (person) intuits $x_{2}$ (du'u) about subject $x_{3}$; [epistemology].
žiže				
žiža				
žižo				
žizy				
žizu	jinzi	jiz	innate proper	$x_{1}$ (property - ka) is an innate/inherent/intrinsic/natural property/quality/aspect of $x_{2}$.
žize				
žiza				
žizo				
živi				
živy				
živu	jivbu		weave	$x_{1}$ weaves $x_{2}$ from material/[yarn] $x_{3}$.
žive				
živa				
živo				
živja				
živjo				
živju				
žiri				
žiry	jilra		jealous	$nは$aを羨む (妬む)
žiru	jicla		stir	$x_{1}$ (object, or event: force) stirs/mixes/[roils/agitates] fluid (gas/liquid) $x_{2}$.
žire	jinru	jir	immersed submerged	$x_{1}$ (object/person) is immersed/submerged/bathes in liquid $x_{2}$.
žira	jirna		horn	$nは角
žiro	jilka	jil	alkali	$x_{1}$ is a quantity of/contains/is made of alkali/base of composition including $x_{2}$.
žygy				
žygu				
žyge				
žyga				
žygo				
žyni				
žyny				
žynu				
žyne				
žyna				
žyno				
žynja				
žynjo				
žynju				
žymi				
žymy				
žymu				
žyme				
žyma				
žymo				
žymja				
žymjo				
žymju				
žyci				
žycy				
žycu				
žyce				
žyca				
žyco				
žycja				
žycjo				
žycju				
žydi				
žydy				
žydu				
žyde				
žyda				
žydo				
žybi				
žyby				
žybu				
žybe				
žyba				
žybo				
žybja				
žybjo				
žybju				
žyki				
žyky				
žyku				
žyke				
žyka				
žyko				
žykja				
žykjo				
žykju				
žyti				
žyty				
žytu				
žyte				
žyta				
žyto				
žypi				
žypy				
žypu				
žype				
žypa				
žypo				
žypja				
žypjo				
žypju				
žyxy				
žyxu				
žyxe				
žyxa				
žyxo				
žyši				
žyšy				
žyšu				
žyše				
žyša				
žyšo				
žysy				
žysu				
žyse				
žysa				
žyso				
žyfi				
žyfy				
žyfu				
žyfe				
žyfa				
žyfo				
žyfja				
žyfjo				
žyfju				
žyhy				
žyhu				
žyhe				
žyha				
žyho				
žyži				
žyžy				
žyžu				
žyže				
žyža				
žyžo				
žyzy				
žyzu				
žyze				
žyza				
žyzo				
žyvi				
žyvy				
žyvu				
žyve				
žyva				
žyvo				
žyvja				
žyvjo				
žyvju				
žyri				
žyry				
žyru				
žyre				
žyra				
žyro				
žugy				
žugu				
žuge				
žuga				
žugo				
žuni				
žuny				
žunu				
žune				
žuna				
žuno				
žunja				
žunjo				
žunju				
žumi	jmifa		shoal reef	$x_{1}$ is a shoal [shallow hazard]/reef of material $x_{2}$ in body of water $x_{3}$.
žumy				
žumu	jurme	jum	bacteria germ	$x_{1}$ is a bacterium/germ/microbe/protozoan/amoeba [1-celled life] of species/defining property $x_{2}$.
žume	jemna	jme	gem	$x_{1}$ is a gem/polished stone/pearl of type $x_{2}$ from gemstone/material/source $x_{3}$.
žuma				
žumo				
žumja				
žumjo				
žumju				
žuci	jgira	jgi	pride	$nは$aを誇る (矜恃=+)
žucy				
žucu	jungo	jug	Chinese	$x_{1}$ reflects Chinese [Mandarin, Cantonese, Wu, etc.] culture/nationality/language in aspect $x_{2}$.
žuce	jgena	jge	knot	$nは結び目 (絡まり)
žuca	jganu	jga	angle	$x_{1}$ is an angle [2-dimensional shape/form] from vertex $x_{2}$ subtended by lateral [segment] $x_{3}$.
žuco				
žucja				
žucjo				
žucju				
žudi	jdika		decrease	$x_{1}$ (experiencer) decreases/contracts/is reduced/diminished in property/quantity $x_{2}$ by amount $x_{3}$.
žudy				
žudu	jduli	dul jdu	jelly	$x_{1}$ is a quantity of jelly/semisolid [texture] of material/composition including $x_{2}$.
žude	kajde	jde	warn	$x_{1}$ (event/experience) warns/cautions $x_{2}$ (person) of/about danger $x_{3}$ (event/state/property).
žuda	lijda	jda	religion	$x_{1}$ is a religion of believers including $x_{2}$ sharing common beliefs/practices/tenets including $x_{3}$.
žudo				
žubi	jibni	jbi	near	$nは$aへ近い
žuby				
žubu	jubme	jub jbu	table	$x_{1}$ is a table/flat solid upper surface of material $x_{2}$, supported by legs/base/pedestal $x_{3}$.
žube	jbena	jbe	born	$x_{1}$ is born to $x_{2}$ at time $x_{3}$ [birthday] and place $x_{4}$ [birthplace]; $x_{1}$ is native to (fo) $x_{4}$.
žuba	jbari	jba	berry	$x_{1}$ is a berry (fruit/plant) of plant/species $x_{2}$.
žubo				
žubja				
žubjo				
žubju				
žuki				
žuky				
žuku	jukni	juk		$x_{1}$ is a spider/arachnid/crustacean/crab/lobster/non-insect arthropod of species/breed $x_{2}$.
žuke				
žuka				
žuko				
žukja				
žukjo				
žukju				
žuti				
žuty				
žutu	junta		weight	$x_{1}$ is the weight of object $x_{2}$ in [gravitational or other force] field $x_{3}$.
žute				
žuta	jutsi	jut	species	$x_{1}$ is a species of genus $x_{2}$, family $x_{3}$, etc.; [open-ended tree-structure categorization].
žuto				
župi				
župy				
župu	jukpa	jup	cook	$x_{1}$ cooks/prepares food-for-eating $x_{2}$ by recipe/method $x_{3}$ (process).
župe				
župa				
župo				
župja				
župjo				
župju				
žuxy				
žuxu	juxre	jux	clumsy	$x_{1}$ (action) is clumsy/awkward by standard $x_{2}$.
žuxe				
žuxa				
žuxo				
žuši				
žušy				
žušu				
žuše				
žuša	jcalu		nail	$nは爪
žušo				
žusy				
žusu	jursa	jus	severe	$x_{1}$ (event/action/state) is severe/harsh to $x_{2}$ [victim/experiencer].
žuse				
žusa				
žuso				
žufi				
žufy				
žufu				
žufe				
žufa				
žufo				
žufja				
žufjo				
žufju				
žuhy				
žuhu				
žuhe	jundi	jud ju'i	attentive follow	$x_{1}$ is attentive towards/attends/tends/pays attention to object/affair $x_{2}$.
žuha	jufra	juf ju'a	sentence	$nは文 (命題)
žuho	djuno	jun ju'o	know	$nは$a (事象, 存在) を知る
žuži				
žužy				
žužu				
žuže	julne	ju'e	net block	$x_{1}$ is a net/filter allowing passage of $x_{2}$, prohibiting passage of $x_{3}$, netting properties $x_{4}$.
žuža				
žužo				
žuzy				
žuzu				
žuze				
žuza				
žuzo				
žuvi	jivna	jvi	compete	$x_{1}$ competes/vies with opponent $x_{2}$ in contest/competition $x_{3}$ (event) for gain $x_{4}$; $x_{1}$ rivals $x_{2}$.
žuvy				
žuvu				
žuve				
žuva	javni	jva	rule term	$x_{1}$ is a rule prescribing/mandating/requiring $x_{2}$ (event/state) within system/community $x_{3}$.
žuvo				
žuvja				
žuvjo				
žuvju				
žuri	junri	jur	serious	$x_{1}$ (person) is serious/earnest/has gravity about $x_{2}$ (event/state/activity).
žury				
žuru	judri		address	$x_{1}$ is an address of/are coordinates of $x_{2}$ in system $x_{3}$.
žure				
žura				
žuro				
žegy				
žegu				
žege				
žega				
žego				
ženi				
ženy				
ženu	jerna		deserve earn	$x_{1}$ (agent/person) earns/[deserves/merits] wages/salary/pay $x_{2}$ for work/service $x_{3}$ (activity).
žene				
žena	jenca	jen	shock	$x_{1}$ (event) shocks/stuns $x_{2}$.
ženo				
ženja				
ženjo				
ženju				
žemi				
žemy				
žemu	jenmi	jem jei	army	$x_{1}$ (mass) is an army serving group/community $x_{2}$ (mass) in function $x_{3}$ (activity).
žeme				
žema				
žemo				
žemja				
žemjo				
žemju				
žeci	jersi	je'i	chase follow	$x_{1}$ chases/pursues/(physically) follows after $x_{2}$; volition is not implied for $x_{1}$ or $x_{2}$.
žecy				
žecu				
žece				
žeca				
žeco				
žecja				
žecjo				
žecju				
žedi				
žedy				
žedu	jendu	jed	axle	$x_{1}$ is an axle/spindle [tool] on which $x_{2}$ rotates, of material/properties $x_{3}$.
žede				
žeda				
žedo				
žebi				
žeby				
žebu				
žebe				
žeba				
žebo				
žebja				
žebjo				
žebju				
žeki				
žeky				
žeku				
žeke				
žeka				
žeko				
žekja				
žekjo				
žekju				
žeti				
žety				
žetu				
žete				
žeta				
žeto				
žepi				
žepy				
žepu				
žepe				
žepa				
žepo				
žepja				
žepjo				
žepju				
žexy				
žexu	jerxo	jex	Algerian	$x_{1}$ reflects Algerian culture/nationality in aspect $x_{2}$.
žexe				
žexa				
žexo				
žeši				
žešy				
žešu				
žeše				
žeša				
žešo				
žesy				
žesu	jensi		scissor	$nは鋏
žese				
žesa				
žeso	jesni	jes	needle	$x_{1}$ is a needle [pointed shape/form, not tool] of material $x_{2}$.
žefi				
žefy				
žefu	jeftu	jef	week	$x_{1}$ is $x_{2}$ weeks in duration (default is 1 week) by standard $x_{3}$.
žefe				
žefa				
žefo				
žefja				
žefjo				
žefju				
žehy				
žehu	jetnu	jet je'u	true truth	$x_{1}$ (du'u) is true/truth by standard/epistemology/metaphysics $x_{2}$.
žehe	jetce	je'e	jet	$x_{1}$ is a jet [expelled stream] of material $x_{2}$ expelled from $x_{3}$.
žeha	jecta	jec je'a	polity	$x_{1}$ is a polity/state governing territory/domain $x_{2}$; [government/territory relationship].
žeho	jegvo	jeg je'o		$x_{1}$ pertains to the common Judeo-Christian-Moslem (Abrahamic) culture/religion/nationality in aspect $x_{2}$.
žeži				
žežy				
žežu				
žeže				
žeža				
žežo				
žezy				
žezu				
žeze				
žeza				
žezo				
ževi				
ževy				
ževu				
ževe				
ževa				
ževo				
ževja				
ževjo				
ževju				
žeri				
žery	jelca	jel	burn	$n (燃料) は$a (酸化劑) で燃焼する
žeru	jbera	jer	borrow	$x_{1}$ (agent) borrows/temporarily takes/assumes $x_{2}$ (object) from source $x_{3}$ for interval $x_{4}$.
žere				
žera				
žero				
žagy				
žagu				
žage				
žaga				
žago				
žani				
žany	janco	jan	shoulder	$nは肩 (尻)
žanu	jalna		starch	$x_{1}$ is a quantity of/contains/is made of starch from source $x_{2}$ of composition including $x_{3}$.
žane				
žana				
žano				
žanja				
žanjo				
žanju				
žami				
žamy				
žamu	jamna	jam	war	$x_{1}$ (person/mass) wars against $x_{2}$ over territory/matter $x_{3}$; $x_{1}$ is at war with $x_{2}$.
žame				
žama				
žamo				
žamja				
žamjo				
žamju				
žaci				
žacy				
žacu				
žace				
žaca				
žaco				
žacja				
žacjo				
žacju				
žadi				
žady				
žadu	jadni	jad ja'i	adorn ornament	$x_{1}$ (object) adorns/decorates $x_{2}$; $x_{1}$ is an adornment/decoration of $x_{2}$; $x_{2}$ is fancy/decorated.
žade				
žada				
žado				
žabi	janbe	jab	bell	$x_{1}$ is a bell/chime/[tuning fork] [tuned percussion instrument] producing sound/note $x_{2}$.
žaby				
žabu	jarbu		suburb	$x_{1}$ is a suburban area of city/metropolis $x_{2}$.
žabe				
žaba				
žabo				
žabja				
žabjo				
žabju				
žaki				
žaky				
žaku	jakne		rocket	$x_{1}$ is a rocket [vehicle] propelled by jet expelling $x_{2}$ carrying payload $x_{3}$.
žake				
žaka	jarki	jak	narrow	$x_{1}$ is narrow in dimension $x_{2}$ [2nd most significant dimension] by standard $x_{3}$.
žako				
žakja				
žakjo				
žakju				
žati				
žaty	žaty		nominative	$nは主格
žatu	janta	jat	account bill	$x_{1}$ is an account/bill/invoice for goods/services $x_{2}$, billed to $x_{3}$ by $x_{4}$.
žate				
žata				
žato				
žapi				
žapy				
žapu	jaspu	jap	account passport	$x_{1}$ is a passport issued to $x_{2}$ (person) by authority $x_{3}$ allowing $x_{4}$ (activity).
žape				
žapa				
žapo				
žapja				
žapjo				
žapju				
žaxy				
žaxu				
žaxe				
žaxa				
žaxo				
žaši				
žašy				
žašu	djacu	jac jau	water	$nは水 (H₂O)
žaše				
žaša				
žašo				
žasy				
žasu	jansu	jas	diplomat	$x_{1}$ is a diplomat/consul representing polity $x_{2}$ in/at negotiation $x_{3}$ for function/purpose $x_{4}$.
žase				
žasa				
žaso				
žafi	jgari	jai	grasp hold	$nは$aを抱擁する
žafy				
žafu	jamfu	jaf jma	foot	$nは足
žafe				
žafa				
žafo				
žafja				
žafjo				
žafju				
žahy				
žahu	jgalu	ja'u	claw	$x_{1}$ is a/the claw/nail/talon [body-part] of $x_{2}$; [metaphor: pointed, penetrating, physical weapon].
žahe	jalge	jag ja'e	result	$x_{1}$ (action/event/state) is a result/outcome/conclusion of antecedent $x_{2}$ (event/state/process).
žaha	ja'au		up	增加量
žaho	jarco	ja'o	show	$x_{1}$ (agent) shows/exhibits/displays/[reveals]/demonstrates $x_{2}$ (property) to audience $x_{3}$.
žaži				
žažy				
žažu	jmaji	jaj	gather	$x_{1}$ (mass/jo'u) gathers/collects at location $x_{2}$ from locations $x_{3}$ (mass/jo'u).
žaže				
žaža	jatna	ja'a	captain	$x_{1}$ is captain/commander/leader/in-charge/boss of vehicle/domain $x_{2}$.
žažo				
žazy				
žazu				
žaze				
žaza				
žazo				
žavi				
žavy				
žavu				
žave				
žava				
žavo				
žavja				
žavjo				
žavju				
žari	janli	jal	collide	$x_{1}$ collides with/crashes/bumps/runs into $x_{2}$.
žary	jdari	jar	firm hard	$nは$aに對して軟らかい
žaru	jabre		brake	$x_{1}$ brakes/causes to slow motion/activity $x_{2}$ with device/mechanism/principle $x_{3}$.
žare				
žara	jalra		cockroach termite	$x_{1}$ is a cockroach/orthopteran/termite of order/species/breed $x_{2}$.
žaro				
žogy				
žogu				
žoge				
žoga				
žogo				
žoni				
žony				
žonu				
žone				
žona				
žono				
žonja				
žonjo				
žonju				
žomi				
žomy				
žomu				
žome				
žoma				
žomo				
žomja				
žomjo				
žomju				
žoci				
žocy				
žocu				
žoce				
žoca				
žoco				
žocja				
žocjo				
žocju				
žodi				
žody				
žodu				
žode				
žoda				
žodo				
žobi				
žoby				
žobu				
žobe				
žoba				
žobo				
žobja				
žobjo				
žobju				
žoki				
žoky				
žoku				
žoke				
žoka				
žoko				
žokja				
žokjo				
žokju				
žoti				
žoty				
žotu				
žote				
žota				
žoto				
žopi				
žopy				
žopu				
žope				
žopa				
žopo				
žopja				
žopjo				
žopju				
žoxy				
žoxu				
žoxe				
žoxa				
žoxo				
žoši				
žošy				
žošu				
žoše				
žoša				
žošo				
žosy				
žosu				
žose				
žosa				
žoso				
žofi				
žofy				
žofu				
žofe				
žofa				
žofo				
žofja				
žofjo				
žofju				
žohy				
žohu				
žohe	jorne	jon jo'e	joined	$x_{1}$ is joined to/connects to/is united with $x_{2}$ at common locus $x_{3}$; $x_{1}$ and $x_{2}$ are a union.
žoha				
žoho	jordo	jor jo'o	Jordanian	$x_{1}$ reflects Jordanian culture/nationality in aspect $x_{2}$.
žoži				
žožy				
žožu				
žože				
žoža				
žožo				
žozy				
žozu				
žoze				
žoza				
žozo				
žovi				
žovy				
žovu				
žove				
žova				
žovo				
žovja				
žovjo				
žovju				
žori				
žory				
žoru	junla	jul	clock	$x_{1}$ is clock/watch/timer measuring time units $x_{2}$ to precision $x_{3}$ with timing mechanism/method $x_{4}$.
žore				
žora				
žoro				
zygy				
zygu				
zyge				
zyga				
zygo				
zyni				
zyny				
zynu				
zyne				
zyna				
zyno				
zynja				
zynjo				
zynju				
zymi				
zymy				
zymu				
zyme				
zyma				
zymo				
zymja				
zymjo				
zymju				
zyci				
zycy				
zycu				
zyce				
zyca				
zyco				
zycja				
zycjo				
zycju				
zydi				
zydy				
zydu				
zyde				
zyda				
zydo				
zybi				
zyby				
zybu				
zybe				
zyba				
zybo				
zybja				
zybjo				
zybju				
zyki				
zyky				
zyku				
zyke				
zyka				
zyko				
zykja				
zykjo				
zykju				
zyti				
zyty				
zytu				
zyte				
zyta				
zyto				
zypi				
zypy				
zypu				
zype				
zypa				
zypo				
zypja				
zypjo				
zypju				
zyxy				
zyxu				
zyxe				
zyxa				
zyxo				
zyši				
zyšy				
zyšu				
zyše				
zyša				
zyšo				
zysy				
zysu				
zyse				
zysa				
zyso				
zyfi				
zyfy				
zyfu				
zyfe				
zyfa				
zyfo				
zyfja				
zyfjo				
zyfju				
zyhy				
zyhu				
zyhe				
zyha				
zyho				
zyži				
zyžy				
zyžu				
zyže				
zyža				
zyžo				
zyzy				
zyzu				
zyze				
zyza				
zyzo				
zyvi				
zyvy				
zyvu				
zyve				
zyva				
zyvo				
zyvja				
zyvjo				
zyvju				
zyri				
zyry				
zyru				
zyre				
zyra				
zyro				
zugy				
zugu				
zuge				
zuga				
zugo				
zuni				
zuny				
zunu	zulna		left	$nは$aの左に有る
zune				
zuna				
zuno				
zunja				
zunjo				
zunju				
zumi	zmiku	zmi	automatic	$x_{1}$ is automatic in function $x_{2}$ under conditions $x_{3}$.
zumy				
zumu	zumri	zmu	maize	$x_{1}$ is a quantity of maize/corn [grain] of species/strain $x_{2}$.
zume				
zuma	zmadu	zma mau	more more than	$x_{1}$ exceeds/is more than $x_{2}$ in property/quantity $x_{3}$ (ka/ni) by amount/excess $x_{4}$.
zumo				
zumja				
zumjo				
zumju				
zuci				
zucy				
zucu	zungi	zug	guilt	$x_{1}$ feels guilt/remorse about $x_{2}$ (abstraction).
zuce				
zuca	zgana	zga	observe	$x_{1}$ observes/[notices]/watches/beholds $x_{2}$ using senses/means $x_{3}$ under conditions $x_{4}$.
zuco				
zucja				
zucjo				
zucju				
zudi	zdile	zdi	amusing fun	$nは$aを樂しむ
zudy				
zudu				
zude				
zuda	zdani	zda	nest	$x_{1}$ is a nest/house/lair/den/[home] of/for $x_{2}$.
zudo				
zubi				
zuby				
zubu				
zube	zbepi	zbe	pedestal	$x_{1}$ is a pedestal/base/stand/pallet supporting $x_{2}$ (object/event), of materials/properties $x_{3}$.
zuba	zbani		bay	$x_{1}$ is a bay in/of coast/shoreline $x_{2}$.
zubo				
zubja				
zubjo				
zubju				
zuki				
zuky				
zuku				
zuke				
zuka				
zuko				
zukja				
zukjo				
zukju				
zuti				
zuty				
zutu	zutse	zut tse	sit	$nは$aに座る
zute				
zuta				
zuto				
zupi				
zupy				
zupu				
zupe				
zupa				
zupo				
zupja				
zupjo				
zupju				
zuxy				
zuxu				
zuxe				
zuxa				
zuxo				
zuši				
zušy				
zušu				
zuše				
zuša				
zušo				
zusy				
zusu				
zuse				
zusa				
zuso				
zufi				
zufy				
zufu				
zufe				
zufa				
zufo				
zufja				
zufjo				
zufju				
zuhy				
zuhu				
zuhe	zukte	zuk zu'e	act	$x_{1}$ is a volitional entity employing means/taking action $x_{2}$ for purpose/goal $x_{3}$/to end $x_{3}$.
zuha				
zuho				
zuži	zunti	zun zu'i	interfere	$x_{1}$ (evt./state) interferes with/hinders/disrupts $x_{2}$ (evt./state/process) due to quality $x_{3}$ (ka).
zužy				
zužu				
zuže				
zuža				
zužo				
zuzy				
zuzu				
zuze				
zuza				
zuzo				
zuvi				
zuvy				
zuvu				
zuve				
zuva	zvati	zva	at	$x_{1}$ (object/event) is at/attending/present at $x_{2}$ (event/location).
zuvo				
zuvja				
zuvjo				
zuvju				
zuri				
zury				
zuru	zunle	zul	left	$x_{1}$ is to the left/left-hand side of $x_{2}$ which faces/in-frame-of-reference $x_{3}$.
zure				
zura				
zuro				
zegy				
zegu				
zege				
zega				
zego				
zeni				
zeny				
zenu	zinki	zin zi'i	zinc	$x_{1}$ is a quantity of/contains/is made of zinc (Zn); [metaphor: hard metal].
zene				
zena				
zeno				
zenja				
zenjo				
zenju				
zemi				
zemy				
zemu				
zeme				
zema				
zemo				
zemja				
zemjo				
zemju				
zeci				
zecy				
zecu				
zece				
zeca				
zeco				
zecja				
zecjo				
zecju				
zedi				
zedy				
zedu				
zede				
zeda				
zedo				
zebi				
zeby				
zebu				
zebe				
zeba				
zebo				
zebja				
zebjo				
zebju				
zeki				
zeky				
zeku				
zeke				
zeka				
zeko				
zekja				
zekjo				
zekju				
zeti				
zety				
zetu	zetro	zet	1E21 zetta	$x_{1}$ is $10^{21}$ of $x_{2}$ in dimension/aspect $x_{3}$ (default is units).
zete				
zeta				
zeto				
zepi				
zepy				
zepu	zepti	zep	1E-21	$x_{1}$ is $10^{-21}$ of $x_{2}$ in dimension/aspect $x_{3}$ (default is units).
zepe				
zepa				
zepo				
zepja				
zepjo				
zepju				
zexy				
zexu				
zexe				
zexa				
zexo				
zeši				
zešy				
zešu				
zeše				
zeša				
zešo				
zesy				
zesu				
zese				
zesa				
zeso				
zefi				
zefy				
zefu				
zefe				
zefa				
zefo				
zefja				
zefjo				
zefju				
zehy				
zehu	zirpu	zir zi'u	purple	$nは紫色を呈する
zehe	zifre	zif zi'e	free	$x_{1}$ is free/at liberty to do/be $x_{2}$ (event/state) under conditions $x_{3}$.
zeha	zenba	zen ze'a	increase	$x_{1}$ (experiencer) increases/is incremented/augmented in property/quantity $x_{2}$ by amount $x_{3}$.
zeho	dzipo	zip zi'o	Antarctican	$x_{1}$ reflects Antarctican culture/nationality/geography in aspect $x_{2}$.
zeži				
zežy				
zežu				
zeže				
zeža	ze'au		down	減少量
zežo				
zezy				
zezu				
zeze				
zeza				
zezo				
zevi				
zevy				
zevu				
zeve				
zeva				
zevo				
zevja				
zevjo				
zevju				
zeri				
zery				
zeru	zekri	zer zei	crime	$x_{1}$ (event/state) is a punishable crime/[taboo/sin] to people/culture/judges/jury $x_{2}$.
zere				
zera				
zero				
zagy				
zagu				
zage				
zaga				
zago				
zani				
zany				
zanu				
zane				
zana				
zano				
zanja				
zanjo				
zanju				
zami				
zamy				
zamu				
zame				
zama				
zamo				
zamja				
zamjo				
zamju				
zaci				
zacy				
zacu				
zace				
zaca				
zaco				
zacja				
zacjo				
zacju				
zadi				
zady				
zadu				
zade				
zada				
zado				
zabi				
zaby				
zabu				
zabe				
zaba	zbasu	zba	build make	$nは$a (材料, 部品) から$d (完成品) を作る (構成する)
zabo				
zabja				
zabjo				
zabju				
zaki				
zaky				
zaku				
zake				
zaka				
zako				
zakja				
zakjo				
zakju				
zati				
zaty				
zatu	zasti	zat za'i	exist	$x_{1}$ exists/is real/actual/reality for $x_{2}$ under metaphysics $x_{3}$.
zate				
zata				
zato				
zapi				
zapy				
zapu				
zape				
zapa				
zapo				
zapja				
zapjo				
zapju				
zaxy				
zaxu				
zaxe				
zaxa				
zaxo				
zaši				
zašy				
zašu	zarci	zac zai	market shop	$x_{1}$ is a market/store/exchange/shop(s) selling/trading (for) $x_{2}$, operated by/with participants $x_{3}$.
zaše				
zaša				
zašo				
zasy				
zasu	zasni	zas	temporary	$x_{1}$ is temporary/not permanent/expected to change in property $x_{2}$ (ka) by standard/expectant $x_{3}$.
zase				
zasa				
zaso				
zafi				
zafy				
zafu				
zafe				
zafa				
zafo				
zafja				
zafjo				
zafju				
zahy				
zahu	zargu	zag za'u	buttock arse	$x_{1}$ is a/the buttock(s)/arse/rear/seat [body-part] of $x_{2}$; [metaphor: rounded surface, support].
zahe				
zaha	zabna	zan za'a	favorable	$x_1$ is favorable/great/superb/fabulous/dandy/outstanding/swell/admirable/nice/commendable/delightful/desirable/enjoyable/laudable/likable/lovable/wonderful/praiseworthy/high-quality/cool in property $x_2$ by standard $x_3$; $x_1$ rocks in aspect $x_2$ according to $x_3$
zaho				
zaži				
zažy				
zažu	zajba	zaj	gymnast	$x_{1}$ is a gymnast at/performs gymnastics feat $x_{2}$.
zaže				
zaža				
zažo				
zazy				
zazu				
zaze				
zaza				
zazo				
zavi				
zavy				
zavu				
zave				
zava				
zavo				
zavja				
zavjo				
zavju				
zari				
zary				
zaru	zanru	zar zau	approve	$x_{1}$ approves of/gives favor to plan/action $x_{2}$ (object/event).
zare				
zara				
zaro	zalvi	zal	grind	$x_{1}$ [individual or mass of hard surfaces] grinds/pulverizes/crushes $x_{2}$ into powder $x_{3}$.
zogy				
zogu				
zoge				
zoga				
zogo				
zoni				
zony				
zonu				
zone				
zona				
zono				
zonja				
zonjo				
zonju				
zomi				
zomy				
zomu				
zome				
zoma				
zomo				
zomja				
zomjo				
zomju				
zoci				
zocy				
zocu				
zoce				
zoca				
zoco				
zocja				
zocjo				
zocju				
zodi				
zody				
zodu				
zode				
zoda				
zodo				
zobi				
zoby				
zobu				
zobe				
zoba				
zobo				
zobja				
zobjo				
zobju				
zoki				
zoky				
zoku				
zoke				
zoka				
zoko				
zokja				
zokjo				
zokju				
zoti				
zoty				
zotu				
zote				
zota				
zoto				
zopi				
zopy				
zopu				
zope				
zopa				
zopo				
zopja				
zopjo				
zopju				
zoxy				
zoxu				
zoxe				
zoxa				
zoxo	zoxo		relate	$nは$aに關はる ($a的)
zoši				
zošy				
zošu				
zoše				
zoša				
zošo				
zosy				
zosu				
zose				
zosa				
zoso				
zofi				
zofy				
zofu				
zofe				
zofa				
zofo				
zofja				
zofjo				
zofju				
zohy				
zohu				
zohe				
zoha				
zoho				
zoži				
zožy				
zožu				
zože				
zoža				
zožo				
zozy				
zozu				
zoze				
zoza				
zozo				
zovi				
zovy				
zovu				
zove				
zova				
zovo				
zovja				
zovjo				
zovju				
zori				
zory				
zoru				
zore				
zora				
zoro				
vigy				
vigu				
vige				
viga				
vigo				
vini				
viny				
vinu				
vine				
vina	vlina		alternation	$x_{1}$ is a logical alternation/disjunction, stating that $x_{2}$ (du'u) and/or $x_{3}$ (du'u) is/are true.
vino				
vinja				
vinjo				
vinju				
vimi				
vimy				
vimu	vikmi	vim vi'i	excrete	$x_{1}$ [body] excretes waste $x_{2}$ from source $x_{3}$ via means/route $x_{4}$.
vime				
vima				
vimo				
vimja				
vimjo				
vimju				
vici				
vicy				
vicu				
vice				
vica				
vico				
vicja				
vicjo				
vicju				
vidi				
vidy				
vidu	vidni		video	$x_{1}$ is a video monitor/CRT/screen [machine] serving function $x_{2}$.
vide				
vida	vindu	vid	poison	$x_{1}$ is poisonous/venomous/toxic/a toxin to $x_{2}$.
vido				
vibi				
viby				
vibu	vibna	vib	vagina	$nは膣
vibe				
viba				
vibo				
vibja				
vibjo				
vibju				
viki				
viky				
viku	viknu	vik	viscous	$x_{1}$ is thick/viscous under conditions $x_{2}$.
vike				
vika				
viko				
vikja				
vikjo				
vikju				
viti				
vity				
vitu	vitci	vit	irregular	$x_{1}$ is irregular/occasional/intermittent in property/action/aspect $x_{2}$.
vite				
vita				
vito				
vipi				
vipy				
vipu	vipsi	vip	deputy	$x_{1}$ is a deputy/vice/subordinate in aspect [or organization principle] $x_{2}$ (ka) to principal $x_{3}$.
vipe				
vipa				
vipo				
vipja				
vipjo				
vipju				
vixy				
vixu				
vixe				
vixa				
vixo				
viši				
višy				
višu				
više				
viša				
višo				
visy				
visu				
vise				
visa				
viso				
vifi				
vify				
vifu	vifne	vif	fresh	$nは新鮮
vife				
vifa				
vifo				
vifja				
vifjo				
vifju				
vihy				
vihu	vimcu	vic vi'u	delete remove	$x_{1}$ removes/subtracts/deducts/takes away $x_{2}$ from $x_{3}$ with/leaving result/remnant/remainder $x_{4}$.
vihe	vitke	vi'e	attend guest	$x_{1}$ is a guest/visitor of $x_{2}$ at place/event $x_{3}$; $x_{1}$ visits $x_{2}$/$x_{3}$.
viha	viska	vis vi'a	see	$nは$a (光) を見る
viho	vitno	vi'o	permanent	$x_{1}$ is permanent/lasting/[eternal] in property $x_{2}$ (ka) by standard $x_{3}$ [time-span/expectant one].
viži				
vižy				
vižu	vinji	vij	airplane	$x_{1}$ is an airplane/aircraft [flying vehicle] for carrying passengers/cargo $x_{2}$, propelled by $x_{3}$.
viže				
viža				
vižo				
vizy				
vizu				
vize	vize		mass	$nの質量は$a
viza				
vizo				
vivi				
vivy				
vivu				
vive				
viva				
vivo				
vivja				
vivjo				
vivju				
viri	vlipa	vli	powerful	$x_{1}$ has the power to bring about $x_{2}$ under conditions $x_{3}$; $x_{1}$ is powerful in aspect $x_{2}$ under $x_{3}$.
viry				
viru	vidru	vir	virus	$x_{1}$ is a virus of species/breed/defining property $x_{2}$ capable of infecting [at] $x_{3}$.
vire				
vira	vlile	vil	violent	$x_{1}$ is an event/state/act of violence.
viro				
vygy				
vygu				
vyge				
vyga				
vygo				
vyni				
vyny				
vynu				
vyne				
vyna				
vyno				
vynja				
vynjo				
vynju				
vymi				
vymy				
vymu				
vyme				
vyma				
vymo				
vymja				
vymjo				
vymju				
vyci				
vycy				
vycu				
vyce				
vyca				
vyco				
vycja				
vycjo				
vycju				
vydi				
vydy				
vydu				
vyde				
vyda				
vydo				
vybi				
vyby				
vybu				
vybe				
vyba				
vybo				
vybja				
vybjo				
vybju				
vyki				
vyky				
vyku				
vyke				
vyka				
vyko				
vykja				
vykjo				
vykju				
vyti				
vyty				
vytu				
vyte				
vyta				
vyto				
vypi				
vypy				
vypu				
vype				
vypa	vypa		spear	$nは槍 (鋲, 串)
vypo				
vypja				
vypjo				
vypju				
vyxy				
vyxu				
vyxe				
vyxa				
vyxo				
vyši				
vyšy				
vyšu				
vyše				
vyša				
vyšo				
vysy				
vysu				
vyse				
vysa				
vyso				
vyfi				
vyfy				
vyfu				
vyfe				
vyfa				
vyfo				
vyfja				
vyfjo				
vyfju				
vyhy				
vyhu				
vyhe				
vyha				
vyho				
vyži				
vyžy				
vyžu				
vyže				
vyža				
vyžo				
vyzy				
vyzu				
vyze				
vyza				
vyzo				
vyvi				
vyvy				
vyvu				
vyve				
vyva				
vyvo				
vyvja				
vyvjo				
vyvju				
vyri				
vyry				
vyru				
vyre				
vyra				
vyro				
vugy				
vugu				
vuge				
vuga				
vugo				
vuni				
vuny				
vunu				
vune				
vuna				
vuno				
vunja				
vunjo				
vunju				
vumi				
vumy				
vumu				
vume				
vuma				
vumo				
vumja				
vumjo				
vumju				
vuci				
vucy				
vucu				
vuce				
vuca				
vuco				
vucja				
vucjo				
vucju				
vudi				
vudy				
vudu				
vude				
vuda				
vudo				
vubi				
vuby				
vubu				
vube				
vuba				
vubo				
vubja				
vubjo				
vubju				
vuki				
vuky				
vuku				
vuke				
vuka				
vuko				
vukja				
vukjo				
vukju				
vuti				
vuty				
vutu				
vute				
vuta				
vuto				
vupi				
vupy				
vupu				
vupe	vupe		scorn	$nは$aを侮る (軽蔑する, 見くびる)
vupa				
vupo				
vupja				
vupjo				
vupju				
vuxy				
vuxu				
vuxe				
vuxa				
vuxo				
vuši				
vušy				
vušu				
vuše				
vuša				
vušo				
vusy				
vusu	vrusi	vus vu'i	taste	$nは$a (化學物質) を味はふ
vuse				
vusa				
vuso				
vufi				
vufy				
vufu				
vufe				
vufa				
vufo				
vufja				
vufjo				
vufju				
vuhy				
vuhu				
vuhe	vrude	vud vu'e	virtue virtuous	$nは善良
vuha				
vuho	vukro	vur vu'o	Ukrainian	$x_{1}$ reflects Ukrainian language/culture/nationality in aspect $x_{2}$.
vuži				
vužy				
vužu				
vuže				
vuža				
vužo				
vuzy				
vuzu				
vuze				
vuza				
vuzo				
vuvi				
vuvy				
vuvu				
vuve				
vuva				
vuvo				
vuvja				
vuvjo				
vuvju				
vuri	vrici		assorted diverse	$x_{1}$ (set/mass/ind.) is miscellaneous/various/assorted in property $x_{2}$ (ka).
vury				
vuru				
vure	zivle	ziv vle	invest	$x_{1}$ (agent) invests resources $x_{2}$ in investment $x_{3}$ expecting return/profit $x_{4}$ (object(s)/event).
vura	vraga	vra	lever	$x_{1}$ is a lever [tool] [of apparatus] for doing $x_{2}$ [function/action], with fulcrum $x_{3}$ and arm $x_{4}$.
vuro				
vegy				
vegu				
vege				
vega				
vego				
veni				
veny				
venu				
vene				
vena				
veno				
venja				
venjo				
venju				
vemi				
vemy				
vemu				
veme				
vema				
vemo				
vemja				
vemjo				
vemju				
veci				
vecy				
vecu				
vece				
veca				
veco				
vecja				
vecjo				
vecju				
vedi				
vedy				
vedu				
vede				
veda				
vedo				
vebi				
veby				
vebu				
vebe				
veba				
vebo				
vebja				
vebjo				
vebju				
veki				
veky				
veku				
veke				
veka				
veko				
vekja				
vekjo				
vekju				
veti				
vety				
vetu				
vete				
veta				
veto				
vepi				
vepy				
vepu				
vepe				
vepa				
vepo				
vepja				
vepjo				
vepju				
vexy				
vexu				
vexe				
vexa				
vexo				
veši				
vešy				
vešu				
veše				
veša				
vešo				
vesy				
vesu	vensa	ves	spring	$nは$a (惑星) の春 (暖まる季節)
vese				
vesa				
veso				
vefi				
vefy				
vefu	venfu	vef	revenge	$x_{1}$ takes revenge on/retaliates against $x_{2}$ (person) for wrong $x_{3}$ (nu) with vengeance $x_{4}$ (nu).
vefe				
vefa				
vefo				
vefja				
vefjo				
vefju				
vehy				
vehu	vecnu	ven ve'u	sell	$x_{1}$ [seller] sells/vends $x_{2}$ [goods/service/commodity] to buyer $x_{3}$ for amount/cost/expense $x_{4}$.
vehe				
veha	verba	ver ve'a	child kid	$x_{1}$ is a child/kid/juvenile [a young person] of age $x_{2}$, immature by standard $x_{3}$.
veho				
veži				
vežy				
vežu				
veže				
veža				
vežo				
vezy				
vezu				
veze				
veza				
vezo				
vevi	vreji	rej vei	record	$x_{1}$ is a record of $x_{2}$ (data/facts/du'u) about $x_{3}$ (object/event) preserved in medium $x_{4}$.
vevy				
vevu				
veve				
veva				
vevo				
vevja				
vevjo				
vevju				
veri	virnu	vri	brave	$x_{1}$ is brave/valiant/courageous in activity $x_{2}$ (event) by standard $x_{3}$.
very				
veru				
vere	vreta	vre	reclining	$nは$aに寢る (臥す)
vera				
vero				
vagy				
vagu				
vage				
vaga				
vago				
vani				
vany				
vanu	vanju	van	wine	$x_{1}$ is made of/contains/is a quantity of wine from fruit/grapes $x_{2}$.
vane				
vana				
vano				
vanja				
vanjo				
vanju				
vami				
vamy				
vamu	vamji	vam va'i	value worth	$x_{1}$ (ni) is the equivalent value/worth of $x_{2}$ [item(s) of value] to $x_{3}$ for use/appreciation $x_{4}$.
vame				
vama				
vamo				
vamja				
vamjo				
vamju				
vaci				
vacy				
vacu				
vace				
vaca				
vaco				
vacja				
vacjo				
vacju				
vadi				
vady				
vadu				
vade				
vada				
vado				
vabi				
vaby				
vabu	vanbi	vab	environment	$x_{1}$ (ind./mass) is part of an environment/surroundings/context/ambience of $x_{2}$.
vabe				
vaba				
vabo				
vabja				
vabjo				
vabju				
vaki				
vaky				
vaku				
vake				
vaka				
vako				
vakja				
vakjo				
vakju				
vati				
vaty				
vatu	vamtu	vat	vomit	$nは$aを嘔吐する
vate				
vata				
vato				
vapi				
vapy				
vapu				
vape				
vapa				
vapo				
vapja				
vapjo				
vapju				
vaxy				
vaxu				
vaxe				
vaxa				
vaxo				
vaši				
vašy				
vašu	vanci	vac	evening	$x_{1}$ is an evening [from end-of-work until sleep typical for locale] of day $x_{2}$ at location $x_{3}$.
vaše				
vaša				
vašo				
vasy				
vasu	vasru	vas vau	contain include	$nは$aを內側に持つ
vase				
vasa				
vaso				
vafi				
vafy				
vafu				
vafe				
vafa				
vafo				
vafja				
vafjo				
vafju				
vahy				
vahu	vasxu	vax va'u	breathe	$x_{1}$ breathes/respires $x_{2}$ [gas].
vahe				
vaha				
vaho				
važi				
važy				
važu	vajni	vaj vai	important	$nは$aを氣に掛ける (關心=有)
važe				
važa				
važo				
vazy				
vazu				
vaze				
vaza				
vazo				
vavi				
vavy				
vavu				
vave				
vava				
vavo				
vavja				
vavjo				
vavju				
vari				
vary				
varu	valsi	val vla	word	$x_{1}$ is a word meaning/causing $x_{2}$ in language $x_{3}$; (adjective: $x_{1}$ is lexical/verbal).
vare	vacri	var	air	$x_{1}$ is a quantity of air/normally-gaseous atmosphere of planet $x_{2}$, of composition including $x_{3}$.
vara				
varo				
vogy				
vogu				
voge				
voga				
vogo				
voni				
vony				
vonu				
vone				
vona				
vono				
vonja				
vonjo				
vonju				
vomi				
vomy				
vomu				
vome				
voma				
vomo				
vomja				
vomjo				
vomju				
voci				
vocy				
vocu				
voce				
voca				
voco				
vocja				
vocjo				
vocju				
vodi				
vody				
vodu				
vode				
voda				
vodo				
vobi				
voby				
vobu				
vobe				
voba				
vobo				
vobja				
vobjo				
vobju	vobju		randy	$nは$aに欲情する
voki				
voky				
voku				
voke				
voka				
voko				
vokja				
vokjo				
vokju				
voti				
voty				
votu				
vote				
vota				
voto				
vopi				
vopy				
vopu				
vope				
vopa				
vopo				
vopja				
vopjo				
vopju				
voxy				
voxu				
voxe				
voxa				
voxo				
voši				
vošy				
vošu				
voše				
voša				
vošo				
vosy				
vosu				
vose				
vosa				
voso				
vofi	vofli	vol voi	flight	$nは$aを飛翔する
vofy				
vofu				
vofe				
vofa				
vofo				
vofja				
vofjo				
vofju				
vohy				
vohu				
vohe				
voha	voksa	vok vo'a	voice	$x_{1}$ is a voice/speech sound of individual $x_{2}$.
voho				
voži				
vožy				
vožu				
vože				
voža				
vožo				
vozy				
vozu				
voze				
voza				
vozo				
vovi				
vovy				
vovu				
vove				
vova				
vovo				
vovja				
vovjo				
vovju				
vori				
vory				
voru	vorme	vor vro	door	$x_{1}$ is a doorway/gateway/access way between $x_{2}$ and $x_{3}$ of structure $x_{4}$.
vore				
vora				
voro				
vjagy				
vjagu				
vjage				
vjaga				
vjago				
vjani				
vjany				
vjanu				
vjane				
vjana				
vjano				
vjami				
vjamy				
vjamu				
vjame				
vjama				
vjamo				
vjaci				
vjacy				
vjacu				
vjace				
vjaca				
vjaco				
vjadi				
vjady				
vjadu				
vjade				
vjada				
vjado				
vjabi				
vjaby				
vjabu				
vjabe				
vjaba				
vjabo				
vjaki				
vjaky				
vjaku				
vjake				
vjaka				
vjako				
vjati				
vjaty				
vjatu				
vjate				
vjata				
vjato				
vjapi				
vjapy				
vjapu				
vjape				
vjapa				
vjapo				
vjaxy				
vjaxu				
vjaxe				
vjaxa				
vjaxo				
vjaši				
vjašy				
vjašu				
vjaše				
vjaša				
vjašo				
vjasy				
vjasu				
vjase				
vjasa				
vjaso				
vjafi				
vjafy				
vjafu				
vjafe				
vjafa				
vjafo				
vjahy				
vjahu				
vjahe				
vjaha				
vjaho				
vjaži				
vjažy				
vjažu				
vjaže				
vjaža				
vjažo				
vjazy				
vjazu				
vjaze				
vjaza				
vjazo				
vjavi				
vjavy				
vjavu				
vjave				
vjava				
vjavo				
vjari				
vjary				
vjaru				
vjare				
vjara				
vjaro				
vjogy				
vjogu				
vjoge				
vjoga				
vjogo				
vjoni				
vjony				
vjonu				
vjone				
vjona				
vjono				
vjomi				
vjomy				
vjomu				
vjome				
vjoma				
vjomo				
vjoci				
vjocy				
vjocu				
vjoce				
vjoca				
vjoco				
vjodi				
vjody				
vjodu				
vjode				
vjoda				
vjodo				
vjobi				
vjoby				
vjobu				
vjobe				
vjoba				
vjobo				
vjoki				
vjoky				
vjoku				
vjoke				
vjoka				
vjoko				
vjoti				
vjoty				
vjotu				
vjote				
vjota				
vjoto				
vjopi				
vjopy				
vjopu				
vjope				
vjopa				
vjopo				
vjoxy				
vjoxu				
vjoxe				
vjoxa				
vjoxo	vjoxo		back	$nは$aの逆行
vjoši				
vjošy				
vjošu				
vjoše				
vjoša				
vjošo				
vjosy				
vjosu				
vjose				
vjosa				
vjoso				
vjofi				
vjofy				
vjofu				
vjofe				
vjofa				
vjofo				
vjohy				
vjohu				
vjohe				
vjoha				
vjoho				
vjoži				
vjožy				
vjožu				
vjože				
vjoža				
vjožo				
vjozy				
vjozu				
vjoze				
vjoza				
vjozo				
vjovi				
vjovy				
vjovu				
vjove				
vjova				
vjovo				
vjori				
vjory				
vjoru				
vjore				
vjora				
vjoro				
vjugy				
vjugu				
vjuge				
vjuga				
vjugo				
vjuni				
vjuny				
vjunu				
vjune				
vjuna				
vjuno				
vjumi				
vjumy				
vjumu				
vjume				
vjuma				
vjumo				
vjuci				
vjucy				
vjucu				
vjuce				
vjuca				
vjuco				
vjudi				
vjudy				
vjudu				
vjude				
vjuda				
vjudo				
vjubi				
vjuby				
vjubu				
vjube				
vjuba				
vjubo				
vjuki				
vjuky				
vjuku				
vjuke				
vjuka				
vjuko				
vjuti				
vjuty				
vjutu				
vjute				
vjuta				
vjuto				
vjupi				
vjupy				
vjupu				
vjupe				
vjupa				
vjupo				
vjuxy				
vjuxu				
vjuxe				
vjuxa				
vjuxo				
vjuši				
vjušy				
vjušu				
vjuše				
vjuša				
vjušo				
vjusy				
vjusu				
vjuse				
vjusa				
vjuso				
vjufi				
vjufy				
vjufu				
vjufe				
vjufa				
vjufo				
vjuhy				
vjuhu				
vjuhe				
vjuha				
vjuho				
vjuži				
vjužy				
vjužu				
vjuže				
vjuža				
vjužo				
vjuzy				
vjuzu				
vjuze				
vjuza				
vjuzo				
vjuvi				
vjuvy				
vjuvu				
vjuve				
vjuva				
vjuvo				
vjuri				
vjury				
vjuru				
vjure				
vjura				
vjuro				
rigy				
rigu	rigni	rig	disgusting	$x_{1}$ is repugnant to/causes disgust to $x_{2}$ under conditions $x_{3}$.
rige				
riga				
rigo				
rini				
riny	linsi	lin	chain	$x_{1}$ is a length of chain/links of material $x_{2}$ with link properties $x_{3}$.
rinu	risna		heart	$nは心臟
rine				
rina				
rino				
rinja				
rinjo				
rinju				
rimi				
rimy				
rimu	limna	lim	swim	$nは$a (流體) を泳ぐ
rime				
rima				
rimo	rimni	rim	rhyme	$x_{1}$ rhymes/alliterates with $x_{2}$ in language/phonetics $x_{3}$, matching sound correspondence $x_{4}$ (ka).
rimja				
rimjo				
rimju				
rici	ritli	ri'i	rite	$x_{1}$ is a rite/ceremony/ritual for purpose/goal $x_{2}$, by custom/in community $x_{3}$, with form/rules $x_{4}$.
ricy				
ricu	livga		liver	$nは肝臟
rice				
rica				
rico	linto	li'o	lightweight	$x_{1}$ is light in mass/weight by standard $x_{2}$.
ricja				
ricjo				
ricju				
ridi				
ridy	lindi	lid	lightning	$nは雷
ridu	crida	rid	demon elf	$x_{1}$ is a fairy/elf/gnome/brownie/pixie/goblin/kobold [mythical humanoid] of mythos/religion $x_{2}$.
ride				
rida				
rido				
ribi				
riby				
ribu	libjo	lib	Libyan	$x_{1}$ reflects Libyan culture/nationality in aspect $x_{2}$.
ribe				
riba				
ribo	cribe	rib	bear	$nは熊 (熊科)
ribja				
ribjo				
ribju				
riki				
riky				
riku	litki	lik	liquid	$nは液體
rike				
rika				
riko	crino	ri'o	green	$nは綠色を呈する
rikja				
rikjo				
rikju				
riti				
rity	clite	lit	polite	$x_{1}$ is polite/courteous/civil in matter $x_{2}$ according to standard/custom $x_{3}$.
ritu	brito	rit	British	$x_{1}$ reflects British/United Kingdom culture/nationality in aspect $x_{2}$.
rite				
rita				
rito				
ripi				
ripy				
ripu	cripu	rip	bridge	$nは橋梁
ripe				
ripa				
ripo				
ripja				
ripjo				
ripju				
rixy				
rixu	trixe	rix ti'e	behind back	$nは$aの後 (進行方向の逆) に有る
rixe				
rixa				
rixo	plixa	lix	plow	$x_{1}$ (agent) plows/furrows/tills [cuts into and turns up] $x_{2}$ with tool $x_{3}$ propelled by $x_{4}$.
riši	rinci		drain	$x_{1}$ liquid/fluid drains/strains/flushes from source $x_{2}$ through drain/strainer $x_{3}$ by force $x_{4}$.
rišy				
rišu	rirci		rare special	$x_{1}$ [member] is rare/unusual/uncommon/atypical in property $x_{2}$ (ka) among members of $x_{3}$ (set).
riše				
riša	litce	lic	liter	$x_{1}$ is $x_{2}$ liter(s) [metric unit] in volume (default is 1) by standard $x_{3}$.
rišo	tricu	ric	tree	$nは木本植物
risy				
risu	rinsa		greet	$nは$aへ挨拶する
rise				
risa				
riso	lisri	lis	story	$x_1$ is a story/tale/yarn/narrative about plot/subject/moral $x_2$ by storyteller $x_3$ to audience $x_4$.
rifi				
rify	lifri	lif fri	experience face	$x_{1}$ [person/passive/state] undergoes/experiences $x_{2}$ (event/experience); $x_{2}$ happens to $x_{1}$.
rifu	limfa		lymph	$nは りんぱ
rife				
rifa				
rifo				
rifja				
rifjo				
rifju				
rihy	rinju	ri'u	restrain	$x_{1}$ is restrained/held [back]/constrained/kept by restraint $x_{2}$ against $x_{3}$ (event).
rihu	sligu	lig	solid	$nは個體
rihe	lidne	li'e	lead precede	$x_{1}$ precedes/leads $x_{2}$ in sequence $x_{3}$; $x_{1}$ is former/preceding/previous; $x_{2}$ is latter/following.
riha	rinka	rik ri'a	cause	$x_{1}$ (event/state) effects/physically causes effect $x_{2}$ (event/state) under conditions $x_{3}$.
riho	litru	li'u	travel	$x_{1}$ travels/journeys/goes/moves via route $x_{2}$ using means/vehicle $x_{3}$; $x_{1}$ is a traveller.
riži				
rižy				
rižu	linji	lij li'i	line	$x_{1}$ is a line/among lines [1-dimensional shape/form] defined by set of points $x_{2}$.
riže	rirxe	ri'e	river	$x_{1}$ is a river of land mass $x_{2}$, draining watershed $x_{3}$ into $x_{4}$/terminating at $x_{4}$.
riža				
rižo	rijno	rij	silver silvery	$x_{1}$ is made of/contains/is a quantity of silver/argentum (Ag); [metaphor: valuable, tarnishing].
rizy				
rizu	rismi	ris	rice	$x_{1}$ is a quantity of rice [a type of grain] of strain/cultivar $x_{2}$.
rize				
riza				
rizo				
rivi				
rivy				
rivu	cliva	liv li'a	leave	$nは$a (始點, 起源, 由來) から來る
rive	rivbi	riv	avoid escape	$x_{1}$ avoids/evades/shuns/escapes/skirts [fate] $x_{2}$ (event) through action/state $x_{3}$ (event).
riva				
rivo				
rivja				
rivjo				
rivju				
riri	rirni	rir	parent	$x_{1}$ is a parent of/raises/rears $x_{2}$; $x_{1}$ mentors/acts parental toward child/protege $x_{2}$.
riry	clira	lir	early	$x_{1}$ (event) is early by standard $x_{2}$.
riru	livla	lil	fuel	$x_{1}$ is a fuel/energy-source for powering $x_{2}$.
rire				
rira				
riro	rilti	ril	rhythm beat	$x_{1}$ (sequence/non-text quote) is a rhythm/beat of music/expressive form $x_{2}$.
rygy				
rygu				
ryge				
ryga				
rygo				
ryni				
ryny				
rynu				
ryne				
ryna				
ryno				
rynja				
rynjo				
rynju				
rymi				
rymy				
rymu				
ryme				
ryma				
rymo				
rymja				
rymjo				
rymju				
ryci				
rycy				
rycu				
ryce				
ryca				
ryco				
rycja				
rycjo				
rycju				
rydi				
rydy				
rydu				
ryde				
ryda				
rydo				
rybi				
ryby				
rybu				
rybe				
ryba				
rybo				
rybja				
rybjo				
rybju				
ryki				
ryky				
ryku				
ryke				
ryka				
ryko				
rykja				
rykjo	rykjo		digest	$nは$aを消化する
rykju				
ryti				
ryty				
rytu				
ryte				
ryta				
ryto				
rypi				
rypy				
rypu				
rype				
rypa				
rypo				
rypja				
rypjo				
rypju				
ryxy				
ryxu				
ryxe				
ryxa				
ryxo				
ryši				
ryšy				
ryšu				
ryše				
ryša				
ryšo				
rysy				
rysu				
ryse				
rysa				
ryso				
ryfi				
ryfy				
ryfu				
ryfe				
ryfa				
ryfo				
ryfja				
ryfjo				
ryfju				
ryhy				
ryhu	lalxu	la'u	lake	$x_{1}$ is a lake/lagoon/pool at site/within land mass $x_{2}$.
ryhe				
ryha				
ryho				
ryži				
ryžy				
ryžu				
ryže				
ryža				
ryžo				
ryzy				
ryzu				
ryze				
ryza				
ryzo				
ryvi				
ryvy				
ryvu				
ryve				
ryva				
ryvo				
ryvja				
ryvjo				
ryvju				
ryri				
ryry				
ryru				
ryre				
ryra				
ryro				
rugy				
rugu				
ruge				
ruga				
rugo				
runi				
runy	rutni	run	artifact	$x_{1}$ is an artifact; $x_{1}$ is artificial; $x_{1}$ is made/caused by people/se kulnu $x_{2}$; $x_{1}$ is man-made.
runu	mluni	lun	satellite moon	$nは衞星 (月)
rune				
runa				
runo				
runja				
runjo				
runju				
rumi				
rumy				
rumu	lumci	lum lu'i	wash	$x_{1}$ (agent) washes/cleanses $x_{2}$ of soil/contaminant $x_{3}$ in/with cleaning material(s) $x_{4}$.
rume				
ruma	runme	rum	melt	$x_{1}$ melts [becomes liquid from solid state] at temperature $x_{2}$ and pressure $x_{3}$.
rumo				
rumja				
rumjo				
rumju				
ruci				
rucy				
rucu				
ruce				
ruca				
ruco				
rucja				
rucjo				
rucju				
rudi				
rudy				
rudu	drudi	rud dru	roof	$x_{1}$ is a roof/top/ceiling/lid of $x_{2}$.
rude				
ruda				
rudo				
rubi	lunbe	lub	bare naked	$x_{1}$ is bare/naked/nude; $x_{1}$ is without cover/clothes/[protection].
ruby				
rubu	ruble	rub ble	weak	$x_{1}$ is weak/feeble/frail in property/quality/aspect $x_{2}$ (ka) by standard $x_{3}$.
rube				
ruba				
rubo				
rubja				
rubjo				
rubju				
ruki				
ruky				
ruku				
ruke				
ruka				
ruko				
rukja				
rukjo				
rukju				
ruti				
ruty				
rutu	runta		dissolve	$x_{1}$ dissolves in solvent $x_{2}$ forming solution/[suspension] $x_{3}$ under conditions $x_{4}$.
rute				
ruta				
ruto	grute	rut	fruit	$x_{1}$ is a fruit [body-part] of species $x_{2}$.
rupi				
rupy				
rupu				
rupe				
rupa				
rupo				
rupja				
rupjo				
rupju				
ruxy				
ruxu	pruxi	rux ru'i	spirit	$x_{1}$ is spiritual/pertains to the soul in nature [either energy or being]; $x_{1}$ is ghostly/ethereal.
ruxe				
ruxa	sruma	ru'a	assume suppose	$x_{1}$ assumes/supposes that $x_{2}$ (du'u) is true about subject $x_{3}$; [epistemology].
ruxo	lubno	lu'o	Lebanese	$x_{1}$ reflects Lebanese culture/nationality in aspect $x_{2}$.
ruši				
rušy				
rušu	pruce	ruc ru'e	course process	$x_{1}$ is a process with inputs $x_{2}$, outputs/results $x_{3}$, passing through steps/stages $x_{4}$.
ruše				
ruša				
rušo				
rusy				
rusu	grusi	rus	gray	$x_{1}$ is gray [color adjective].
ruse				
rusa				
ruso				
rufi				
rufy				
rufu	rufsu	ruf	rough	$nは$aに對して粗い
rufe				
rufa				
rufo				
rufja				
rufjo				
rufju				
ruhy				
ruhu	rupnu	rup ru'u	dollar	$x_{1}$ is measured in major-money-units (dollar/yuan/ruble) as $x_{2}$ (quantity), monetary system $x_{3}$.
ruhe	klupe	lup lu'e	screw	$x_{1}$ is a screw [fastener] for purpose $x_{2}$, threads [pitch, material] $x_{3}$, frame [size, material] $x_{4}$.
ruha	pluta	lut lu'a	route way	$x_1$ is a route/path/way/course/track to $x_2$ from $x_3$ via/defined by points including $x_4$ (set).
ruho	rusko	ruk ru'o	Russian	$x_{1}$ reflects Russian culture/nationality/language in aspect $x_{2}$.
ruži				
ružy	pluja	luj	complicated	$x_{1}$ is complex/complicated/involved in aspect/property $x_{2}$ (ka) by standard $x_{3}$.
ružu	kruji	ruj	cream	$x_{1}$ is made of/contains/is a quantity of cream/emulsion/puree [consistency] of composition $x_{2}$.
ruže				
ruža				
ružo				
ruzy				
ruzu	kluza	luz	loose	$x_{1}$ (obj.) is loose/bloused/not tight on $x_{2}$ (obj.) at locus $x_{3}$.
ruze				
ruza				
ruzo				
ruvi				
ruvy				
ruvu	lujvo	luv jvo	affix compound	$x_{1}$ (text) is a compound predicate word with meaning $x_{2}$ and arguments $x_{3}$ built from metaphor $x_{4}$.
ruve				
ruva				
ruvo				
ruvja				
ruvjo				
ruvju				
ruri				
rury				
ruru	xrula	rul	flower	$nは花
rure	lunra	lur	lunar Moon	$x_{1}$ is Earth's moon (default); $x_{1}$ is a major natural satellite/moon of planet $x_{2}$.
rura				
ruro				
regy				
regu				
rege				
rega				
rego				
reni				
reny				
renu	lenjo	len le'o	lens	$x_{1}$ is a lens/glass [focussing shape/form] focussing $x_{2}$ to focus/foci $x_{3}$ by means/material $x_{4}$.
rene				
rena				
reno				
renja				
renjo				
renju				
remi				
remy				
remu	rebla	reb	tail	$nは尾
reme				
rema				
remo				
remja				
remjo				
remju				
reci				
recy				
recu				
rece				
reca				
reco				
recja	recja		lick	$nは$aを舐める
recjo				
recju	recju		recover	$nは恢復する
redi	mledi	led	mold	$x_{1}$ is a mold/fungus/mushrooms/truffles of species/strain $x_{2}$ parasitic/growing on $x_{3}$.
redy				
redu	bredi	red bre	ready	$x_{1}$ is ready/prepared for $x_{2}$ (event).
rede				
reda				
redo				
rebi				
reby				
rebu	lebna	leb le'a	gain take	$x_{1}$ takes/gets/gains/obtains/seizes/[removes] $x_{2}$ (object/property) from $x_{3}$ (possessor).
rebe				
reba				
rebo				
rebja				
rebjo				
rebju				
reki				
reky				
reku	greku	rek	frame	$x_{1}$ is a frame/structure/skeleton/outline supporting/load-bearing/determining the form of $x_{2}$.
reke				
reka	lenku	lek	cold	$nは冷たい (寒い, 涼しい)
reko				
rekja				
rekjo				
rekju				
reti				
rety				
retu	gletu	let gle	copulate fuck	$nは$aと性交する
rete				
reta				
reto				
repi				
repy				
repu	crepu	rep	harvest	$x_{1}$ (agent) harvests/reaps/gathers crop/product/objects $x_{2}$ from source/area $x_{3}$.
repe				
repa				
repo				
repja				
repjo				
repju				
rexy				
rexu				
rexe				
rexa				
rexo				
reši				
rešy				
rešu	lerci	lec	late	$x_{1}$ (event) is late by standard $x_{2}$.
reše				
reša				
rešo				
resy				
resu	respa	res	reptile	$nは爬虫綱に屬する
rese				
resa				
reso				
refi				
refy				
refu				
refe				
refa				
refo				
refja				
refjo				
refju				
rehy				
rehu	rectu	rec re'u	meat	$nは筋肉
rehe	trene	ren re'e	train	$x_{1}$ is a train [vehicle] of cars/units $x_{2}$ (mass) for rails/system/railroad $x_{3}$, propelled by $x_{4}$.
reha	remna	rem re'a	human	$nは人 (人屬)
reho	renro	rer re'o	throw	$x_{1}$ throws/launches/casts/hurls $x_{2}$ to/at/in direction $x_{3}$ (propulsion derives internally to $x_{1}$).
reži				
režy				
režu	pleji	lej le'i	pay	$x_{1}$ pays/compensates/remunerates/[rewards] payment $x_{2}$ to recipient/payee $x_{3}$ for goods/services $x_{4}$.
reže				
reža				
režo				
rezy				
rezu				
reze				
reza				
rezo				
revi	preti	ret rei	question	$x_{1}$ (quoted text) is a question/query about subject $x_{2}$ by questioner $x_{3}$ to audience $x_{4}$.
revy				
revu	renvi	rev re'i	survive	$x_{1}$ survives/endures/undergoes/abides/lasts/persists through $x_{2}$ for interval/duration $x_{3}$.
reve				
reva				
revo				
revja				
revjo				
revju				
reri				
rery				
reru	lerfu	ler le'u	letteral letter	$x_{1}$ (la'e zo BY/word-bu) is a letter/digit/symbol in alphabet/character-set $x_{2}$ representing $x_{3}$.
rere				
rera				
rero				
ragy				
ragu	gradu	rau	unit degree	$x_{1}$ [magnitude] is a unit/degree of/on scale/reference standard $x_{2}$ (si'o) measuring property $x_{3}$.
rage				
raga				
rago				
rani	lanci		flag	$x_{1}$ is a flag/banner/standard of/symbolizing $x_{2}$ with pattern(s) $x_{3}$ on material $x_{4}$.
rany				
ranu	latna		lotus	$x_{1}$ is a lotus, plant/flower/herb of species/strain $x_{2}$ symbolizing $x_{3}$ to culture/religion $x_{4}$.
rane				
rana				
rano	lanme	lan	sheep	$nは羊 (羊屬)
ranja				
ranjo				
ranju				
rami				
ramy				
ramu	lamji	lam la'i	adjacent immediate	$nは$aに接する
rame	ranmi	ram	myth	$x_{1}$ is a myth/legend, a culturally significant story about $x_{2}$ in mythos $x_{3}$ of culture $x_{4}$.
rama				
ramo				
ramja				
ramjo				
ramju				
raci	ranji	ra'i	continue	$x_{1}$ (event/state) continues/persists over interval $x_{2}$; $x_{1}$ (property - ka) is continuous over $x_{2}$.
racy				
racu	rango	rag	organ	$x_{1}$ is a/the body organ [body-part] of body/species $x_{2}$ performing function $x_{3}$.
race				
raca				
raco	vlagi	lag	vulva	$x_{1}$ is a/the vulva [body-part] of $x_{2}$.
racja				
racjo				
racju				
radi	traji	rai	best least	$x_{1}$ is superlative in property $x_{2}$ (ka), the $x_{3}$ extreme (ka; default ka zmadu) among set/range $x_{4}$.
rady	ladru	lad	milk	$nは乳
radu	ranti	ran	soft	$nは$aに對して軟らかい
rade				
rada				
rado	randa	rad	yield	$x_{1}$ yields/gives way/surrenders to $x_{2}$ (force/agent) under conditions $x_{3}$.
rabi	lanbi		protein	$x_{1}$ is a quantity of protein/albumin of type $x_{2}$ composed of amino acids (sequence/jo'u) $x_{3}$ .
raby	xrabo	rab	Arabic	$x_{1}$ reflects Arabic-speaking culture/nationality in aspect $x_{2}$.
rabu	labno		wolf	$nは狼
rabe				
raba				
rabo	blabi	lab	white	$nは白い (明度=最高)
rabja				
rabjo				
rabju				
raki				
raky	lakse	lak	wax	$x_{1}$ is quantity of wax [substance especially soft/moldable when warm] from source $x_{2}$.
raku	lanka		basket	$x_{1}$ is a basket with contents $x_{2}$, woven from material $x_{3}$.
rake	sraku	rak	scratch	$x_{1}$ [abrasive/cutting/scratching object/implement] scratches/[carves]/erodes/cuts [into] $x_{2}$.
raka				
rako				
rakja				
rakjo				
rakju				
rati	ratcu		rat	$nは鼠 (齧歯目)
raty				
ratu	lante		can	$x_{1}$ is a can/tightly sealed/pre-sealed container for perishable contents $x_{2}$, made of $x_{3}$.
rate	lastu		brass	$x_{1}$ is a quantity of/contains/is made of brass [copper/zinc alloy] of composition including $x_{2}$.
rata	ratni	rat	atom	$x_{1}$ is an atom of element/atomic number $x_{2}$ of isotope number/atomic weight $x_{3}$.
rato	mlatu	lat	cat	$nは猫 (猫屬)
rapi				
rapy				
rapu	lacpu	lap cpu	pull	$x_{1}$ pulls/tugs/draws/drags $x_{2}$ by handle/at locus $x_{3}$.
rape				
rapa	rapli	rap	repeat	$x_{1}$ [action] repeats/is repeated for a total of $x_{2}$ (quantity) occurrences.
rapo				
rapja				
rapjo				
rapju				
raxy				
raxu	lanxe	lax	balance	$x_{1}$ is in balance/equilibrium under forces $x_{2}$ (mass).
raxe				
raxa				
raxo	radno	ra'o	radian	$x_{1}$ is $x_{2}$ radian(s) [metric unit] in angular measure (default is 1) by standard $x_{3}$.
raši				
rašy	ralci	rac	delicate	$x_{1}$ is delicate/fragile/subtle/refined in property $x_{2}$ (ka).
rašu	ractu		rabbit bunny	$nは兔 (兔形目)
raše				
raša	lacri	lac	depend rely	$nは$aを信ずる
rašo				
rasy	slasi	las	plastic	$x_{1}$ is a quantity of/is made of/contains plastic/polymer of type/component unit(s) $x_{2}$.
rasu	ransu		bronze	$x_{1}$ is a quantity of/contains/is made of bronze of composition including $x_{2}$.
rase				
rasa	grasu	ras	grease fat	$nは體脂肪
raso	rakso		Iraqi	$x_{1}$ reflects Iraqi culture/nationality in aspect $x_{2}$.
rafi				
rafy				
rafu	cladu	lau	loud	$x_{1}$ is loud/noisy at observation point $x_{2}$ by standard $x_{3}$.
rafe	lafti	laf	lift	$x_{1}$ (force) lifts/applies raising/supporting force to $x_{2}$ at locus $x_{3}$ in gravity well $x_{4}$.
rafa	rafsi	raf	affix	$x_{1}$ is an affix/suffix/prefix/combining-form for word/concept $x_{2}$, form/properties $x_{3}$, language $x_{4}$.
rafo				
rafja				
rafjo				
rafju				
rahy	srana	ra'a	pertain pertinent	$x_{1}$ pertains to/is germane/relevant to/concerns/is related/associated with/is about $x_{2}$.
rahu	ranxi	rax	irony	$x_{1}$ is ironic(al)/contrary to expectation $x_{2}$ in state/property/aspect $x_{3}$.
rahe	lakne	la'e	probable likely	$x_{1}$ (event/state/property) is probable/likely under conditions $x_{2}$.
raha	lasna	la'a	fasten fix	$x_{1}$ (agent) fastens/connects/attaches/binds/lashes $x_{2}$ to $x_{3}$ with fastener $x_{4}$.
raho	raktu	ra'u	trouble	$x_{1}$ (object/person/event/situation) troubles/disturbs $x_{2}$ (person) causing problem(s) $x_{3}$.
raži	klani	lai	amount level	$x_1$ is measured by $x_2$ (number) on scale $x_3$ (si'o, property of $x_1$ with kau).
ražy				
ražu	klaji	laj	street	$x_{1}$ is a street/avenue/lane/drive/cul-de-sac/way/alley/[road] at $x_{2}$ accessing $x_{3}$.
raže	ralte	ra'e	hold retain	$x_{1}$ retains/keeps/holds $x_{2}$ in its possession.
raža	sraji	raj	vertical	$x_{1}$ is vertical/upright/erect/plumb/oriented straight up and down in reference frame/gravity $x_{2}$.
ražo	latmo	la'o	Latin	$x_{1}$ reflects Latin/Roman/Romance culture/empire/language in aspect $x_{2}$.
razy				
razu	lazni		lazy	$x_{1}$ (person) is lazy/avoiding work/effort concerning action $x_{2}$.
raze	lanzu	laz	family	$x_{1}$ (mass) is a family with members including $x_{2}$ bonded/tied/joined according to standard $x_{3}$.
raza	brazo	raz	Brazilian	$x_{1}$ reflects Brazilian culture/nationality/language in aspect $x_{2}$.
razo				
ravi				
ravy				
ravu	ragve	rav	across	$x_{1}$ is located across/on the other side of gap/boundary $x_{2}$ from $x_{3}$; $x_{1}$ is opposite (fi) $x_{3}$.
rave				
rava				
ravo				
ravja				
ravjo				
ravju				
rari	lanli	lal	analyze examine	$x_{1}$ analyzes/examines-in-detail $x_{2}$ by method/technique/system $x_{3}$ [process/activity].
rary	ralju	ral	principal	$x_{1}$ is principal/chief/leader/main/[staple], most significant among $x_{2}$ (set) in property $x_{3}$ (ka).
raru	racli		sane sensible	$x_1$ (action/activity/behavior) is sane/rational by standard $x_2$.
rare	larcu	lar	art	$x_{1}$ (process) is an art [creative application] of craft/skill $x_{2}$ (idea/activity).
rara				
raro	rarna	rar	natural	$x_{1}$ is natural/spontaneous/instinctive, not [consciously] caused by person(s).
rogy				
rogu				
roge				
roga				
rogo				
roni				
rony				
ronu	ropno	ron ro'o	European	$x_{1}$ reflects European culture/nationality/geography/Indo-European languages in aspect $x_{2}$.
rone				
rona				
rono				
ronja				
ronjo				
ronju				
romi				
romy				
romu				
rome				
roma				
romo				
romja				
romjo				
romju				
roci				
rocy	rocy		punch	$nは$aを毆る
rocu	romge	rog	chrome	$x_{1}$ is a highly reflective/polished non-tarnishing metallic surface, of metal $x_{2}$ [often chromium].
roce				
roca				
roco				
rocja				
rocjo				
rocju				
rodi				
rody				
rodu	broda	rod	predicate var 1	1st assignable variable predicate (context determines place structure).
rode				
roda				
rodo				
robi				
roby				
robu	lojbo	lob jbo	Lojbanic	$x_{1}$ reflects [Loglandic]/Lojbanic language/culture/nationality/community in aspect $x_{2}$.
robe				
roba				
robo				
robja				
robjo				
robju				
roki				
roky				
roku	rokci	rok ro'i	rock	$nは石 (巖, 鑛物)
roke				
roka				
roko				
rokja				
rokjo				
rokju				
roti				
roty				
rotu	rotsu	rot tsu ro'u	thick	$nは厚い
rote				
rota				
roto				
ropi				
ropy				
ropu				
rope				
ropa				
ropo				
ropja				
ropjo				
ropju				
roxy				
roxu				
roxe				
roxa				
roxo				
roši				
rošy				
rošu				
roše				
roša				
rošo				
rosy				
rosu	lunsa	lus	condense	$x_{1}$ condenses/liquefies on/into $x_{2}$ at temperature $x_{3}$, pressure $x_{4}$; $x_{1}$ is dew/condensate on $x_{2}$.
rose				
rosa				
roso				
rofi				
rofy				
rofu				
rofe				
rofa				
rofo				
rofja				
rofjo				
rofju				
rohy				
rohu	lorxu	lor lo'u	fox	$nは狐
rohe				
roha	prosa	ros ro'a	prose	$x_{1}$ is prose about plot/theme/subject $x_{2}$ by author $x_{3}$ for intended audience $x_{4}$.
roho	slovo	lov lo'o	Slavic	$x_{1}$ reflects Slavic language/culture/ethos in aspect $x_{2}$.
roži				
rožy				
rožu	logji	loj	logic	$x_{1}$ [rules/methods] is a logic for deducing/concluding/inferring/reasoning to/about $x_{2}$ (du'u).
rože				
roža				
rožo				
rozy				
rozu	rozgu	roz zgu	rose	$x_{1}$ is a rose [flower - characterized by prickly stem/fragrance] of species/strain $x_{2}$.
roze				
roza				
rozo				
rovi				
rovy				
rovu				
rove				
rova				
rovo				
rovja				
rovjo				
rovju				
rori				
rory				
roru	loldi	lol loi	floor bottom	$x_{1}$ is a floor/bottom/ground of $x_{2}$.
rore				
rora	rorci	ror	procreate	$nは生殖する ($aを生む, $aの親である)
roro				
