jukni	juk			$x_{1}$ is a spider/arachnid/crustacean/crab/lobster/non-insect arthropod of species/breed $x_{2}$.	gismu
tirxu				$x_{1}$ is a tiger/leopard/jaguar/[tigress] of species/breed $x_{2}$ with coat markings $x_{3}$.	gismu
jegvo	jeg je'o			$x_{1}$ pertains to the common Judeo-Christian-Moslem (Abrahamic) culture/religion/nationality in aspect $x_{2}$.	gismu
milti	mil	.001		$x_{1}$ is a thousandth [1/1000; $10^{-3}$] of $x_{2}$ in dimension/aspect $x_{3}$ (default is units).	gismu
centi	cen	.01		$x_{1}$ is a hundredth [1/100; $10^{-2}$] of $x_{2}$ in dimension/aspect $x_{3}$ (default is units).	gismu
decti	dec	.1		$x_{1}$ is a tenth [1/10; $10^{-1}$] of $x_{2}$ in dimension/aspect $x_{3}$ (default is units).	gismu
no	non	0		digit/number: 0 (digit) [zero].	cmavo
pa	pav	1		digit/number: 1 (digit) [one].	cmavo
dekto	dek	10		$x_{1}$ is ten [10; $10^1$ ] of $x_{2}$ in dimension/aspect $x_{3}$ (default is units).	gismu
xecto	xet cto	100		$x_{1}$ is a hundred [100; $10^2$] of $x_{2}$ in dimension/aspect $x_{3}$ (default is units).	gismu
kilto	ki'o	1000		$x_{1}$ is a thousand [1000; $10^3$] of $x_{2}$ in dimension/aspect $x_{3}$ (default is units).	gismu
picti	pic	1E-12	trillionth	$x_{1}$ is a trillionth [$10^{-12}$] of $x_{2}$ in dimension/aspect $x_{3}$ (default is units).	gismu
femti	fem	1E-15		$x_{1}$ is $10^{-15}$ of $x_{2}$ in dimension/aspect $x_{3}$ (default is units).	gismu
xatsi	xat	1E-18		$x_{1}$ is $10^{-18}$ of $x_{2}$ in dimension/aspect $x_{3}$ (default is units).	gismu
zepti	zep	1E-21		$x_{1}$ is $10^{-21}$ of $x_{2}$ in dimension/aspect $x_{3}$ (default is units).	gismu
gocti	goc	1E-24		$x_{1}$ is $10^{-24}$ of $x_{2}$ in dimension/aspect $x_{3}$ (default is units).	gismu
mikri	mik	1E-6	micro	$x_{1}$ is a millionth [$10^{-6}$] of $x_{2}$ in dimension/aspect $x_{3}$ (default is units).	gismu
nanvi	nav	1E-9	nano	$x_{1}$ is a billionth/thousand-millionth [$10^{-9}$] of $x_{2}$ in dimension/aspect $x_{3}$ (default is units).	gismu
terto	tet	1E12	trillion	$x_{1}$ is a trillion [$10^{12}$] of $x_{2}$ in dimension/aspect $x_{3}$ (default is units).	gismu
petso	pet	1E15		$x_{1}$ is $10^{15}$ of $x_{2}$ in dimension/aspect $x_{3}$ (default is units).	gismu
xexso	xex	1E18	exa-	$x_{1}$ is $10^{18}$ of $x_{2}$ in dimension/aspect $x_{3}$ (default is units).	gismu
zetro	zet	1E21	zetta	$x_{1}$ is $10^{21}$ of $x_{2}$ in dimension/aspect $x_{3}$ (default is units).	gismu
gotro	got	1E24		$x_{1}$ is $10^{24}$ of $x_{2}$ in dimension/aspect $x_{3}$ (default is units).	gismu
megdo	meg	1E6		$x_{1}$ is a million [$10^6$] of $x_{2}$ in dimension/aspect $x_{3}$ (default is units).	gismu
gigdo	gig gi'o	1E9		$x_{1}$ is a billion [British milliard] [$10^9$] of $x_{2}$ in dimension/aspect $x_{3}$ (default is units).	gismu
re	rel	2	two	digit/number: 2 (digit) [two].	cmavo
ci	cib	3		digit/number: 3 (digit) [three].	cmavo
vo	von	4		digit/number: 4 (digit) [four].	cmavo
mu	mum	5		digit/number: 5 (digit) [five].	cmavo
xa	xav	6		digit/number: 6 (digit) [six].	cmavo
ze	zel	7		digit/number: 7 (digit) [seven].	cmavo
bi	biv	8		digit/number: 8 (digit) [eight].	cmavo
so	soz	9		digit/number: 9 (digit) [nine].	cmavo
friko	fi'o	African		$x_{1}$ reflects African culture/nationality/geography in aspect $x_{2}$.	gismu
jerxo	jex	Algerian		$x_{1}$ reflects Algerian culture/nationality in aspect $x_{2}$.	gismu
merko	mer	American	U.S.	$x_{1}$ pertains to USA/American culture/nationality/dialect in aspect $x_{2}$.	gismu
dzipo	zip zi'o	Antarctican		$x_{1}$ reflects Antarctican culture/nationality/geography in aspect $x_{2}$.	gismu
xrabo	rab	Arabic		$x_{1}$ reflects Arabic-speaking culture/nationality in aspect $x_{2}$.	gismu
gento	get ge'o	Argentinian		$x_{1}$ reflects Argentinian culture/nationality in aspect $x_{2}$.	gismu
xazdo	xaz zdo	Asiatic		$x_{1}$ reflects Asiatic culture/nationality/geography in aspect $x_{2}$.	gismu
sralo		Australian		$x_{1}$ reflects Australian culture/nationality/geography/dialect in aspect $x_{2}$.	gismu
bengo	beg	Bengali		$x_{1}$ reflects Bengali/Bangladesh culture/nationality/language in aspect $x_{2}$.	gismu
brazo	raz	Brazilian		$x_{1}$ reflects Brazilian culture/nationality/language in aspect $x_{2}$.	gismu
brito	rit	British		$x_{1}$ reflects British/United Kingdom culture/nationality in aspect $x_{2}$.	gismu
budjo	buj bu'o	Buddhist		$x_{1}$ pertains to the Buddhist culture/religion/ethos in aspect $x_{2}$.	gismu
kadno		Canadian		$x_{1}$ reflects Canadian culture/nationality in aspect $x_{2}$.	gismu
jungo	jug	Chinese		$x_{1}$ reflects Chinese [Mandarin, Cantonese, Wu, etc.] culture/nationality/language in aspect $x_{2}$.	gismu
xriso	xis xi'o	Christian		$x_{1}$ pertains to the Christian religion/culture/nationality in aspect $x_{2}$.	gismu
misro		Egyptian		$x_{1}$ reflects Egyptian culture/nationality in aspect $x_{2}$.	gismu
glico	gic gli	English		$x_{1}$ is English/pertains to English-speaking culture in aspect $x_{2}$.	gismu
ropno	ron ro'o	European		$x_{1}$ reflects European culture/nationality/geography/Indo-European languages in aspect $x_{2}$.	gismu
fraso	fas	French		$x_{1}$ reflects French/Gallic culture/nationality/language in aspect $x_{2}$.	gismu
dotco	dot do'o	German		$x_{1}$ reflects German/Germanic culture/nationality/language in aspect $x_{2}$.	gismu
xelso	xes	Greek		$x_{1}$ reflects Greek/Hellenic culture/nationality/language in aspect $x_{2}$.	gismu
xebro	xeb bro	Hebrew		$x_{1}$ reflects Hebrew/Jewish/Israeli culture/nationality/language in aspect $x_{2}$.	gismu
xindo	xin	Hindi		$x_{1}$ reflects Hindi language/culture/religion in aspect $x_{2}$.	gismu
xispo	xip	Hispanic	Latino	$x_{1}$ reflects Hispano-American culture/nationalities in aspect $x_{2}$.	gismu
bindo	bid	Indonesian		$x_{1}$ reflects Indonesian culture/nationality/language in aspect $x_{2}$.	gismu
rakso		Iraqi		$x_{1}$ reflects Iraqi culture/nationality in aspect $x_{2}$.	gismu
muslo	mus	Islamic	Muslim	$x_{1}$ pertains to the Islamic/Moslem/Koranic [Quranic] culture/religion/nation in aspect $x_{2}$.	gismu
ponjo	pon po'o	Japanese		$x_{1}$ reflects Japanese culture/nationality/language in aspect $x_{2}$.	gismu
jordo	jor jo'o	Jordanian		$x_{1}$ reflects Jordanian culture/nationality in aspect $x_{2}$.	gismu
latmo	la'o	Latin		$x_{1}$ reflects Latin/Roman/Romance culture/empire/language in aspect $x_{2}$.	gismu
lubno	lu'o	Lebanese		$x_{1}$ reflects Lebanese culture/nationality in aspect $x_{2}$.	gismu
libjo	lib	Libyan		$x_{1}$ reflects Libyan culture/nationality in aspect $x_{2}$.	gismu
lojbo	lob jbo	Lojbanic		$x_{1}$ reflects [Loglandic]/Lojbanic language/culture/nationality/community in aspect $x_{2}$.	gismu
mekso	mek me'o	MEX		$x_{1}$ [quantifier/expression] is a mathematical expression interpreted under rules/convention $x_{2}$.	gismu
baxso		Malay-Indonesian		$x_{1}$ reflects Malay-Indonesian common language/culture in aspect $x_{2}$.	gismu
meljo	mej	Malaysian		$x_{1}$ reflects Malaysian/Malay culture/nationality/language in aspect $x_{2}$.	gismu
mexno	mex	Mexican		$x_{1}$ reflects Mexican culture/nationality in aspect $x_{2}$.	gismu
morko	mor	Moroccan		$x_{1}$ reflects Moroccan culture/nationality in aspect $x_{2}$.	gismu
bemro	bem be'o	North American		$x_{1}$ reflects North American culture/nationality/geography in aspect $x_{2}$.	gismu
kisto	kis	Pakistani		$x_{1}$ reflects Pakistani/Pashto culture/nationality/language in aspect $x_{2}$.	gismu
filso	fis	Palestinian		$x_{1}$ reflects Palestinian culture/nationality in aspect $x_{2}$.	gismu
polno	pol	Polynesian		$x_{1}$ reflects Polynesian/Oceanian (geographic region) culture/nationality/languages in aspect $x_{2}$.	gismu
porto	pot	Portuguese		$x_{1}$ reflects Portuguese culture/nationality/language in aspect $x_{2}$.	gismu
rusko	ruk ru'o	Russian		$x_{1}$ reflects Russian culture/nationality/language in aspect $x_{2}$.	gismu
srito		Sanskrit		$x_{1}$ reflects Sanskrit language/Sanskritic/Vedic culture/nationality in aspect $x_{2}$.	gismu
sadjo	djo	Saudi		$x_{1}$ reflects Saudi Arabian culture/nationality in aspect $x_{2}$.	gismu
skoto	kot ko'o	Scottish		$x_{1}$ reflects Gaelic/Scottish culture/nationality/language in aspect $x_{2}$.	gismu
semto	sme	Semitic		$x_{1}$ reflects Semitic [metaphor: Middle-Eastern] language/culture/nationality in aspect $x_{2}$.	gismu
slovo	lov lo'o	Slavic		$x_{1}$ reflects Slavic language/culture/ethos in aspect $x_{2}$.	gismu
ketco	ket tco	South American		$x_{1}$ reflects South American culture/nationality/geography in aspect $x_{2}$.	gismu
softo	sof	Soviet		$x_{1}$ reflects Russian empire/USSR/ex-USSR (Soviet]/CIS culture/nationality in aspect $x_{2}$.	gismu
spano	san	Spanish		$x_{1}$ reflects Spanish-speaking culture/nationality/language in aspect $x_{2}$.	gismu
sirxo	six	Syrian		$x_{1}$ reflects Syrian culture/nationality in aspect $x_{2}$.	gismu
dadjo	daj	Taoist		$x_{1}$ pertains to the Taoist culture/ethos/religion in aspect $x_{2}$.	gismu
vukro	vur vu'o	Ukrainian		$x_{1}$ reflects Ukrainian language/culture/nationality in aspect $x_{2}$.	gismu
xurdo	xur xu'o	Urdu		$x_{1}$ reflects Urdu language/culture/nationality in aspect $x_{2}$.	gismu
betfu	bef be'u	abdomen		$x_{1}$ is a/the abdomen/belly/lower trunk [body-part] of $x_{2}$; [metaphor: midsection].	gismu
kakne	ka'e	able		$x_{1}$ is able to do/be/capable of doing/being $x_{2}$ (event/state) under conditions $x_{3}$ (event/state).	gismu
gapru	gap	above		$x_{1}$ is directly/vertically above/upwards-from $x_{2}$ in gravity/frame of reference $x_{3}$.	gismu
sucta	suc	abstract		$x_{1}$ (si'o) is abstracted/generalized/idealized from $x_{2}$ [something concrete] by rules $x_{3}$.	gismu
snuti	nut	accidental		$x_{1}$ (event/state) is an accident/unintentional on the part of $x_{2}$; $x_{1}$ is an accident.	gismu
janta	jat	account	bill	$x_{1}$ is an account/bill/invoice for goods/services $x_{2}$, billed to $x_{3}$ by $x_{4}$.	gismu
jaspu	jap	account	passport	$x_{1}$ is a passport issued to $x_{2}$ (person) by authority $x_{3}$ allowing $x_{4}$ (activity).	gismu
slami		acid		$x_{1}$ is a quantity of/contains/is made of acid of composition $x_{2}$; (adjective:) $x_{1}$ is acidic.	gismu
kramu		acre		$x_{1}$ is $x_{2}$ local area unit(s) [non-metric] (default 1) by standard $x_{3}$, $x_{4}$ subunits.	gismu
ragve	rav	across		$x_{1}$ is located across/on the other side of gap/boundary $x_{2}$ from $x_{3}$; $x_{1}$ is opposite (fi) $x_{3}$.	gismu
zukte	zuk zu'e	act		$x_{1}$ is a volitional entity employing means/taking action $x_{2}$ for purpose/goal $x_{3}$/to end $x_{3}$.	gismu
jmina	min	add		$x_{1}$ adds/combines $x_{2}$ to/with $x_{3}$, with result $x_{4}$; $x_{1}$ augments $x_{2}$ by amount $x_{3}$.	gismu
judri		address		$x_{1}$ is an address of/are coordinates of $x_{2}$ in system $x_{3}$.	gismu
lamji	lam la'i	adjacent	immediate	$x_{1}$ is adjacent/beside/next to/in contact with $x_{2}$ in property/sequence $x_{3}$ in direction $x_{4}$.	gismu
stika	tik	adjust	edit	$x_{1}$ (event) adjusts/regulates/changes $x_{2}$ (ka/ni) in amount/degree $x_{3}$.	gismu
jadni	jad ja'i	adorn	ornament	$x_{1}$ (object) adorns/decorates $x_{2}$; $x_{1}$ is an adornment/decoration of $x_{2}$; $x_{2}$ is fancy/decorated.	gismu
cuntu	cu'u	affair		$x_{1}$ is an affair/organized activity involving person(s) $x_{2}$ (ind./mass); $x_{1}$ is $x_{2}$'s business.	gismu
rafsi	raf	affix		$x_{1}$ is an affix/suffix/prefix/combining-form for word/concept $x_{2}$, form/properties $x_{3}$, language $x_{4}$.	gismu
lujvo	luv jvo	affix compound		$x_{1}$ (text) is a compound predicate word with meaning $x_{2}$ and arguments $x_{3}$ built from metaphor $x_{4}$.	gismu
tugni	tug tu'i	agree		$x_{1}$ [person] agrees with person(s)/position/side $x_{2}$ that $x_{3}$ (du'u) is true about matter $x_{4}$.	gismu
vacri	var	air		$x_{1}$ is a quantity of air/normally-gaseous atmosphere of planet $x_{2}$, of composition including $x_{3}$.	gismu
vinji	vij	airplane		$x_{1}$ is an airplane/aircraft [flying vehicle] for carrying passengers/cargo $x_{2}$, propelled by $x_{3}$.	gismu
xalka	xal	alcohol		$x_{1}$ is a quantity of/contains/is made of alcohol of type $x_{2}$ from source/process $x_{3}$.	gismu
fange		alien	foreign	$x_{1}$ is foreign/alien/[exotic]/unfamiliar to $x_{2}$ in property $x_{3}$ (ka).	gismu
jilka	jil	alkali		$x_{1}$ is a quantity of/contains/is made of alkali/base of composition including $x_{2}$.	gismu
vlina		alternation		$x_{1}$ is a logical alternation/disjunction, stating that $x_{2}$ (du'u) and/or $x_{3}$ (du'u) is/are true.	gismu
klani	lai	amount	level	$x_1$ is measured by $x_2$ (number) on scale $x_3$ (si'o, property of $x_1$ with kau).	gismu
ni	nil	amount abstract		abstractor: quantity/amount abstractor; $x_{1}$ is quantity/amount of [bridi] measured on scale $x_{2}$.	cmavo
xampo	xap xa'o	ampere		$x_{1}$ is $x_{2}$ ampere(s) [metric unit] in current (default is 1) by standard $x_{3}$.	gismu
banfi		amphibian		$x_{1}$ is an amphibian of species/breed $x_{2}$.	gismu
zdile	zdi	amusing	fun	$x_{1}$ (abstract) is amusing/entertaining to $x_{2}$ in property/aspect $x_{3}$; $x_{3}$ is what amuses $x_{2}$ about $x_{1}$.	gismu
lanli	lal	analyze	examine	$x_{1}$ analyzes/examines-in-detail $x_{2}$ by method/technique/system $x_{3}$ [process/activity].	gismu
jganu	jga	angle		$x_{1}$ is an angle [2-dimensional shape/form] from vertex $x_{2}$ subtended by lateral [segment] $x_{3}$.	gismu
fengu	feg fe'u	angry		$x_{1}$ is angry/mad at $x_{2}$ for $x_{3}$ (action/state/property).	gismu
dunku	duk du'u	anguish		$x_{1}$ is anguished/distressed/emotionally wrought/stressed by $x_{2}$.	gismu
danlu	dal da'u	animal		$x_{1}$ is an animal/creature of species $x_{2}$; $x_{1}$ is biologically animate.	gismu
fanza	faz	annoy		$x_{1}$ (event) annoys/irritates/bothers/distracts $x_{2}$.	gismu
danfu	daf	answer		$x_{1}$ is the answer/response/solution/[reply] to question/problem $x_{2}$.	gismu
manti		ant		$x_{1}$ is an ant of species/breed $x_{2}$.	gismu
pu'o		anticipative		interval event contour: in anticipation of ...; until ... ; inchoative ----| |.	cmavo
ganxo	gax	anus	asshole	$x_{1}$ is a/the anus/anal orifice/asshole/arsehole [body-part] of $x_{2}$; [metaphor: exit, waste exit].	gismu
sepli	sep sei	apart	spaced	$x_{1}$ is apart/separate from $x_{2}$, separated by partition/wall/gap/interval/separating medium $x_{3}$.	gismu
cabra	ca'a	apparatus		$x_{1}$ is apparatus/mechanism/device/equipment for function $x_{2}$ controlled/[triggered] by $x_{3}$ (agent).	gismu
plise		apple		$x_{1}$ is an apple [fruit] of species/strain $x_{2}$.	gismu
zanru	zar zau	approve		$x_{1}$ approves of/gives favor to plan/action $x_{2}$ (object/event).	gismu
bargu	bag	arch		$x_{1}$ arches/curves over/around $x_{2}$ and is made of $x_{3}$; $x_{1}$ is an arch over/around $x_{2}$ of material $x_{3}$.	gismu
darlu	dau	argue		$x_{1}$ argues for stand $x_{2}$ against stand $x_{3}$; [an opponent is not necessary].	gismu
sumti	sum su'i	argument		$x_{1}$ is a/the argument of predicate/function $x_{2}$ filling place $x_{3}$ (kind/number).	gismu
birka	bir	arm		$x_{1}$ is a/the arm [body-part] of $x_{2}$; [metaphor: branch with strength].	gismu
jenmi	jem jei	army		$x_{1}$ (mass) is an army serving group/community $x_{2}$ (mass) in function $x_{3}$ (activity).	gismu
larcu	lar	art		$x_{1}$ (process) is an art [creative application] of craft/skill $x_{2}$ (idea/activity).	gismu
gadri	gad	article		$x_{1}$ is an article/descriptor labelling description $x_{2}$ (text) in language $x_{3}$ with semantics $x_{4}$.	gismu
rutni	run	artifact		$x_{1}$ is an artifact; $x_{1}$ is artificial; $x_{1}$ is made/caused by people/se kulnu $x_{2}$; $x_{1}$ is man-made.	gismu
ca'o		as	continuative	interval event contour: during ...; continuative |-----|.	cmavo
fraksino		ash		$nは灰	override
ckeji	kej cke	ashamed		$x_{1}$ feels ashamed/mortified/humiliated under conditions $x_{2}$ before community/audience $x_{3}$.	gismu
cpedu	cpe	ask	request	$x_{1}$ requests/asks/petitions/solicits for $x_{2}$ of/from $x_{3}$ in manner/form $x_{4}$.	gismu
xusra	xus xu'a	assert	claim	$x_{1}$ (agent) asserts/claims/declares $x_{2}$ (du'u) is true [can be used for epistemology of authority].	gismu
vrici		assorted	diverse	$x_{1}$ (set/mass/ind.) is miscellaneous/various/assorted in property $x_{2}$ (ka).	gismu
sruma	ru'a	assume	suppose	$x_{1}$ assumes/supposes that $x_{2}$ (du'u) is true about subject $x_{3}$; [epistemology].	gismu
zvati	zva	at		$x_{1}$ (object/event) is at/attending/present at $x_{2}$ (event/location).	gismu
su'e	sup su'e	at most		digit/number: at most (all); no more than.	cmavo
ratni	rat	atom		$x_{1}$ is an atom of element/atomic number $x_{2}$ of isotope number/atomic weight $x_{3}$.	gismu
gunta	gut	attack		$x_{1}$ (person/mass) attacks/invades/commits aggression upon victim $x_{2}$ with goal/objective $x_{3}$.	gismu
vitke	vi'e	attend	guest	$x_{1}$ is a guest/visitor of $x_{2}$ at place/event $x_{3}$; $x_{1}$ visits $x_{2}$/$x_{3}$.	gismu
jundi	jud ju'i	attentive	follow	$x_{1}$ is attentive towards/attends/tends/pays attention to object/affair $x_{2}$.	gismu
trina	tri	attract		$x_{1}$ attracts/appeals to/lures $x_{2}$ (person/event) with property/quality $x_{3}$ (ka).	gismu
ckaji	kai	attribute	characteristic	$x_{1}$ has/is characterized by property/feature/trait/aspect/dimension $x_{2}$ (ka); $x_{2}$ is manifest in $x_{1}$.	gismu
darsi		audacity		$x_{1}$ shows audacity/chutzpah in behavior $x_{2}$ (event/activity); $x_{1}$ dares to do/be $x_{2}$ (event/ka).	gismu
famti		aunt or uncle		$x_{1}$ is an aunt/uncle of $x_{2}$ by bond/tie $x_{3}$; $x_{1}$ is an associated member of $x_{2}$'s parent's generation.	gismu
catni	ca'i	authority		$x_{1}$ has authority/is an official in/on/over matter/sphere/persons $x_{2}$ derived on basis $x_{3}$.	gismu
zmiku	zmi	automatic		$x_{1}$ is automatic in function $x_{2}$ under conditions $x_{3}$.	gismu
karce		automobile	car	$x_{1}$ is a car/automobile/truck/van [a wheeled motor vehicle] for carrying $x_{2}$, propelled by $x_{3}$	gismu
critu		autumn		$x_{1}$ is autumn/fall [harvest/cooling season] of year $x_{2}$ at location $x_{3}$.	gismu
rivbi	riv	avoid	escape	$x_{1}$ avoids/evades/shuns/escapes/skirts [fate] $x_{2}$ (event) through action/state $x_{3}$ (event).	gismu
cikna	cik	awake		(adjective:) $x_{1}$ is awake/alert/conscious.	gismu
jendu	jed	axle		$x_{1}$ is an axle/spindle [tool] on which $x_{2}$ rotates, of material/properties $x_{3}$.	gismu
jurme	jum	bacteria	germ	$x_{1}$ is a bacterium/germ/microbe/protozoan/amoeba [1-celled life] of species/defining property $x_{2}$.	gismu
xlali	xla	bad		$x_{1}$ is bad for $x_{2}$ by standard $x_{3}$; $x_{1}$ is poor/unacceptable to $x_{2}$.	gismu
dakli		bag	sack	$x_{1}$ is a sack/bag with contents $x_{2}$, and of material $x_{3}$.	gismu
lanxe	lax	balance		$x_{1}$ is in balance/equilibrium under forces $x_{2}$ (mass).	gismu
balni		balcony		$x_{1}$ is a balcony/overhang/ledge/shelf of building/structure $x_{2}$.	gismu
bolci	bol boi	ball		$x_{1}$ is a ball/sphere/orb/globe [shape/form] of material $x_{2}$; $x_{1}$ is a spherical object [made of $x_{2}$].	gismu
badna		banana	plantain	$x_{1}$ is a banana/plantain [fruit/plant] of species/breed $x_{2}$.	gismu
bende	bed be'e	band	club	$x_{1}$ is a crew/team/gang/squad/band of persons $x_{2}$ directed/led by $x_{3}$ organized for purpose $x_{4}$.	gismu
banxa	bax	bank		$x_{1}$ is a bank owned by/in banking system $x_{2}$ for banking function(s) $x_{3}$ (event).	gismu
barja		bar		$x_{1}$ is a tavern/bar/pub serving $x_{2}$ to audience/patrons $x_{3}$.	gismu
lunbe	lub	bare	naked	$x_{1}$ is bare/naked/nude; $x_{1}$ is without cover/clothes/[protection].	gismu
bavmi		barley		$x_{1}$ is a quantity of barley [grain] of species/strain $x_{2}$.	gismu
jicmu	cmu	basic	basis	$x_{1}$ is a basis/foundation/underlying or fundamental principle of $x_{2}$; $x_{1}$ is at the bottom of $x_{2}$.	gismu
lanka		basket		$x_{1}$ is a basket with contents $x_{2}$, woven from material $x_{3}$.	gismu
zbani		bay		$x_{1}$ is a bay in/of coast/shoreline $x_{2}$.	gismu
xagji		be hungry		$x_{1}$ hungers for $x_{2}$; $x_{1}$ needs/wants food/fuel $x_{2}$.	gismu
bidju		bead		$x_{1}$ is a bead/pebble [shape/form] of material $x_{2}$.	gismu
dembi	deb	bean		$x_{1}$ is a bean/pea/leguminous seed from plant [legume] $x_{2}$.	gismu
cribe	rib	bear		$x_{1}$ is a bear/ursoid of species/breed $x_{2}$.	gismu
melbi	mel mle	beautiful	handsome	$x_{1}$ is beautiful/pleasant to $x_{2}$ in aspect $x_{3}$ (ka) by aesthetic standard $x_{4}$.	gismu
binxo	bix bi'o	become		$x_{1}$ becomes/changes/converts/transforms into $x_{2}$ under conditions $x_{3}$.	gismu
ckana	cka	bed		$x_{1}$ is a bed/pallet of material $x_{2}$ for holding/supporting $x_{3}$ (person/object/event).	gismu
bifce	bic	bee		$x_{1}$ is a bee/wasp/hornet of species/breed $x_{2}$.	gismu
birje		beer		$x_{1}$ is made of/contains/is an amount of beer/ale/brew brewed from $x_{2}$.	gismu
pikci		beg		$x_{1}$ begs/pleads/supplicates/entreats/implores/beseeches/prays [asks with humility] $x_{2}$ for $x_{3}$.	gismu
tarti	tra	behave		$x_{1}$ behaves/conducts oneself as/in-manner $x_{2}$ (event/property) under conditions $x_{3}$.	gismu
trixe	rix ti'e	behind	back	$x_{1}$ is posterior/behind/back/in the rear of $x_{2}$ which faces/in-frame-of-reference $x_{3}$.	gismu
krici	kri	believe	faith	$x_{1}$ believes [regardless of evidence/proof] belief/creed $x_{2}$ (du'u) is true/assumed about subject $x_{3}$.	gismu
janbe	jab	bell		$x_{1}$ is a bell/chime/[tuning fork] [tuned percussion instrument] producing sound/note $x_{2}$.	gismu
cnita	nit ni'a	beneath	under	$x_{1}$ is directly/vertically beneath/below/under/underneath/down from $x_{2}$ in frame of reference $x_{3}$.	gismu
korcu	kro	bent	crooked	(adjective:) $x_{1}$ is bent/crooked/not straight or direct/[twisted]/folded.	gismu
jbari	jba	berry		$x_{1}$ is a berry (fruit/plant) of plant/species $x_{2}$.	gismu
traji	rai	best	least	$x_{1}$ is superlative in property $x_{2}$ (ka), the $x_{3}$ extreme (ka; default ka zmadu) among set/range $x_{4}$.	gismu
jbini	bin bi'i	between		$x_{1}$ is between/among set of points/bounds/limits $x_{2}$ (set)/amidst mass $x_{2}$ in property $x_{3}$ (ka).	gismu
barda	bra	big	large	$x_{1}$ is big/large in property/dimension(s) $x_{2}$ (ka) as compared with standard/norm $x_{3}$.	gismu
cipni	cpi	bird		$x_{1}$ is a bird/avian/fowl of species $x_{2}$.	gismu
batci	bat	bite		$x_{1}$ bites/pinches $x_{2}$ on/at specific locus $x_{3}$ with $x_{4}$.	gismu
kurki		bitter		$x_{1}$ is bitter/acrid/sharply disagreeable to observer/sense $x_{2}$.	gismu
xekri	xek xe'i	black		$x_{1}$ is black/extremely dark-colored [color adjective].	gismu
balre	ba'e	blade		$x_{1}$ is a blade of tool/weapon $x_{2}$.	gismu
bliku	bli	block		$x_{1}$ is a block [3-dimensional shape/form] of material $x_{2}$, surfaces/sides $x_{3}$.	gismu
ciblu	blu	blood		$x_{1}$ is blood/vital fluid of organism $x_{2}$.	gismu
mabla	mal	bloody	execrable	$x_1$ is execrable/deplorable/wretched/shitty/awful/rotten/miserable/contemptible/crappy/inferior/low-quality in property $x_2$ by standard $x_3$; $x_1$ stinks/sucks in aspect $x_2$ according to $x_3$.	gismu
blanu	bla	blue		$x_{1}$ is blue [color adjective].	gismu
tanbo	ta'o	board		$x_{1}$ is a board/plank [3-dimensional long flat rectangle] of material $x_{2}$.	gismu
bloti	lot blo lo'i	boat		$x_{1}$ is a boat/ship/vessel [vehicle] for carrying $x_{2}$, propelled by $x_{3}$.	gismu
xadni	xad	body		$x_{1}$ is a/the body/corpus/corpse of $x_{2}$; (adjective:) $x_{1}$ is corporal/corporeal.	gismu
febvi	feb	boil		$x_{1}$ boils/evaporates at temperature $x_{2}$ and pressure $x_{3}$.	gismu
jbama	bam	bomb		$x_{1}$ is a bomb/explosive device with explosive material/principle $x_{2}$.	gismu
bongu	bog bo'u	bone		$x_{1}$ is a/the bone/ivory [body-part], performing function $x_{2}$ in body of $x_{3}$; [metaphor: calcium].	gismu
cukta	cku	book		$x_{1}$ is a book containing work $x_{2}$ by author $x_{3}$ for audience $x_{4}$ preserved in medium $x_{5}$.	gismu
tinri		bore		$nは$aに飽きる (意外性=-)	override
jbena	jbe	born		$x_{1}$ is born to $x_{2}$ at time $x_{3}$ [birthday] and place $x_{4}$ [birthplace]; $x_{1}$ is native to (fo) $x_{4}$.	gismu
jbera	jer	borrow		$x_{1}$ (agent) borrows/temporarily takes/assumes $x_{2}$ (object) from source $x_{3}$ for interval $x_{4}$.	gismu
botpi	bot bo'i	bottle		$x_{1}$ is a bottle/jar/urn/flask/closable container for $x_{2}$, made of material $x_{3}$ with lid $x_{4}$.	gismu
bakni	bak	bovine		$x_{1}$ is a cow/cattle/kine/ox/[bull/steer/calf] [beef-producer/bovine] of species/breed $x_{2}$.	gismu
tanxe	tax ta'e	box		$x_{1}$ is a box/carton/trunk/crate for contents $x_{2}$, and made of material $x_{3}$.	gismu
nanla		boy		$x_{1}$ is a boy/lad [young male person] of age $x_{2}$ immature by standard $x_{3}$.	gismu
besna	ben	brain		$x_{1}$ is a/the brain [body-part] of $x_{2}$; [metaphor: intelligence, mental control].	gismu
jabre		brake		$x_{1}$ brakes/causes to slow motion/activity $x_{2}$ with device/mechanism/principle $x_{3}$.	gismu
jimca	jic	branch		$x_{1}$ is a branch/bough/limb of $x_{2}$; $x_{2}$ forks into branches $x_{1}$; [preferred over metaphorical birka].	gismu
lastu		brass		$x_{1}$ is a quantity of/contains/is made of brass [copper/zinc alloy] of composition including $x_{2}$.	gismu
virnu	vri	brave		$x_{1}$ is brave/valiant/courageous in activity $x_{2}$ (event) by standard $x_{3}$.	gismu
nanba	nab	bread		$x_{1}$ is a quantity of/contains bread [leavened or unleavened] made from grains $x_{2}$.	gismu
porpi	pop po'i	break		$x_{1}$ breaks/fractures/shatters/[splits/splinters/cracks] into pieces $x_{2}$.	gismu
tatru	tat	breast		$x_{1}$ is a/the breast/mammary/teat [body-part] of $x_{2}$; [metaphor: projection providing liquid].	gismu
vasxu	vax va'u	breathe		$x_{1}$ breathes/respires $x_{2}$ [gas].	gismu
brife	bif bi'e	breeze	wind	$x_{1}$ is a breeze/wind/gale from direction $x_{2}$ with speed $x_{3}$; $x_{1}$ blows from $x_{2}$.	gismu
cripu	rip	bridge		$x_{1}$ is a bridge/span over/across $x_{2}$ between $x_{3}$ and $x_{4}$ [unordered, typically destination first].	gismu
gasnu	gau	bring about	do	$x_{1}$ [person/agent] is an agentive cause of event $x_{2}$; $x_{1}$ does/brings about $x_{2}$.	gismu
ganra	gan	broad	wide	$x_{1}$ is broad/wide in dimension $x_{2}$ [2nd most significant dimension] by standard $x_{3}$.	gismu
spofu	pof po'u	broken		$x_{1}$ is broken/inoperable/broken down/non-utile/not usable for function $x_{2}$.	gismu
ransu		bronze		$x_{1}$ is a quantity of/contains/is made of bronze of composition including $x_{2}$.	gismu
bruna	bun bu'a	brother		$x_{1}$ is brother of/fraternal to $x_{2}$ by bond/tie/standard/parent(s) $x_{3}$; [not necess. biological].	gismu
mebri	meb	brow	forehead	$x_{1}$ is a/the brow/forehead [projecting flat/smooth head/body-part] of $x_{2}$.	gismu
bunre	bur bu'e	brown		$x_{1}$ is brown/tan [color adjective].	gismu
burcu	bru	brush		$x_{1}$ is a brush for purpose $x_{2}$ (event) with bristles $x_{3}$.	gismu
baktu		bucket		$x_{1}$ is a bucket/pail/can/deep, solid, wide-topped container of contents $x_{2}$, made of material $x_{3}$.	gismu
xruba	xub	buckwheat		$x_{1}$ is a quantity of buckwheat/rhubarb/sorrel grass of species/strain $x_{2}$.	gismu
zbasu	zba	build	make	$x_{1}$ makes/assembles/builds/manufactures/creates $x_{2}$ out of materials/parts/components $x_{3}$.	gismu
dinju	dij di'u	building		$x_{1}$ is a building/edifice for purpose $x_{2}$.	gismu
balji		bulb		$x_{1}$ is a bulb [body-part] of plant/species $x_{2}$; [metaphor: rounded, bulgy].	gismu
bakfu	baf	bundle		$x_{1}$ is a bundle/package/cluster/clump/pack [shape/form] containing $x_{2}$, held together by $x_{3}$.	gismu
jelca	jel	burn		$x_{1}$ burns/[ignites/is flammable/inflammable] at temperature $x_{2}$ in atmosphere $x_{3}$.	gismu
matne		butter		$x_{1}$ is a quantity of/contains butter/oleo/margarine/shortening from source $x_{2}$.	gismu
toldi	tod	butterfly		$x_{1}$ is a butterfly/moth of species/breed $x_{2}$.	gismu
zargu	zag za'u	buttock	arse	$x_{1}$ is a/the buttock(s)/arse/rear/seat [body-part] of $x_{2}$; [metaphor: rounded surface, support].	gismu
batke		button		$x_{1}$ is a button/knob/[handle] on/for item $x_{2}$, with purpose $x_{3}$, made of material $x_{4}$.	gismu
kobli	kob ko'i	cabbage		$x_{1}$ is a quantity of cabbage/lettuce/leafy vegetable of species/strain $x_{2}$.	gismu
sabnu		cabin		$x_{1}$ is a cabin of vehicle $x_{2}$.	gismu
kanji	kaj	calculate		$x_{1}$ calculates/reckons/computes $x_{2}$ [value (ni)/state] from data $x_{3}$ by process $x_{4}$.	gismu
kumte		camel		$x_{1}$ is a camel/llama/alpaca/vicuna/dromedary of species/breed $x_{2}$.	gismu
kacma		camera		$x_{1}$ is a camera/photographic equipment recording illumination type $x_{2}$ images to medium $x_{3}$.	gismu
ginka	gik	camp		$x_{1}$ is a camp/encampment/temporary residence of $x_{2}$ at location $x_{3}$.	gismu
lante		can		$x_{1}$ is a can/tightly sealed/pre-sealed container for perishable contents $x_{2}$, made of $x_{3}$.	gismu
naxle	nax xle	canal		$x_{1}$ is a canal/channel to $x_{2}$ from $x_{3}$ with route $x_{4}$.	gismu
kenra	ken	cancer		$x_{1}$ is a cancer [malignant disease] in $x_{2}$.	gismu
delno	del de'o	candela		$x_{1}$ is $x_{2}$ candela [metric unit] in luminosity (default is 1) by standard $x_{3}$.	gismu
grana	ga'a	cane	pole	$x_{1}$ is a rod/pole/staff/stick/cane [shape/form] of material $x_{2}$.	gismu
mapku	map	cap		$x_{1}$ is a cap/hat/crown/helmet/piece of headgear [head-top garment] of material $x_{2}$.	gismu
jatna	ja'a	captain		$x_{1}$ is captain/commander/leader/in-charge/boss of vehicle/domain $x_{2}$.	gismu
kavbu	kav	capture	catch	$x_{1}$ captures/catches/apprehends/seizes/nabs $x_{2}$ with trap/restraint $x_{3}$.	gismu
tabno	tab	carbon		$x_{1}$ is a quantity of/contains/is made of carbon/graphite/[diamond]/charcoal; $x_{1}$ is organic.	gismu
karda		card		$x_{1}$ is a card [small nearly-2-dimensional shape/form] of material $x_{2}$, shape $x_{3}$.	gismu
bevri	bev bei	carry		$x_{1}$ carries/hauls/bears/transports cargo $x_{2}$ to $x_{3}$ from $x_{4}$ over path $x_{5}$; $x_{1}$ is a carrier/[porter].	gismu
carce		cart		$x_{1}$ is a cart/carriage/wagon [wheeled vehicle] for carrying $x_{2}$, propelled by $x_{3}$.	gismu
samcu		cassava		$x_{1}$ is a quantity of cassava/taro/manioc/tapioca/yam [edible starchy root] of species/strain $x_{2}$.	gismu
mlatu	lat	cat		$x_{1}$ is a cat/[puss/pussy/kitten] [feline animal] of species/breed $x_{2}$; (adjective:) $x_{1}$ is feline.	gismu
rinka	rik ri'a	cause		$x_{1}$ (event/state) effects/physically causes effect $x_{2}$ (event/state) under conditions $x_{3}$.	gismu
kevna	kev ke'a	cavity	hole	$x_{1}$ is a cavity/hole/hollow/cavern in $x_{2}$; $x_{1}$ is concave within $x_{2}$; $x_{2}$ is hollow at locus $x_{1}$.	gismu
sisti	sti	cease	end	$x_{1}$ [agent] ceases/stops/halts/ends activity/process/state $x_{2}$ [not necessarily completing it].	gismu
salci	sla	celebrate		$x_{1}$ celebrates/recognizes/honors $x_{2}$ (event/abstract) with activity/[party] $x_{3}$.	gismu
selci	sle	cell		$x_{1}$ is a cell/atom/unit/molecule of $x_{2}$; $x_{1}$ is an indivisible, most basic subunit of $x_{2}$.	gismu
fepni	fep fei	cent		$x_{1}$ is measured in kopeck/cent money-subunits as $x_{2}$ [quantity], in monetary system $x_{3}$.	gismu
staku	tak	ceramic		$x_{1}$ is a quantity of/contains/is made of ceramic made by $x_{2}$, of composition $x_{3}$, in form/shape $x_{4}$.	gismu
birti	bit	certain		$x_{1}$ is certain/sure/positive/convinced that $x_{2}$ is true.	gismu
linsi	lin	chain		$x_{1}$ is a length of chain/links of material $x_{2}$ with link properties $x_{3}$.	gismu
stizu	tiz	chair		$x_{1}$ is a chair/stool/seat/bench, a piece or portion of a piece of furniture intended for sitting.	gismu
bakri		chalk		$x_{1}$ is a quantity of/contains/is made of chalk from source $x_{2}$ in form $x_{3}$.	gismu
talsa	tal	challenge		$x_{1}$ (person) challenges $x_{2}$ at/in property $x_{3}$.	gismu
kalsa	kas	chaotic		$x_{1}$ is chaotic/disordered in property/aspect $x_{2}$ (ka).	gismu
cartu	cat	chart		$x_{1}$ is a chart/diagram/map of/about $x_{2}$ showing formation/data-points $x_{3}$.	gismu
jersi	je'i	chase	follow	$x_{1}$ chases/pursues/(physically) follows after $x_{2}$; volition is not implied for $x_{1}$ or $x_{2}$.	gismu
cirla		cheese		$x_{1}$ is a quantity of/contains cheese/curd from source $x_{2}$.	gismu
xukmi	xum xu'i	chemical		$x_{1}$ is an instance of substance/chemical/drug $x_{2}$ (individual or mass) with purity $x_{3}$.	gismu
cutne	cut	chest		$x_{1}$ is a/the chest/thorax/upper trunk/[rib cage/breast] [body-part] of $x_{2}$.	gismu
jipci		chicken		$x_{1}$ is a chicken/[hen/cock/rooster]/small fowl [a type of bird] of species/breed $x_{2}$.	gismu
verba	ver ve'a	child	kid	$x_{1}$ is a child/kid/juvenile [a young person] of age $x_{2}$, immature by standard $x_{3}$.	gismu
kliru		chlorine		$x_{1}$ is a quantity of/contains/is made of halogen of type $x_{2}$ [chlorine, fluorine, iodine, etc.].	gismu
cakla		chocolate		$x_{1}$ is made of/contains/is a quantity of chocolate/cocoa.	gismu
cuxna	cux cu'a	choose	pick	$x_{1}$ chooses/selects $x_{2}$ [choice] from set/sequence of alternatives $x_{3}$ (complete set).	gismu
romge	rog	chrome		$x_{1}$ is a highly reflective/polished non-tarnishing metallic surface, of metal $x_{2}$ [often chromium].	gismu
sigja	sig	cigar		$x_{1}$ is a cigar/cigarette/cigarillo made from tobacco/smokable substance $x_{2}$ by $x_{3}$.	gismu
skina	kin	cinema	film	$x_{1}$ is a cinema/movie/film about $x_{2}$ [plot/theme/subject/activity], filmmaker $x_{3}$, for audience $x_{4}$.	gismu
sitna	sit	cite	refer	$x_{1}$ cites/quotes/refers to/makes reference to source $x_{2}$ for information/statement $x_{3}$ (du'u).	gismu
nimre		citrus		$x_{1}$ is a quantity of citrus [fruit/tree, etc.] of species/strain $x_{2}$.	gismu
tcadu	tca	city		$x_{1}$ is a town/city of metropolitan area $x_{2}$, in political unit $x_{3}$, serving hinterland/region $x_{4}$.	gismu
klesi	kle lei	class	type	$x_{1}$ (mass/si'o) is a class/category/subgroup/subset within $x_{2}$ with defining property $x_{3}$ (ka).	gismu
jgalu	ja'u	claw		$x_{1}$ is a/the claw/nail/talon [body-part] of $x_{2}$; [metaphor: pointed, penetrating, physical weapon].	gismu
kliti	kit	clay		$x_{1}$ is a quantity of/contains/is made of clay [moist, clammy dirt] of composition including $x_{2}$.	gismu
jinsa	jis	clean		$x_{1}$ (object) is clean/pure of material/contaminant/dirt $x_{2}$ by standard $x_{3}$.	gismu
klina	kli	clear	direct	$x_{1}$ (object/medium) is clear/transparent/without obstacle to in-the-clear $x_{2}$ [transmission].	gismu
cpare	par	climb		$x_{1}$ climbs/clambers/creeps/crawls on surface $x_{2}$ in direction $x_{3}$ using $x_{4}$ [limbs/tools].	gismu
junla	jul	clock		$x_{1}$ is clock/watch/timer measuring time units $x_{2}$ to precision $x_{3}$ with timing mechanism/method $x_{4}$.	gismu
ganlo	ga'o	closed		$x_{1}$ (portal/passage/entrance-way) is closed/shut/not open, preventing passage/access to $x_{2}$ by $x_{3}$ (something being blocked).	gismu
bukpu	buk bu'u	cloth		$x_{1}$ is an amount of cloth/fabric of type/material $x_{2}$.	gismu
dilnu	dil	cloud		$x_{1}$ is a cloud/mass of clouds of material $x_{2}$ in air mass $x_{3}$ at floor/base elevation $x_{4}$.	gismu
juxre	jux	clumsy		$x_{1}$ (action) is clumsy/awkward by standard $x_{2}$.	gismu
kolme	kol ko'e	coal		$x_{1}$ is a quantity of/contains/is made of coal/peat/anthracite/bitumen from source $x_{2}$.	gismu
kosta	kos	coat	jacket	$x_{1}$ is a coat/jacket/sweater/cloak/[cape/shawl/pullover] [extra outer garment] of material $x_{2}$.	gismu
jalra		cockroach	termite	$x_{1}$ is a cockroach/orthopteran/termite of order/species/breed $x_{2}$.	gismu
mifra	mif	code		$x_{1}$ is encoded/cipher text of plain-text $x_{2}$ by code/coding system $x_{3}$; $x_{1}$ is in code; $x_{3}$ is a code.	gismu
ckafi	kaf	coffee		$x_{1}$ is made of/contains/is a quantity of coffee from source/bean/grain $x_{2}$.	gismu
sicni	si'i	coin		$x_{1}$ is a coin/token/is specie issued by $x_{2}$ having value $x_{3}$ of composition including $x_{4}$.	gismu
lenku	lek	cold		$x_{1}$ is cold/cool by standard $x_{2}$.	gismu
karli		collar		$x_{1}$ is a collar/ring/belt/band around/surrounding $x_{2}$ made of material $x_{3}$.	gismu
janli	jal	collide		$x_{1}$ collides with/crashes/bumps/runs into $x_{2}$.	gismu
skari	ska	color		$x_{1}$ is/appears to be of color/hue $x_{2}$ as perceived/seen by $x_{3}$ under conditions $x_{4}$.	gismu
kamju		column		$x_{1}$ is a column/pillar of material $x_{2}$.	gismu
komcu	kom	comb		$x_{1}$ is a comb [many-needled shape] of material $x_{2}$ with tines/needles $x_{3}$.	gismu
klama	kla	come		$x_{1}$ comes/goes to destination $x_{2}$ from origin $x_{3}$ via route $x_{4}$ using means/vehicle $x_{5}$.	gismu
kufra	kuf	comfort		$x_{1}$ feels comfort/is comfortable with conditions/environmental property(ies) $x_{2}$.	gismu
minde	mid mi'e	command	order	$x_{1}$ issues commands/orders to $x_{2}$ for result $x_{3}$ (event/state) to happen; $x_{3}$ is commanded to occur.	gismu
pinka	pik	comment	remark	$x_{1}$ (text) is a comment/remark/observation about subject $x_{2}$ expressed by $x_{3}$ to audience $x_{4}$.	gismu
kamni		committee		$x_{1}$ (mass) is a committee with task/purpose $x_{2}$ of body $x_{3}$.	gismu
kampu	kau	common	general	$x_{1}$ (property - ka) is common/general/universal among members of set $x_{2}$ (complete set).	gismu
cecmu	cem ce'u	community		$x_{1}$ is a community/colony of organisms $x_{2}$.	gismu
kagni	kag	company		$x_{1}$ is a company/corporation/firm/partnership chartered by authority $x_{2}$ for purpose $x_{3}$.	gismu
karbi	kab	compare		$x_{1}$ [observer] compares $x_{2}$ with $x_{3}$ in property $x_{4}$ (ka), determining comparison $x_{5}$ (state).	gismu
jivna	jvi	compete		$x_{1}$ competes/vies with opponent $x_{2}$ in contest/competition $x_{3}$ (event) for gain $x_{4}$; $x_{1}$ rivals $x_{2}$.	gismu
mulno	mul mu'o	complete	finished	$x_{1}$ (event) is complete/done/finished; $x_{1}$ (object) has become whole in property $x_{2}$ by standard $x_{3}$.	gismu
pluja	luj	complicated		$x_{1}$ is complex/complicated/involved in aspect/property $x_{2}$ (ka) by standard $x_{3}$.	gismu
finti	fin fi'i	compose	invent	$x_{1}$ invents/creates/composes/authors $x_{2}$ for function/purpose $x_{3}$ from existing elements/ideas $x_{4}$.	gismu
skami	sam	computer		$x_{1}$ is a computer for purpose $x_{2}$.	gismu
cabna	cab	concurrent	now	$x_{1}$ is current at/in the present of/during/concurrent/simultaneous with $x_{2}$ in time.	gismu
lunsa	lus	condense		$x_{1}$ condenses/liquefies on/into $x_{2}$ at temperature $x_{3}$, pressure $x_{4}$; $x_{1}$ is dew/condensate on $x_{2}$.	gismu
gidva	gid gi'a	conduct	guide	$x_{1}$ (person/object/event) guides/conducts/pilots/leads $x_{2}$ (active participants) in/at $x_{3}$ (event).	gismu
konju	kon ko'u	cone		$x_{1}$ is a cone [shape/form] of material $x_{2}$ with vertex $x_{3}$.	gismu
cfipu	fi'u	confusing		$x_{1}$ (event/state) confuses/baffles $x_{2}$ [observer] due to [confusing] property $x_{3}$ (ka).	gismu
ckunu	ku'u	conifer		$x_{1}$ is a conifer/pine/fir of species/strain $x_{2}$ with cones $x_{3}$.	gismu
kanxe	kax	conjunction		$x_{1}$ is a conjunction, stating that $x_{2}$ (du'u) and $x_{3}$ (du'u) are both true.	gismu
sanji	saj	conscious	recognize	$x_{1}$ is conscious/aware of $x_{2}$ (object/abstract); $x_{1}$ discerns/recognizes $x_{2}$ (object/abstract).	gismu
stodi	sto	constant		$x_{1}$ is constant/invariant/unchanging in property $x_{2}$ (ka) in response to stimulus/conditions $x_{3}$.	gismu
vasru	vas vau	contain	include	$x_{1}$ contains/holds/encloses/includes contents $x_{2}$ within; $x_{1}$ is a vessel containing $x_{2}$.	gismu
ranji	ra'i	continue		$x_{1}$ (event/state) continues/persists over interval $x_{2}$; $x_{1}$ (property - ka) is continuous over $x_{2}$.	gismu
natfe	naf na'e	contradict	deny	$x_{1}$ (du'u) contradicts/denies/refutes/negates $x_{2}$ (du'u) under rules/logic $x_{3}$.	gismu
jitro	tro	control		$x_{1}$ has control over/harnesses/manages/directs/conducts $x_{2}$ in $x_{3}$ (activity/event/performance).	gismu
jukpa	jup	cook		$x_{1}$ cooks/prepares food-for-eating $x_{2}$ by recipe/method $x_{3}$ (process).	gismu
tunka	tuk	copper		$x_{1}$ is made of/contains/is a quantity of copper (Cu); [metaphor: reddish, electrical conductor].	gismu
gletu	let gle	copulate	fuck	$x_{1}$ copulates/mates/has coitus/sexual intercourse with $x_{2}$.	gismu
fukpi	fuk fu'i	copy		$x_{1}$ is a copy/replica/duplicate/clone of $x_{2}$ in form/medium $x_{3}$ made by method $x_{4}$ (event).	gismu
skori	sko	cord	rope	$x_{1}$ is cord/cable/rope/line/twine/cordage/woven strands of material $x_{2}$.	gismu
korka	kok	cork		$x_{1}$ is a quantity of/contains/is made of cork/bark from tree/species $x_{2}$; [material].	gismu
kojna	koj ko'a	corner		$x_{1}$ is a corner/point/at-least-3-dimensional [solid] angle [shape/form] in/on $x_{2}$, of material $x_{3}$.	gismu
drani	dra	correct		$x_{1}$ is correct/proper/right/perfect in property/aspect $x_{2}$ (ka) in situation $x_{3}$ by standard $x_{4}$.	gismu
jdima	di'a	cost	price	$x_{1}$ [amount] is the price of $x_{2}$ to purchaser/consumer $x_{3}$ set by vendor $x_{4}$.	gismu
kargu		costly		$x_{1}$ (object/commodity/property/event) is costly/expensive/dear to $x_{2}$ by standard $x_{3}$.	gismu
mapni		cotton		$x_{1}$ is a quantity of/contains/is made of cotton [type of fabric/material].	gismu
kafke		cough		$x_{1}$ coughs/farts/burps up/out $x_{2}$ [predominantly gaseous] from orifice $x_{3}$.	gismu
kancu	kac	count		$x_{1}$ (agent) counts the number in set $x_{2}$ to be $x_{3}$ [number/count] counting [off] by units $x_{4}$.	gismu
gugde	gug gu'e	country		$x_{1}$ is the country of peoples $x_{2}$ with land/territory $x_{3}$; (people/territory relationship).	gismu
pruce	ruc ru'e	course	process	$x_{1}$ is a process with inputs $x_{2}$, outputs/results $x_{3}$, passing through steps/stages $x_{4}$.	gismu
tamne		cousin		$x_{1}$ is cousin to $x_{2}$ by bond/tie $x_{3}$; [non-immediate family member, default same generation].	gismu
gacri	gai	cover		$x_{1}$ is a cover/[lid/top] for covering/concealing/sheltering $x_{2}$.	gismu
fenra	fer fe'a	crack		$x_{1}$ is a crack/fissure/pass/cleft/ravine/chasm/[defect/flaw] [shape/form] in $x_{2}$.	gismu
fenki	fek	crazy		$x_{1}$ (action/event) is crazy/insane/mad/frantic/in a frenzy (one sense) by standard $x_{2}$.	gismu
kruji	ruj	cream		$x_{1}$ is made of/contains/is a quantity of cream/emulsion/puree [consistency] of composition $x_{2}$.	gismu
zekri	zer zei	crime		$x_{1}$ (event/state) is a punishable crime/[taboo/sin] to people/culture/judges/jury $x_{2}$.	gismu
korvo		crow		$nは烏 (烏科)	override
kusru	kus	cruel		$x_{1}$ (person) is cruel/mean/unkind to victim $x_{2}$.	gismu
pilka	pil pi'a	crust		$x_{1}$ is a crust/rind/peel/skin/hide/outer cover of $x_{2}$.	gismu
krixa	kix ki'a	cry out		$x_{1}$ cries out/yells/howls sound $x_{2}$; $x_{1}$ is a crier.	gismu
krili		crystal		$x_{1}$ is a quantity of/contains/is made of crystal of composition $x_{2}$ in form/arrangement $x_{3}$.	gismu
kubli	kub	cube		$x_{1}$ is a cube/regular polyhedron/polygon of dimensions $x_{2}$ (def. 3), surfaces/sides $x_{3}$ (def. 6).	gismu
gutci	guc	cubit		$x_{1}$ is $x_{2}$ (default 1) short local distance unit(s) [non-metric], standard $x_{3}$, $x_{4}$ subunits.	gismu
kulnu	klu	culture		$x_{1}$ [mass of ideas, customs, skills, arts] is culture of nation/ethos $x_{2}$ (mass); $x_{1}$ is ethnic.	gismu
kabri		cup		$x_{1}$ is a cup/glass/tumbler/mug/vessel/[bowl] containing contents $x_{2}$, and of material $x_{3}$.	gismu
kucli		curious		$x_{1}$ is curious/wonders about/is interested in/[inquisitive about] $x_{2}$ (object/abstract).	gismu
dapma	dap	curse		$x_{1}$ curses/damns/condemns $x_{2}$ to fate (event) $x_{3}$.	gismu
murta	mur mu'a	curtain		$x_{1}$ is a curtain/blinds/drapes for covering/obscuring aperture $x_{2}$, and made of material $x_{3}$.	gismu
kruvi	ruv kru	curve		$x_{1}$ is a curve/turn/bend in $x_{2}$, at locus $x_{3}$, and defined by set of points/properties $x_{4}$.	gismu
kicne	kic ki'e	cushion		$x_{1}$ cushions $x_{2}$ with material $x_{3}$; $x_{1}$ is a cushion/pillow/pad [for $x_{2}$] of padding material $x_{3}$.	gismu
tcaci	cac	custom		$x_{1}$ is a custom/habit/[ritual/rut] of $x_{2}$ under conditions $x_{3}$.	gismu
katna	ka'a	cut		$x_{1}$ (tool/blade/force) cuts [through]/splits/divides $x_{2}$ (object) into pieces $x_{3}$.	gismu
cicna		cyan		$x_{1}$ is cyan/turquoise/greenish-blue [color adjective].	gismu
slanu		cylinder		$x_{1}$ is a cylinder [shape/form] of material $x_{2}$.	gismu
dansu		dance		$x_{1}$ (individual, mass) dances to accompaniment/music/rhythm $x_{2}$.	gismu
manku	man	dark		$x_{1}$ is dark/lacking in illumination.	gismu
datni		data		$x_{1}$ (du'u) [fact/measurement] is data/information/statistic(s) about $x_{2}$ gathered by method $x_{3}$.	gismu
detri	det	date	datetime	$x_1$ is the date [day,{week},{month},year] of event/state $x_2$, at location $x_3$, by calendar $x_4$.	gismu
tixnu	tix ti'u	daughter		$x_{1}$ is a daughter of mother/father/parents $x_{2}$; [not necessarily biological].	gismu
donri	dor do'i	daytime		$x_{1}$ is the daytime of day $x_{2}$ at location $x_{3}$; (adjective:) $x_{1}$ is diurnal (vs. nocturnal).	gismu
morsi	mro	dead		$x_{1}$ is dead/has ceased to be alive.	gismu
dirba	dib	dear		$x_{1}$ is dear/precious/darling to $x_{2}$; $x_{1}$ is emotionally valued by $x_{2}$.	gismu
tcica	tic	deceive		$x_{1}$ (event/experience) misleads/deceives/dupes/fools/cheats/tricks $x_{2}$ into $x_{3}$ (event/state).	gismu
jdice	jdi	decide		$x_{1}$ (person) decides/makes decision $x_{2}$ (du'u) about matter $x_{3}$ (event/state).	gismu
saclu		decimal		$x_{1}$ (me'o) is the [decimal/binary] equivalent of fractional $x_{2}$ (me'o) in base $x_{3}$ (quantity).	gismu
pi	piz	decimal point		digit/number: radix (number base) point; default decimal.	cmavo
jdika		decrease		$x_{1}$ (experiencer) decreases/contracts/is reduced/diminished in property/quantity $x_{2}$ by amount $x_{3}$.	gismu
condi	con cno coi	deep		$x_{1}$ is deep in extent in direction/property $x_{2}$ away from reference point $x_{3}$ by standard $x_{4}$.	gismu
mirli		deer		$x_{1}$ is a deer/elk/moose/[hart/stag/doe] of species/breed $x_{2}$.	gismu
bandu	bad	defend	protect	$x_{1}$ (event) defends/protects $x_{2}$ (object/state) from threat/peril/potential $x_{3}$ (event).	gismu
vimcu	vic vi'u	delete	remove	$x_{1}$ removes/subtracts/deducts/takes away $x_{2}$ from $x_{3}$ with/leaving result/remnant/remainder $x_{4}$.	gismu
ralci	rac	delicate		$x_{1}$ is delicate/fragile/subtle/refined in property $x_{2}$ (ka).	gismu
kukte	kuk	delicious		$x_{1}$ is delicious/tasty/delightful to observer/sense $x_{2}$ [person, or sensory activity].	gismu
crida	rid	demon	elf	$x_{1}$ is a fairy/elf/gnome/brownie/pixie/goblin/kobold [mythical humanoid] of mythos/religion $x_{2}$.	gismu
denmi	dem	dense		$x_{1}$ is dense/concentrated/packed/intense in property $x_{2}$ (ka) at location/locus $x_{3}$.	gismu
lacri	lac	depend	rely	$x_{1}$ relies/depends/counts on/trusts $x_{2}$ to bring about/ensure/maintain $x_{3}$ (event/state).	gismu
vipsi	vip	deputy		$x_{1}$ is a deputy/vice/subordinate in aspect [or organization principle] $x_{2}$ (ka) to principal $x_{3}$.	gismu
skicu	ski	describe		$x_{1}$ tells about/describes $x_{2}$ (object/event/state) to audience $x_{3}$ with description $x_{4}$ (property).	gismu
jerna		deserve	earn	$x_{1}$ (agent/person) earns/[deserves/merits] wages/salary/pay $x_{2}$ for work/service $x_{3}$ (activity).	gismu
djica	dji	desire		$x_{1}$ desires/wants/wishes $x_{2}$ (event/state) for purpose $x_{3}$.	gismu
daspo	spo	destroy		$x_{1}$ (event) destroys/ruins/wrecks/despoils $x_{2}$; $x_{1}$ is destructive.	gismu
tcila	til	detail		$x_{1}$ is a detail/feature/particular of $x_{2}$.	gismu
farvi	fav	develop		$x_{1}$ develops/evolves towards/into $x_{2}$ from $x_{3}$ through stages $x_{4}$.	gismu
frica	fic	differ		$x_{1}$ differs/is distinct from/contrasts with/is unlike $x_{2}$ in property/dimension/quantity $x_{3}$.	gismu
nandu	nad	difficult	hard	$x_{1}$ is difficult/hard/challenging for $x_{2}$ under conditions $x_{3}$; $x_{1}$ challenges (non-agentive) $x_{2}$.	gismu
kakpa		dig		$x_{1}$ (agent) digs $x_{2}$ [material] up/out of $x_{3}$ [source/hole] with limbs/tool(s) $x_{4}$.	gismu
kandi	kad	dim		$x_{1}$ is dim/dull/pale/non-intense in property $x_{2}$ (ka) as received/measured by observer $x_{3}$.	gismu
cimde		dimension		$x_{1}$ (property - ka) is a dimension of space/object $x_{2}$ according to rules/model $x_{3}$.	gismu
jansu	jas	diplomat		$x_{1}$ is a diplomat/consul representing polity $x_{2}$ in/at negotiation $x_{3}$ for function/purpose $x_{4}$.	gismu
farna	far fa'a	direction		$x_{1}$ is the direction of $x_{2}$ (object/event) from origin/in frame of reference $x_{3}$.	gismu
dertu	der de'u	dirt		$x_{1}$ is a quantity of/contains/is made of dirt/soil/earth/ground from source $x_{2}$ of composition $x_{3}$.	gismu
facki	fak fa'i	discover		$x_{1}$ discovers/finds out $x_{2}$ (du'u) about subject/object $x_{3}$; $x_{1}$ finds (fi) $x_{3}$ (object).	gismu
casnu	snu	discuss	converse	$x_{1}$(s) (mass normally, but 1 individual/jo'u possible) discuss(es)/talk(s) about topic/subject $x_{2}$.	gismu
rigni	rig	disgusting		$x_{1}$ is repugnant to/causes disgust to $x_{2}$ under conditions $x_{3}$.	gismu
runta		dissolve		$x_{1}$ dissolves in solvent $x_{2}$ forming solution/[suspension] $x_{3}$ under conditions $x_{4}$.	gismu
fatri	fai	distribute		$x_{1}$ is distributed/allotted/allocated/shared among $x_{2}$ with shares/portions $x_{3}$; ($x_{2}$/$x_{3}$ fa'u).	gismu
sfubu	sub su'u	dive		$x_{1}$ dives/swoops [manner of controlled falling] to $x_{2}$ from $x_{3}$.	gismu
fendi	fed	divide		$x_{1}$ (agent) divides/partitions/separates $x_{2}$ into sections/parts/ind. $x_{3}$ by method/partition $x_{4}$.	gismu
mikce	mic	doctor		$x_{1}$ doctors/treats/nurses/[cures]/is physician/midwife to $x_{2}$ for ailment $x_{3}$ by treatment/cure $x_{4}$.	gismu
gerku	ger ge'u	dog	canine	$x_{1}$ is a dog/canine/[bitch] of species/breed $x_{2}$.	gismu
rupnu	rup ru'u	dollar		$x_{1}$ is measured in major-money-units (dollar/yuan/ruble) as $x_{2}$ (quantity), monetary system $x_{3}$.	gismu
xasli		donkey		$x_{1}$ is a donkey/jackass of species/breed $x_{2}$.	gismu
vorme	vor vro	door		$x_{1}$ is a doorway/gateway/access way between $x_{2}$ and $x_{3}$ of structure $x_{4}$.	gismu
senpi	sen	doubt		$x_{1}$ doubts/is dubious/doubtful/skeptical/questions that $x_{2}$ (du'u) is true.	gismu
ze'au		down		減少量	override
rinci		drain		$x_{1}$ liquid/fluid drains/strains/flushes from source $x_{2}$ through drain/strainer $x_{3}$ by force $x_{4}$.	gismu
draci		drama		$x_{1}$ is a drama/play about $x_{2}$ [plot/theme/subject] by dramatist $x_{3}$ for audience $x_{4}$ with actors $x_{5}$.	gismu
dacru	dac	drawer		$x_{1}$ is a drawer/file in structure $x_{2}$, a [sliding compartment] container for contents $x_{3}$.	gismu
senva	sev sne	dream		$x_{1}$ dreams about/that $x_{2}$ (fact/idea/event/state); $x_{2}$ is a dream/reverie of $x_{1}$.	gismu
pinxe	pix	drink		$x_{1}$ (agent) drinks/imbibes beverage/drink/liquid refreshment $x_{2}$ from/out-of container/source $x_{3}$.	gismu
dirgo	dig	drop		$x_{1}$ is a drop [small, cohesive shape] of material [liquid/vapor] $x_{2}$ in surrounding material $x_{3}$.	gismu
damri		drum		$x_{1}$ is a drum/cymbal/gong [percussion musical instrument] with beater/actuator $x_{2}$.	gismu
sudga	sud	dry		$x_{1}$ is dry of liquid $x_{2}$; (adjective:) $x_{1}$ is arid.	gismu
datka		duck		$x_{1}$ is a duck/[drake] of species/breed $x_{2}$.	gismu
pulce	puc pu'e	dust	precipitate	$x_{1}$ is dust/precipitate [suspensible solid] from $x_{2}$ in medium/on surface $x_{3}$.	gismu
xabju	xa'u	dwell		$x_{1}$ dwells/lives/resides/abides at/inhabits/is a resident of location/habitat/nest/home/abode $x_{2}$.	gismu
ro	rol	each		digit/number: each, all.	cmavo
kerlo	ker	ear		$x_{1}$ is a/the ear [body-part] of $x_{2}$; [metaphor: sensory apparatus, information gathering].	gismu
clira	lir	early		$x_{1}$ (event) is early by standard $x_{2}$.	gismu
terdi	ted	earth		$x_{1}$ is the Earth/the home planet of race $x_{2}$; (adjective:) $x_{1}$ is terrestrial/earthbound.	gismu
stuna	sun	east		$x_{1}$ is to the east/eastern side of $x_{2}$ according to frame of reference $x_{3}$.	gismu
frili	fil	easy	facile	$x_{1}$ (action) is easy/simple/facile for $x_{2}$ (agent) under conditions $x_{3}$; $x_{2}$ does $x_{1}$ freely/easily.	gismu
citka	cti	eat		$x_{1}$ eats/ingests/consumes (transitive verb) $x_{2}$.	gismu
korbi	kor koi	edge		$x_{1}$ is an edge/margin/border/curb/boundary of $x_{2}$ next-to/bordering-on $x_{3}$.	gismu
bapli	bap bai	effective	force	$x_{1}$ [force] (ka) forces/compels event $x_{2}$ to occur; $x_{1}$ determines property $x_{2}$ to manifest.	gismu
sovda	sov so'a	egg		$x_{1}$ is an egg/ovum/sperm/pollen/gamete of/from organism [mother/father] $x_{2}$.	gismu
pruni	pun	elastic		(adjective:) $x_{1}$ is elastic/springy.	gismu
dzena	dze	elder	ancestor	$x_{1}$ is an elder/ancestor of $x_{2}$ by bond/tie/degree $x_{3}$; $x_{1}$'s generation precedes $x_{2}$'s parents.	gismu
dikca	dic	electric		$x_{1}$ is electricity [electric charge or current] in/on $x_{2}$ of polarity/quantity $x_{3}$ (def. negative).	gismu
xanto		elephant		$x_{1}$ is an elephant of species/breed $x_{2}$.	gismu
burna		embarrassed		$x_{1}$ is embarrassed/disconcerted/flustered/ill-at-ease about/under conditions $x_{2}$ (abstraction).	gismu
tarbi		embryo		$x_{1}$ is an embryo/zygote/fetus/fertilized egg with mother $x_{2}$, and father $x_{3}$.	gismu
cinmo	cni	emotion	feel	$x_{1}$ feels emotion $x_{2}$ (ka) about $x_{3}$.	gismu
basna		emphasize		$x_{1}$ emphasizes/accentuates/gives emphasis/stress/accent to $x_{2}$ by (action) $x_{3}$.	gismu
kunti	kut	empty	vacant	$x_{1}$ [container] is empty/vacant of $x_{2}$ [material]; $x_{1}$ is hollow.	gismu
fanmo	fam fa'o	end		$x_{1}$ is an end/finish/termination of thing/process $x_{2}$; [not necessarily implying completeness].	gismu
bradi		enemy		$x_{1}$ is an enemy/opponent/adversary/foe of $x_{2}$ in struggle $x_{3}$.	gismu
nejni	nen	energy		$x_{1}$ is energy of type $x_{2}$ in form $x_{3}$.	gismu
vanbi	vab	environment		$x_{1}$ (ind./mass) is part of an environment/surroundings/context/ambience of $x_{2}$.	gismu
dunli	dun du'i	equal		$x_{1}$ is equal/congruent to/as much as $x_{2}$ in property/dimension/quantity $x_{3}$.	gismu
cedra		era		$x_{1}$ is an era/epoch/age characterized by $x_{2}$ (event/property/interval/idea).	gismu
srera	sre	err		$x_{1}$ errs in doing/being/making mistake $x_{2}$ (event), an error under conditions $x_{3}$ by standard $x_{4}$.	gismu
sinma	si'a	esteem	respect	$x_{1}$ esteems/respects/venerates/highly regards $x_{2}$ [object of respect].	gismu
vanci	vac	evening		$x_{1}$ is an evening [from end-of-work until sleep typical for locale] of day $x_{2}$ at location $x_{3}$.	gismu
fasnu	fau	event		$x_{1}$ (event) is an event that happens/occurs/takes place; $x_{1}$ is an incident/happening/occurrence.	gismu
palci	pac	evil		$x_{1}$ is evil/depraved/wicked [morally bad] by standard $x_{2}$.	gismu
satci		exact		$x_{1}$ [measurement/match] is exact/precise to precision $x_{2}$ in property/quantity $x_{3}$ (ka/ni).	gismu
mupli	mup	example	sample	$x_{1}$ is an example/sample/specimen/instance/case/illustration of common property(s) $x_{2}$ of set $x_{3}$.	gismu
dukse	dus du'e	excess		$x_{1}$ is an excess of/too much of $x_{2}$ by standard $x_{3}$.	gismu
canja	caj	exchange	trade	$x_{1}$ exchanges/trades/barters commodity $x_{2}$ for $x_{3}$ with $x_{4}$; $x_{1}$, $x_{4}$ is a trader/merchant/businessman.	gismu
vikmi	vim vi'i	excrete		$x_{1}$ [body] excretes waste $x_{2}$ from source $x_{3}$ via means/route $x_{4}$.	gismu
zasti	zat za'i	exist		$x_{1}$ exists/is real/actual/reality for $x_{2}$ under metaphysics $x_{3}$.	gismu
kanpe		expect		$nは$aを豫期する (意外性=低)	override
lifri	lif fri	experience	face	$x_{1}$ [person/passive/state] undergoes/experiences $x_{2}$ (event/experience); $x_{2}$ happens to $x_{1}$.	gismu
certu	cre	expert	competent	$x_{1}$ is an expert/pro/has prowess in/is skilled at $x_{2}$ (event/activity) by standard $x_{3}$.	gismu
ciksi	cki	explain		$x_{1}$ (person) explains $x_{2}$ (event/state/property) to $x_{3}$ with explanation $x_{4}$ (du'u).	gismu
spoja	poj po'a	explode		$x_{1}$ bursts/explodes/violently breaks up/decomposes/combusts into pieces/energy/fragments $x_{2}$.	gismu
tenfa	tef	exponential		$x_{1}$ is the exponential result of base $x_{2}$ to power/exponent $x_{3}$.	gismu
cusku	cus sku	express	mention	$x_{1}$ (agent) expresses/says $x_{2}$ (sedu'u/text/lu'e concept) for audience $x_{3}$ via expressive medium $x_{4}$.	gismu
mutce	tce	extreme	much	$x_{1}$ is much/extreme in property $x_{2}$ (ka), towards $x_{3}$ extreme/direction; $x_{1}$ is, in $x_{2}$, very $x_{3}$.	gismu
kanla	kal	eye		$x_{1}$ is a/the eye [body-part] of $x_{2}$; [metaphor: sensory apparatus]; (adjective:) $x_{1}$ is ocular.	gismu
flira	fir	face		$x_{1}$ is a/the face [head/body-part] of $x_{2}$; (adjective:) $x_{1}$ is facial.	gismu
fatci	fac	fact	actual	$x_{1}$ (du'u) is a fact/reality/truth/actuality, in the absolute.	gismu
fanri		factory		$x_{1}$ is a factory/foundry/industrial plant/mill producing $x_{2}$ from materials $x_{3}$.	gismu
fliba	fli	fail		$x_{1}$ fails at doing $x_{2}$ (state/event); $x_{1}$ is a failure at its role in $x_{2}$.	gismu
farlu	fal fa'u	fall		$x_{1}$ falls/drops to $x_{2}$ from $x_{3}$ in gravity well/frame of reference $x_{4}$.	gismu
jitfa	jif	false		$x_{1}$ (du'u) is false/is an untruth by standard/epistemology/metaphysics $x_{2}$.	gismu
slabu	sau	familiar		$x_{1}$ is old/familiar/well-known to observer $x_{2}$ in feature $x_{3}$ (ka) by standard $x_{4}$.	gismu
lanzu	laz	family		$x_{1}$ (mass) is a family with members including $x_{2}$ bonded/tied/joined according to standard $x_{3}$.	gismu
misno	mis mi'o	famous		$x_{1}$ (person/object/event) is famous/renowned/is a celebrity among community of persons $x_{2}$ (mass).	gismu
darno	dar da'o	far		$x_{1}$ is far/distant from $x_{2}$ in property $x_{3}$ (ka).	gismu
cange	cag	farm		$x_{1}$ is a farm/ranch at $x_{2}$, farmed by $x_{3}$, raising/producing $x_{4}$; (adjective:) $x_{1}$ is agrarian.	gismu
sutra	sut	fast	quick	$x_{1}$ is fast/swift/quick/hastes/rapid at doing/being/bringing about $x_{2}$ (event/state).	gismu
lasna	la'a	fasten	fix	$x_{1}$ (agent) fastens/connects/attaches/binds/lashes $x_{2}$ to $x_{3}$ with fastener $x_{4}$.	gismu
dimna	dim	fate		$x_{1}$ is a fate/destiny of $x_{2}$; [doom, curse are mabla-forms]; $x_{2}$ is fated/predestined/doomed to $x_{1}$.	gismu
patfu	paf pa'u	father		$x_{1}$ is a father of $x_{2}$; $x_{1}$ begets/sires/acts paternal towards $x_{2}$; [not necessarily biological].	gismu
zabna	zan za'a	favorable		$x_1$ is favorable/great/superb/fabulous/dandy/outstanding/swell/admirable/nice/commendable/delightful/desirable/enjoyable/laudable/likable/lovable/wonderful/praiseworthy/high-quality/cool in property $x_2$ by standard $x_3$; $x_1$ rocks in aspect $x_2$ according to $x_3$	gismu
terpa	tep te'a	fear		$x_{1}$ fears $x_{2}$; $x_{1}$ is afraid/scared/frightened by/fearful of $x_{2}$ (event/tu'a object).	gismu
pimlu	pim pi'u	feather		$x_{1}$ is a/the feather/plume(s)/plumage [body-part] of animal/species $x_{2}$.	gismu
kalci		feces		$x_{1}$ is a/the feces/excrement/dung/shit of $x_{2}$ (animal/person); (adjective:) $x_{1}$ is fecal (matter).	gismu
ganse	gas ga'e	feel	sense	$x_{1}$ [observer] senses/detects/notices stimulus $x_{2}$ (object/nu) by means $x_{3}$ under conditions $x_{4}$.	gismu
fetsi	fet fe'i	female		$x_1$ is a female/doe of species $x_2$ evidencing feminine physical/biological/genetic trait(s) $x_3$ (ka); $x_1$ is feminine.	gismu
ferti	fre	fertile		$x_{1}$ is fertile/conducive for supporting the growth/development of $x_{2}$; $x_{1}$ is fruitful/prolific.	gismu
cfika	fik fi'a	fiction		$x_{1}$ is a work of fiction about plot/theme/subject $x_{2}$/under convention $x_{2}$ by author $x_{3}$.	gismu
foldi	flo foi	field		$x_{1}$ is a field [shape/form] of material $x_{2}$; $x_{1}$ is a broad uniform expanse of $x_{2}$.	gismu
figre	fig	fig		$x_{1}$ is a fig [fruit/tree] of species/strain $x_{2}$.	gismu
damba	dab da'a	fight	struggle	$x_{1}$ fights/combats/struggles with $x_{2}$ over issue $x_{3}$ (abstract); $x_{1}$ is a fighter/combatant.	gismu
tisna	tis	fill		$x_{1}$ (object) fills/becomes stuffed [up]/inflates/blows up with material $x_{2}$; $x_{2}$ pours into $x_{1}$.	gismu
xamgu	xag xau	fine	good	$x_{1}$ (object/event) is good/beneficial/nice/[acceptable] for $x_{2}$ by standard $x_{3}$.	gismu
degji	deg	finger		$x_{1}$ is a/the finger/digit/toe [body-part] on limb/body site $x_{2}$ of body $x_{3}$; [metaphor: peninsula].	gismu
fagri	fag	fire		$x_{1}$ is a fire/flame in fuel $x_{2}$ burning-in/reacting-with oxidizer $x_{3}$ (default air/oxygen).	gismu
jdari	jar	firm	hard	$x_{1}$ is firm/hard/resistant/unyielding to force $x_{2}$ under conditions $x_{3}$.	gismu
finpe	fip fi'e	fish		$x_{1}$ is a fish of species $x_{2}$ [metaphorical extension to sharks, non-fish aquatic vertebrates].	gismu
mapti	mat	fit	proper	$x_{1}$ fits/matches/suits/is compatible/appropriate/corresponds to/with $x_{2}$ in property/aspect $x_{3}$.	gismu
lanci		flag		$x_{1}$ is a flag/banner/standard of/symbolizing $x_{2}$ with pattern(s) $x_{3}$ on material $x_{4}$.	gismu
cfila	cfi	flaw		$x_{1}$ (property - ka) is a flaw/fault/defect in $x_{2}$ causing $x_{3}$.	gismu
vofli	vol voi	flight		$x_{1}$ flies [in air/atmosphere] using lifting/propulsion means $x_{2}$.	gismu
fulta	ful flu	float		$x_{1}$ (passive) floats on/in fluid (gas/liquid) $x_{2}$; $x_{1}$ is buoyant.	gismu
loldi	lol loi	floor	bottom	$x_{1}$ is a floor/bottom/ground of $x_{2}$.	gismu
flecu	fle	flow		$x_{1}$ is a current/flow/river of/in $x_{2}$ flowing in direction to/towards $x_{3}$ from direction/source $x_{4}$.	gismu
xrula	rul	flower		$x_{1}$ is a/the flower/blossom/bloom [body-part] of plant/species $x_{2}$; (adjective:) $x_{1}$ is floral.	gismu
flani		flute		$x_{1}$ is a flute/pipe/fife/recorder [flute-like/air-reed musical instrument].	gismu
sfani		fly		$x_{1}$ is a fly [a small non-stinging flying insect] of species/breed $x_{2}$.	gismu
fonmo	fom fo'o	foam		$x_{1}$ is a quantity of foam/froth/suds of material $x_{2}$, with bubbles/vacuoles of material $x_{3}$.	gismu
bumru	bum	fog		$x_{1}$ is foggy/misty/covered by a fog/mist/vapor of liquid $x_{2}$.	gismu
polje	plo	fold		$x_{1}$ (force) folds/creases $x_{2}$ at locus/loci/forming crease(s)/bend(s) $x_{3}$.	gismu
nelci	nel nei	fond	like	$x_{1}$ is fond of/likes/has a taste for $x_{2}$ (object/state).	gismu
cidja	dja	food	nutriment	$x_{1}$ is food/feed/nutriment for $x_{2}$; $x_{1}$ is edible/gives nutrition to $x_{2}$.	gismu
bebna	beb	foolish		$x_{1}$ is foolish/silly in event/action/property [folly] (ka) $x_{2}$; $x_{1}$ is a fool.	gismu
jamfu	jaf jma	foot		$x_{1}$ is a/the foot [body-part] of $x_{2}$; [metaphor: lowest portion] (adjective:) $x_{1}$ is pedal.	gismu
fraxu	fax	forgive		$x_{1}$ forgives $x_{2}$ for event/state/activity $x_{3}$.	gismu
forca	fro	fork		$x_{1}$ is a fork/fork-type tool/utensil for purpose $x_{2}$ with tines/prongs $x_{3}$ on base/support $x_{4}$.	gismu
lorxu	lor lo'u	fox		$x_{1}$ is a fox [bushy-tailed wild dog/canine] of species/breed $x_{2}$.	gismu
frinu		fraction		$x_{1}$ is a fraction, with numerator $x_{2}$, denominator $x_{3}$ ($x_{2}$/$x_{3}$).	gismu
greku	rek	frame		$x_{1}$ is a frame/structure/skeleton/outline supporting/load-bearing/determining the form of $x_{2}$.	gismu
zifre	zif zi'e	free		$x_{1}$ is free/at liberty to do/be $x_{2}$ (event/state) under conditions $x_{3}$.	gismu
dunja	duj	freeze		$x_{1}$ freezes/jells/solidifies at temperature $x_{2}$ and pressure $x_{3}$.	gismu
cafne	caf	frequent	often	$x_{1}$ (event) often/frequently/commonly/customarily occurs/recurs by standard $x_{2}$.	gismu
vifne	vif	fresh		(adjective:) $x_{1}$ is fresh/unspoiled.	gismu
mosra	mos	friction		$x_{1}$ is friction [force opposing motion] due to contact/rubbing between $x_{2}$ and $x_{3}$; (fe) $x_{2}$ rubs $x_{3}$.	gismu
pendo	ped pe'o	friend		$x_{1}$ is/acts as a friend of/to $x_{2}$ (experiencer); $x_{2}$ befriends $x_{1}$.	gismu
crane	cra	front		$x_{1}$ is anterior/ahead/forward/(in/on) the front of $x_{2}$ which faces/in-frame-of-reference $x_{3}$.	gismu
frumu	fru	frown		$x_{1}$ frowns/grimaces (facial expression).	gismu
grute	rut	fruit		$x_{1}$ is a fruit [body-part] of species $x_{2}$.	gismu
steba	seb	frustration		$x_{1}$ feels frustration about $x_{2}$ (abstraction).	gismu
livla	lil	fuel		$x_{1}$ is a fuel/energy-source for powering $x_{2}$.	gismu
culno	clu	full		$x_{1}$ is full/completely filled with $x_{2}$.	gismu
djedi	dje dei	full day		$x_{1}$ is $x_{2}$ full days in duration (default is 1 day) by standard $x_{3}$; (adjective:) $x_{1}$ is diurnal.	gismu
fancu		function		$x_{1}$ is a function/single-valued mapping from domain $x_{2}$ to range $x_{3}$ defined by expression/rule $x_{4}$.	gismu
xajmi	xam	funny		$x_{1}$ is funny/comical to $x_{2}$ in property/aspect $x_{3}$ (nu/ka); $x_{3}$ is what is funny about $x_{1}$ to $x_{2}$.	gismu
nilce	ni'e	furniture		$x_{1}$ [furniture items] furnishes $x_{2}$ [location] serving purpose/function $x_{3}$.	gismu
balvi	bav	future		$x_{1}$ is in the future of/later than/after $x_{2}$ in time sequence; $x_{1}$ is latter; $x_{2}$ is former.	gismu
prali	pal	gain	profit	$x_{1}$ is a profit/gain/benefit/advantage to $x_{2}$ accruing/resulting from activity/process $x_{3}$.	gismu
lebna	leb le'a	gain	take	$x_{1}$ takes/gets/gains/obtains/seizes/[removes] $x_{2}$ (object/property) from $x_{3}$ (possessor).	gismu
dekpu		gallon		$x_{1}$ is $x_{2}$ (default 1) local volume unit(s) [non-metric; e.g. bushel], standard $x_{3}$, $x_{4}$ subunits.	gismu
purdi	pud	garden		$x_{1}$ is a garden/tended/cultivated field of family/community/farmer $x_{2}$ growing plants/crop $x_{3}$.	gismu
sunga	sug	garlic		$x_{1}$ is a quantity of garlic [bulb] of species/strain $x_{2}$.	gismu
taxfu	taf ta'u	garment		$x_{1}$ is dress/a garment/clothing for wearing by $x_{2}$ (gender/species/body part) serving purpose $x_{3}$.	gismu
gapci	gac	gas		$x_{1}$ is gaseous/fumes/a gas/vapor of material/composition including $x_{2}$, under conditions $x_{3}$.	gismu
jmaji	jaj	gather		$x_{1}$ (mass/jo'u) gathers/collects at location $x_{2}$ from locations $x_{3}$ (mass/jo'u).	gismu
jemna	jme	gem		$x_{1}$ is a gem/polished stone/pearl of type $x_{2}$ from gemstone/material/source $x_{3}$.	gismu
jgina	gin	gene		$x_{1}$ is a gene of creature [or locus on creature] $x_{2}$ determining trait/process $x_{3}$.	gismu
cpacu	cpa	get		$x_{1}$ gets/procures/acquires/obtains/accepts $x_{2}$ from source $x_{3}$ [previous possessor not implied].	gismu
nixli	nix xli	girl		$x_{1}$ is a girl [young female person] of age $x_{2}$ immature by standard $x_{3}$.	gismu
dunda	dud du'a	give		$x_{1}$ [donor] gives/donates gift/present $x_{2}$ to recipient/beneficiary $x_{3}$ [without payment/exchange].	gismu
cigla	cig	gland		$x_{1}$ is a/the gland [body-part] secreting $x_{2}$, of body $x_{3}$; $x_{2}$ is a secretion of $x_{1}$.	gismu
blaci		glass		$x_{1}$ is a quantity of/is made of/contains glass of composition including $x_{2}$.	gismu
murse		glimmering		$x_{1}$ is the [astronomical] twilight/dawn/dusk/half-light/glimmering of day $x_{2}$ at location $x_{3}$.	gismu
gluta	glu	glove		$x_{1}$ is a mitten/glove [hand and lower arm garment] of material $x_{2}$.	gismu
darca		go		$nは$a (終點, 到達點) へ往く	override
kanba		goat		$x_{1}$ is a goat/angora/[billy-goat/kid] of species/breed $x_{2}$.	gismu
cevni	cev cei	god		$x_{1}$ is a/the god/deity of people(s)/religion $x_{2}$ with dominion over $x_{3}$ [sphere]; $x_{1}$ is divine.	gismu
solji	slo	gold	golden	$x_{1}$ is a quantity of/contains/is made of gold (Au); [metaphor: valuable, heavy, non-reactive].	gismu
ganti		gonad		$x_{1}$ is a/the testes/ovary/testicle/scrotum/balls/gonad/stamen/pistil [body-part] of $x_{2}$, gender $x_{3}$.	gismu
gunse		goose		$x_{1}$ is a goose/[gander] of species/breed $x_{2}$.	gismu
truni		govern		$nは$aを統治する (支配する)	override
turni	tru	govern		$x_{1}$ governs/rules/is ruler/governor/sovereign/reigns over people/territory/domain/subjects $x_{2}$.	gismu
gurni	gru	grain		$x_{1}$ is grain/[British: corn]/cereal from plant/species $x_{2}$.	gismu
grake	gra	gram		$x_{1}$ is $x_{2}$ gram(s) [metric unit] in mass (default is 1) by standard $x_{3}$.	gismu
gerna	gen ge'a	grammar		$x_{1}$ is the grammar/rules/defining form of language $x_{2}$ for structure/text $x_{3}$.	gismu
jgari	jai	grasp	hold	$x_{1}$ grasps/holds/clutches/seizes/grips/[hugs] $x_{2}$ with $x_{3}$ (part of $x_{1}$) at locus $x_{4}$ (part of $x_{2}$).	gismu
srasu	sas	grass		$x_{1}$ is a blade/expanse of grass of species $x_{2}$.	gismu
ckire	kir	grateful		$x_{1}$ is grateful/thankful to/appreciative of $x_{2}$ for $x_{3}$ (event/property).	gismu
grusi	rus	gray		$x_{1}$ is gray [color adjective].	gismu
grasu	ras	grease	fat	$x_{1}$ is a quantity of/is made of/contains grease/fat/oil from source $x_{2}$.	gismu
banli	bal ba'i	great		$x_{1}$ is great/grand in property $x_{2}$ (ka) by standard $x_{3}$.	gismu
crino	ri'o	green		$x_{1}$ is green/verdant [color adjective].	gismu
rinsa		greet		$x_{1}$ (agent) greets/hails/[welcomes/says hello to]/responds to arrival of $x_{2}$ in manner $x_{3}$ (action).	gismu
zalvi	zal	grind		$x_{1}$ [individual or mass of hard surfaces] grinds/pulverizes/crushes $x_{2}$ into powder $x_{3}$.	gismu
skuro	ku'o	groove		$x_{1}$ is a groove/trench/furrow [shape/form] in object/surface $x_{2}$.	gismu
girzu	gir gri	group		$x_{1}$ is group/cluster/team showing common property (ka) $x_{2}$ due to set $x_{3}$ linked by relations $x_{4}$.	gismu
banro	ba'o	grow		$x_{1}$ grows/expands [an increasing development] to size/into form $x_{2}$ from $x_{3}$.	gismu
smadi		guess		$x_{1}$ guesses/conjectures/surmises $x_{2}$ (du'u) is true about subject $x_{3}$; [epistemology].	gismu
zungi	zug	guilt		$x_{1}$ feels guilt/remorse about $x_{2}$ (abstraction).	gismu
jgita	git	guitar		$x_{1}$ is guitar/violin/fiddle/harp [stringed musical instrument] with actuator/plectrum/bow $x_{2}$.	gismu
canti		gut	intestines	$x_{1}$ is a/the gut(s)/entrails/intestines/viscera/innards/digestive system [body-part] of $x_{2}$.	gismu
zajba	zaj	gymnast		$x_{1}$ is a gymnast at/performs gymnastics feat $x_{2}$.	gismu
bratu		hail		$x_{1}$ is hail/sleet/freezing rain/solid precipitation of material/composition including $x_{2}$.	gismu
kerfa	kre	hair		$x_{1}$ is a/the hair/fur [body-part] of $x_{2}$ at body location $x_{3}$.	gismu
xadba	xab	half		$x_{1}$ is exactly/approximately half/semi-/demi-/hemi- of $x_{2}$ by standard $x_{3}$.	gismu
mruli	mru	hammer		$x_{1}$ [tool] is a hammer for/hammers $x_{2}$ [target] consisting of weight/head $x_{3}$ propelled by $x_{4}$.	gismu
xance	xan xa'e	hand		$x_{1}$ is a/the hand [body-part] of $x_{2}$; [metaphor: manipulating tool, waldo].	gismu
dandu	dad	hang		$x_{1}$ hangs/dangles/is suspended from $x_{2}$ by/at/with joint $x_{3}$.	gismu
cfari	cfa	happen	initiate	$x_{1}$ [state/event/process] commences/initiates/starts/begins to occur; (intransitive verb).	gismu
gleki	gek gei	happy		$x_{1}$ is happy/merry/glad/gleeful about $x_{2}$ (event/state).	gismu
sarxe	sax	harmonious		$x_{1}$ is harmonious/concordant/in agreement/concord with $x_{2}$ in property $x_{3}$ (ka).	gismu
crepu	rep	harvest		$x_{1}$ (agent) harvests/reaps/gathers crop/product/objects $x_{2}$ from source/area $x_{3}$.	gismu
xebni	xen xei	hate		$x_{1}$ hates/despises $x_{2}$ (object/abstraction); $x_{1}$ is full of hate for $x_{2}$; $x_{2}$ is odious to $x_{1}$.	gismu
stedu	sed	head		$x_{1}$ is a/the head [body-part] of $x_{2}$; [metaphor: uppermost portion].	gismu
kanro	ka'o	healthy	well	$x_{1}$ is healthy/fit/well/in good health by standard $x_{2}$.	gismu
derxi	dre	heap		$x_{1}$ is a heap/pile/stack/mound/hill of materials $x_{2}$ at location $x_{3}$.	gismu
tirna	tin	hear		$x_{1}$ hears $x_{2}$ against background/noise $x_{3}$; $x_{2}$ is audible; (adjective:) $x_{1}$ is aural.	gismu
risna		heart		$x_{1}$ is a/the heart [body-part] of $x_{2}$; [emotional/shape metaphors are NOT culturally neutral].	gismu
tilju	tij	heavy		$x_{1}$ is heavy/weighty in mass/weight by standard $x_{2}$.	gismu
cerda	ced	heir		$x_{1}$ is an heir to/is to inherit $x_{2}$ (object/quality) from $x_{3}$ according to rule $x_{4}$.	gismu
sidju	dju	help		$x_{1}$ helps/assists/aids object/person $x_{2}$ do/achieve/maintain event/activity $x_{3}$.	gismu
marna		hemp		$x_{1}$ is a quantity of hemp/marijuana/jute of species/strain $x_{2}$.	gismu
galtu	gal ga'u	high		$x_{1}$ is high/up/upward in frame of reference $x_{2}$ as compared with baseline/standard height $x_{3}$.	gismu
citri	cir	history		$x_{1}$ is a history of $x_{2}$ according to $x_{3}$ (person)/from point-of-view $x_{3}$.	gismu
darxi	dax da'i	hit	strike	$x_{1}$ hits/strikes/[beats] $x_{2}$ with instrument [or body-part] $x_{3}$ at locus $x_{4}$.	gismu
ralte	ra'e	hold	retain	$x_{1}$ retains/keeps/holds $x_{2}$ in its possession.	gismu
sorcu	soc sro	hold	stock	$x_{1}$ is a store/deposit/supply/reserve of materials/energy $x_{2}$ in containment $x_{3}$.	gismu
censa	ces	holy		$x_{1}$ is holy/sacred to person/people/culture/religion/cult/group $x_{2}$.	gismu
stace	sac	honest		$x_{1}$ is honest/open/truthfully revealing to/candid/frank with $x_{2}$ about matter/fact $x_{3}$.	gismu
sufti	sfu	hoof		$x_{1}$ is a/the hoof [body-part] of $x_{2}$.	gismu
genxu	gex	hook		$x_{1}$ is a hook/crook [shape/form] of material $x_{2}$.	gismu
pinta	pin	horizontal	level	$x_{1}$ is flat/level/horizontal in gravity/frame of reference $x_{2}$.	gismu
jirna		horn		$x_{1}$ is a/the horn [body-part] of $x_{2}$; [metaphor: pointed extremity].	gismu
xirma	xir xi'a	horse		$x_{1}$ is a horse/equine/[colt/mare/stallion/pony] of species/breed $x_{2}$.	gismu
spita		hospital		$x_{1}$ is a hospital treating patient(s) $x_{2}$ for condition/injuries/disease/illness $x_{3}$.	gismu
glare	gla	hot		$x_{1}$ is hot/[warm] by standard $x_{2}$.	gismu
xotli	xol xoi	hotel		$x_{1}$ is a hotel/inn/hostel at location $x_{2}$ operated by $x_{3}$.	gismu
cacra		hour		$x_{1}$ is $x_{2}$ hours in duration (default is 1 hour) by standard $x_{3}$.	gismu
remna	rem re'a	human		$x_{1}$ is a human/human being/man (non-specific gender-free sense); (adjective:) $x_{1}$ is human.	gismu
cumla	cul	humble		$x_{1}$ is humble/modest about $x_{2}$ (abstraction); $x_{1}$ displays humility about $x_{2}$.	gismu
kalte	kat	hunt		$x_{1}$ hunts/stalks prey/quarry/game $x_{2}$ for purpose $x_{3}$.	gismu
cidro	dro	hydrogen		$x_{1}$ is a quantity of/contains/is made of hydrogen (H); [metaphor: light, flammable].	gismu
bisli	bis	ice		$x_{1}$ is a quantity of/is made of/contains ice [frozen crystal] of composition/material $x_{2}$.	gismu
sidbo	sib si'o	idea		$x_{1}$ (idea abstract) is an idea/concept/thought about $x_{2}$ (object/abstract) by thinker $x_{3}$.	gismu
cando	cad	idle		$x_{1}$ is idle/at rest/inactive.	gismu
bilma	bi'a	ill		$x_{1}$ is ill/sick/diseased with symptoms $x_{2}$ from disease $x_{3}$.	gismu
gusni	gus gu'i	illumine	light	$x_1$ [energy] is light/illumination illuminating $x_2$ from light source $x_3$.	gismu
xanri	xar	imaginary		$x_{1}$ [concept] exists in the imagination of/is imagined by/is imaginary to $x_{2}$.	gismu
mucti	mut	immaterial		$x_{1}$ is immaterial/not physical/without material form.	gismu
jinru	jir	immersed	submerged	$x_{1}$ (object/person) is immersed/submerged/bathes in liquid $x_{2}$.	gismu
vajni	vaj vai	important		$x_{1}$ (object/event) is important/significant to $x_{2}$ (person/event) in aspect/for reason $x_{3}$ (nu/ka).	gismu
nenri	ner ne'i	in		$x_{1}$ is in/inside/within $x_{2}$; $x_{1}$ is on the inside/interior of $x_{2}$ [totally within the bounds of $x_{2}$].	gismu
zenba	zen ze'a	increase		$x_{1}$ (experiencer) increases/is incremented/augmented in property/quantity $x_{2}$ by amount $x_{3}$.	gismu
gundi	gud	industry		$x_{1}$ is industry/industrial/systematic manufacturing activity producing $x_{2}$ by process/means $x_{3}$.	gismu
cifnu	cif	infant	baby	$x_{1}$ is an infant/baby [helpless through youth/incomplete development] of species $x_{2}$.	gismu
cimni		infinite		$x_{1}$ is infinite/unending/eternal in property/dimension $x_{2}$, to degree $x_{3}$ (quantity)/of type $x_{3}$.	gismu
xlura	xlu	influence	lead	$x_{1}$ (agent) influences/lures/tempts $x_{2}$ into action/state $x_{3}$ by influence/threat/lure $x_{4}$.	gismu
xrani	xai	injure		$x_{1}$ (event) injures/harms/damages victim $x_{2}$ in property $x_{3}$ (ka) resulting in injury $x_{4}$ (state).	gismu
xinmo	xim	ink		$x_{1}$ is a quantity of ink of color/pigment $x_{2}$ used by writing device $x_{3}$.	gismu
jinzi	jiz	innate	proper	$x_{1}$ (property - ka) is an innate/inherent/intrinsic/natural property/quality/aspect of $x_{2}$.	gismu
cinki		insect		$x_{1}$ is an insect/arthropod of species $x_{2}$; [bug/beetle].	gismu
setca	se'a	insert		$x_{1}$ (agent) inserts/interposes/puts/deposits $x_{2}$ into interior $x_{3}$/into among/between members of $x_{3}$.	gismu
tutci	tci	instrument	tool	$x_{1}$ is a tool/utensil/resource/instrument/implement used for doing $x_{2}$; [form determines function].	gismu
binra		insure		$x_{1}$ insures/indemnifies $x_{2}$ (person) against peril $x_{3}$ (event) providing benefit(s) $x_{4}$ (event).	gismu
carmi	cam cai	intense		$x_{1}$ is intense/bright/saturated/brilliant in property (ka) $x_{2}$ as received/measured by observer $x_{3}$.	gismu
cinri	ci'i	interesting		$x_{1}$ (abstraction) interests/is interesting to $x_{2}$; $x_{2}$ is interested in $x_{1}$.	gismu
zunti	zun zu'i	interfere		$x_{1}$ (evt./state) interferes with/hinders/disrupts $x_{2}$ (evt./state/process) due to quality $x_{3}$ (ka).	gismu
dicra	dir	interrupt		$x_{1}$ (event) interrupts/stops/halts/[disrupts] $x_{2}$ (object/event/process) due to quality $x_{3}$.	gismu
kruca	kuc	intersect	cross	$x_{1}$ intersects/crosses/traverses $x_{2}$ at locus $x_{3}$.	gismu
jijnu	jij	intuit		$x_{1}$ (person) intuits $x_{2}$ (du'u) about subject $x_{3}$; [epistemology].	gismu
zivle	ziv vle	invest		$x_{1}$ (agent) invests resources $x_{2}$ in investment $x_{3}$ expecting return/profit $x_{4}$ (object(s)/event).	gismu
tirse	tir	iron		$x_{1}$ is a quantity of/contains/is made of iron (Fe); [metaphor: strong, durable, tarnishing].	gismu
ranxi	rax	irony		$x_{1}$ is ironic(al)/contrary to expectation $x_{2}$ in state/property/aspect $x_{3}$.	gismu
vitci	vit	irregular		$x_{1}$ is irregular/occasional/intermittent in property/action/aspect $x_{2}$.	gismu
bancu	bac	is beyond		$x_{1}$ exceeds/is beyond limit/boundary $x_{2}$ from $x_{3}$ in property/amount $x_{4}$ (ka/ni).	gismu
daplu	plu	island		$x_{1}$ is an island/atoll/key of [material/properties] $x_{2}$ in surroundings/body $x_{3}$; $x_{1}$ is insular.	gismu
ko'a		it-1		pro-sumti: he/she/it/they #1 (specified by goi).	cmavo
xedja	xej xe'a	jaw		$x_{1}$ is a/the jaw [body-part] of $x_{2}$.	gismu
jilra		jealous		$x_{1}$ (person) is jealous of/envies $x_{2}$ (person) about/for $x_{3}$ (property - ka).	gismu
jduli	dul jdu	jelly		$x_{1}$ is a quantity of jelly/semisolid [texture] of material/composition including $x_{2}$.	gismu
jetce	je'e	jet		$x_{1}$ is a jet [expelled stream] of material $x_{2}$ expelled from $x_{3}$.	gismu
jibri	jib	job		$x_{1}$ is a job/occupation/employment/vocation (a type of work regularly done for pay) of person $x_{2}$.	gismu
jorne	jon jo'e	joined		$x_{1}$ is joined to/connects to/is united with $x_{2}$ at common locus $x_{3}$; $x_{1}$ and $x_{2}$ are a union.	gismu
gunma	gum	jointly	mass	$x_{1}$ is a mass/team/aggregate/whole, together composed of components $x_{2}$, considered jointly.	gismu
karni		journal	press	$x_{1}$ is a journal/periodical/magazine/[newspaper] with content $x_{2}$ published by $x_{3}$ for audience $x_{4}$.	gismu
pajni	pai	judge		$x_{1}$ judges/referees/arbitrates/is a judge determining/deciding matter $x_{2}$ (abstract).	gismu
jisra		juice		$x_{1}$ is made of/contains/is a quantity of juice/nectar from-source/of-type $x_{2}$.	gismu
kelvo	ke'o	kelvin		$x_{1}$ is $x_{2}$ degree(s) Kelvin [metric unit] in temperature (default is 1) by standard $x_{3}$.	gismu
ckiku	kik	key		$x_{1}$ is a key fitting/releasing/opening/unlocking lock $x_{2}$, and having relevant properties $x_{3}$.	gismu
tikpa	tip	kick		$x_{1}$ kicks [hits with $x_{1}$'s foot/feet $x_{4}$] $x_{2}$ in/at locus $x_{3}$, using $x_{1}$'s foot/feet $x_{4}$.	gismu
catra		kill	murder	$x_{1}$ (agent) kills/slaughters/murders $x_{2}$ by action/method $x_{3}$.	gismu
xendo	xed xe'o	kind		$x_{1}$ (person) is kind to $x_{2}$ in actions/behavior $x_{3}$.	gismu
cinba		kiss		$x_{1}$ (agent) kisses/busses $x_{2}$ at locus $x_{3}$.	gismu
cidni	cid	knee		$x_{1}$ is a/the knee/elbow/knuckle [hinged joint, body-part] of limb $x_{2}$ of body $x_{3}$.	gismu
dakfu	dak	knife		$x_{1}$ is a knife (tool) for cutting $x_{2}$, with blade of material $x_{3}$.	gismu
nivji	niv	knit		$x_{1}$ (agent) knits $x_{2}$ [cloth/object] from yarn/thread $x_{3}$.	gismu
jgena	jge	knot		$x_{1}$ is a knot/tangle in/between $x_{2}$ (object/jo'u-objects).	gismu
djuno	jun ju'o	know		$x_{1}$ knows fact(s) $x_{2}$ (du'u) about subject $x_{3}$ by epistemology $x_{4}$.	gismu
tcita		label		$x_{1}$ is a label/tag of $x_{2}$ showing information $x_{3}$.	gismu
lalxu	la'u	lake		$x_{1}$ is a lake/lagoon/pool at site/within land mass $x_{2}$.	gismu
tumla	tum tu'a	land		$x_{1}$ is a parcel/expanse of land at location $x_{2}$; $x_{1}$ is terrain.	gismu
bangu	ban bau	language		$x_{1}$ is a/the language/dialect used by $x_{2}$ to express/communicate $x_{3}$ (si'o/du'u, not quote).	gismu
lerci	lec	late		$x_{1}$ (event) is late by standard $x_{2}$.	gismu
cmila	mi'a	laugh		$x_{1}$ laughs (emotional expression).	gismu
cecla	cel ce'a	launcher		$x_{1}$ launches/fires/shoots projectile/missile $x_{2}$, propelled by $x_{3}$ [propellant/propulsion].	gismu
flalu	fla	law		$x_{1}$ is a law specifying $x_{2}$ (state/event) for community $x_{3}$ under conditions $x_{4}$ by lawgiver(s) $x_{5}$.	gismu
senta	set	layer		$x_{1}$ is a layer/stratum [shape/form] of $x_{2}$ [material] within structure/continuum/composite $x_{3}$.	gismu
lazni		lazy		$x_{1}$ (person) is lazy/avoiding work/effort concerning action $x_{2}$.	gismu
cnisa	nis	lead		$x_{1}$ is a quantity of/contains/is made of lead (Pb); [metaphor: heavy, malleable, soft metal].	gismu
lidne	li'e	lead	precede	$x_{1}$ precedes/leads $x_{2}$ in sequence $x_{3}$; $x_{1}$ is former/preceding/previous; $x_{2}$ is latter/following.	gismu
pezli	pez	leaf		$x_{1}$ is a leaf of plant $x_{2}$; $x_{1}$ is foliage of $x_{2}$.	gismu
plipe	pip pi'e	leap	jump	$x_{1}$ (agent/object) leaps/jumps/springs/bounds to $x_{2}$ from $x_{3}$ reaching height $x_{4}$ propelled by $x_{5}$.	gismu
cilre	cli	learn		$x_{1}$ learns $x_{2}$ (du'u) about subject $x_{3}$ from source $x_{4}$ (obj./event) by method $x_{5}$ (event/process).	gismu
cliva	liv li'a	leave		$x_{1}$ leaves/goes away/departs/parts/separates from $x_{2}$ via route $x_{3}$.	gismu
zulna		left		$nは$aの左に有る	override
zunle	zul	left		$x_{1}$ is to the left/left-hand side of $x_{2}$ which faces/in-frame-of-reference $x_{3}$.	gismu
tuple	tup tu'e	leg		$x_{1}$ is a/the leg [body-part] of $x_{2}$; [metaphor: supporting branch].	gismu
lenjo	len le'o	lens		$x_{1}$ is a lens/glass [focussing shape/form] focussing $x_{2}$ to focus/foci $x_{3}$ by means/material $x_{4}$.	gismu
mleca	mec me'a	less		$x_{1}$ is less than $x_{2}$ in property/quantity $x_{3}$ (ka/ni) by amount $x_{4}$.	gismu
curmi	cru	let	permit	$x_{1}$ (agent) lets/permits/allows $x_{2}$ (event) under conditions $x_{3}$; $x_{1}$ grants privilege $x_{2}$.	gismu
xatra	xa'a	letter		$x_{1}$ is a letter/missive/[note] to intended audience $x_{2}$ from author/originator $x_{3}$ with content $x_{4}$.	gismu
lerfu	ler le'u	letteral	letter	$x_{1}$ (la'e zo BY/word-bu) is a letter/digit/symbol in alphabet/character-set $x_{2}$ representing $x_{3}$.	gismu
vraga	vra	lever		$x_{1}$ is a lever [tool] [of apparatus] for doing $x_{2}$ [function/action], with fulcrum $x_{3}$ and arm $x_{4}$.	gismu
xalbo		levity		$x_{1}$ uses levity/is non-serious/frivolous about $x_{2}$ (abstraction).	gismu
lafti	laf	lift		$x_{1}$ (force) lifts/applies raising/supporting force to $x_{2}$ at locus $x_{3}$ in gravity well $x_{4}$.	gismu
lindi	lid	lightning		$x_{1}$ is lightning/electrical arc/thunderbolt striking at/extending to $x_{2}$ from $x_{3}$.	gismu
linto	li'o	lightweight		$x_{1}$ is light in mass/weight by standard $x_{2}$.	gismu
jimte	jit	limit		$x_{1}$ is a limit/extreme/bound/border/[confinement] of $x_{2}$ in property/domain $x_{3}$.	gismu
linji	lij li'i	line		$x_{1}$ is a line/among lines [1-dimensional shape/form] defined by set of points $x_{2}$.	gismu
matli		linen		$x_{1}$ is a quantity of/contains/is made of linen/flax [type of fabric/material].	gismu
cinfo		lion		$x_{1}$ is a lion/[lioness] of species/breed $x_{2}$.	gismu
ctebi	teb	lip		$x_{1}$ is a/the lip [body-part]/rim of orifice $x_{2}$ of body $x_{3}$; (adjective:) $x_{1}$ is labial.	gismu
litki	lik	liquid		$x_{1}$ is liquid/fluid, of composition/material including $x_{2}$, under conditions $x_{3}$.	gismu
jikru		liquor		$x_{1}$ is made of/contains/is a quantity of liquor/spirits distilled from $x_{2}$.	gismu
liste	ste	list		$x_{1}$ (physical object) is a list/catalog/register of sequence/set $x_{2}$ in order $x_{3}$ in medium $x_{4}$.	gismu
litce	lic	liter		$x_{1}$ is $x_{2}$ liter(s) [metric unit] in volume (default is 1) by standard $x_{3}$.	gismu
jmive	miv ji'e	live		$x_{1}$ lives/is alive by standard $x_{2}$; $x_{1}$ is an organism/living thing.	gismu
livga		liver		$x_{1}$ is a/the liver [body-part] of $x_{2}$.	gismu
diklo	klo	local	regional	$x_{1}$ is local to $x_{2}$; $x_{1}$ is confined to locus $x_{2}$ within range $x_{3}$; $x_{1}$ is regional	gismu
stela	tel	lock		$x_{1}$ is a lock/seal of/on/for sealing $x_{2}$ with/by locking mechanism $x_{3}$.	gismu
dugri	dug	logarithm		$x_{1}$ is the logarithm of $x_{2}$ with base $x_{3}$.	gismu
logji	loj	logic		$x_{1}$ [rules/methods] is a logic for deducing/concluding/inferring/reasoning to/about $x_{2}$ (du'u).	gismu
clani	cla	long		$x_{1}$ is long in dimension/direction $x_{2}$ (default longest dimension) by measurement standard $x_{3}$.	gismu
catlu	cta	look		$x_{1}$ looks at/examines/views/inspects/regards/watches/gazes at $x_{2}$.	gismu
clupa	cup	loop		$x_{1}$ is a loop/circuit of $x_{2}$ [material].	gismu
kluza	luz	loose		$x_{1}$ (obj.) is loose/bloused/not tight on $x_{2}$ (obj.) at locus $x_{3}$.	gismu
cirko	cri	lose		$x_{1}$ loses person/thing $x_{2}$ at/near $x_{3}$; $x_{1}$ loses property/feature $x_{2}$ in conditions/situation $x_{3}$.	gismu
latna		lotus		$x_{1}$ is a lotus, plant/flower/herb of species/strain $x_{2}$ symbolizing $x_{3}$ to culture/religion $x_{4}$.	gismu
cladu	lau	loud		$x_{1}$ is loud/noisy at observation point $x_{2}$ by standard $x_{3}$.	gismu
civla	civ	louse		$x_{1}$ is a louse/flea [blood-sucking arthropod] of species/breed $x_{2}$, parasitic on $x_{3}$.	gismu
prami	pam pa'i	love		$x_{1}$ loves/feels strong affectionate devotion towards $x_{2}$ (object/state).	gismu
dizlo	diz dzi	low		$x_{1}$ is low/down/downward in frame of reference $x_{2}$ as compared with baseline/standard height $x_{3}$.	gismu
funca	fun fu'a	luck		$x_{1}$ (event/property) is determined by the luck/fortune of $x_{2}$; (note mabla/zabna not implied). $x_{1}$ is determined by chance.	gismu
lunra	lur	lunar	Moon	$x_{1}$ is Earth's moon (default); $x_{1}$ is a major natural satellite/moon of planet $x_{2}$.	gismu
fepri		lung		$x_{1}$ is a/the lung [body-part] of $x_{2}$; [metaphor: breathing/respiratory apparatus/bellows].	gismu
limfa		lymph		$nは りんぱ	override
minji	mi'i	machine		$x_{1}$ is a machine for use/function $x_{2}$; [automated apparatus, without direct function control].	gismu
nukni	nuk	magenta		$x_{1}$ is magenta/fuchsia/purplish-red [color adjective].	gismu
makfa	maf	magic		$x_{1}$ is magic/supernatural/sorcery/witchcraft/wizardry to $x_{2}$, performed by person/force/deity $x_{3}$.	gismu
maksi	mak	magnet		$x_{1}$ is magnetic [adjective] producing magnetic field $x_{2}$.	gismu
mrilu	mri	mail	post	$x_{1}$ mails/posts [transfer via intermediary service] $x_{2}$ to recipient address $x_{3}$ from mailbox/post office/sender address $x_{4}$ by carrier/network/system $x_{5}$.	gismu
zumri	zmu	maize		$x_{1}$ is a quantity of maize/corn [grain] of species/strain $x_{2}$.	gismu
nakni	nak	male		$x_1$ is a male/buck of species $x_2$ evidencing masculine physical/biological/genetic trait(s) $x_3$ (ka); $x_1$ is masculine.	gismu
mabru	mab	mammal		$x_{1}$ is a mammal/'animal'/beast of species $x_{2}$.	gismu
nanmu	nau	man		$x_{1}$ is a man/men; $x_{1}$ is a male humanoid person [not necessarily adult].	gismu
macnu	cnu	manual		$x_{1}$ (event/action/process) is manual [not automatic] in function $x_{2}$ under conditions $x_{3}$.	gismu
barna	ba'a	mark	spot	$x_{1}$(s) is a/are mark(s)/spot(s) on $x_{2}$ of material $x_{3}$.	gismu
zarci	zac zai	market	shop	$x_{1}$ is a market/store/exchange/shop(s) selling/trading (for) $x_{2}$, operated by/with participants $x_{3}$.	gismu
speni	spe	married	spouse	$x_{1}$ is married to $x_{2}$; $x_{1}$ is a spouse of $x_{2}$ under law/custom/tradition/system/convention $x_{3}$.	gismu
marxa	max	mash		$x_{1}$ [force] mashes/crushes/squashes/smashes $x_{2}$ into pulp/mash/crumbs/deformed mass $x_{3}$.	gismu
matci		mat		$x_{1}$ is a mat/pad/mattress/pallet [flat, soft, dense form] of material $x_{2}$.	gismu
sacki		match		$x_{1}$ is a match [incendiary device] made of $x_{2}$.	gismu
marji	maj mai	material	matter	$x_{1}$ is material/stuff/matter of type/composition including $x_{2}$ in shape/form $x_{3}$.	gismu
cmaci		mathematics		$x_{1}$ is a mathematics of type/describing $x_{2}$.	gismu
makcu	ma'u	mature		$x_{1}$ is mature/ripe/fully-grown/adult in development-quality $x_{2}$ (ka).	gismu
mi	mib	me	I	pro-sumti: me/we the speaker(s)/author(s); identified by self-vocative.	cmavo
sanmi	sai	meal		$x_{1}$ (mass) is a meal composed of dishes including $x_{2}$.	gismu
smuni	mun smu	meaning		$x_{1}$ is a meaning/interpretation of $x_{2}$ recognized/seen/accepted by $x_{3}$.	gismu
merli	mre	measure		$x_{1}$ (agent) measures/evaluates $x_{2}$ [quantity] as $x_{3}$ units on scale $x_{4}$ (si'o), with accuracy $x_{5}$.	gismu
rectu	rec re'u	meat		$x_{1}$ is a quantity of/contains meat/flesh from source/animal $x_{2}$.	gismu
penmi	pen pe'i	meet		$x_{1}$ meets/encounters $x_{2}$ at/in location $x_{3}$.	gismu
guzme	guz zme	melon		$x_{1}$ is a melon/squash [fruit/plant] of species/strain $x_{2}$.	gismu
runme	rum	melt		$x_{1}$ melts [becomes liquid from solid state] at temperature $x_{2}$ and pressure $x_{3}$.	gismu
cmima	mim cmi	member	belong to	$x_{1}$ is a member/element of set $x_{2}$; $x_{1}$ belongs to group $x_{2}$; $x_{1}$ is amid/among/amongst group $x_{2}$.	gismu
margu	mag	mercury		$x_{1}$ is a quantity of/contains/made of mercury/quicksilver; [metaphor: fluid metal; temperature].	gismu
notci	not noi	message		$x_{1}$ is a message/notice/memorandum about subject $x_{2}$ from author $x_{3}$ to intended audience $x_{4}$.	gismu
jinme	jim	metal		$x_{1}$ is a quantity of/contains/is made of made of metal of composition including $x_{2}$.	gismu
mitre	tre	meter		$x_{1}$ is $x_{2}$ meter(s) [metric unit] in length (default 1) measured in direction $x_{3}$ by standard $x_{4}$.	gismu
tadji		method	way	$x_{1}$ [process] is a method/technique/approach/means for doing $x_{2}$ (event) under conditions $x_{3}$.	gismu
midju	mij	middle	center	$x_{1}$ is in/at the middle/center/midpoint/[is a focus] of $x_{2}$; (adjective:) $x_{1}$ is central.	gismu
milxe	mli	mild		$x_{1}$ is mild/non-extreme/gentle/middling/somewhat in property $x_{2}$ (ka); $x_{1}$ is not very $x_{2}$.	gismu
minli		mile		$x_{1}$ is $x_{2}$ (default 1) long local distance unit(s) [non-metric], $x_{3}$ subunits, standard $x_{4}$.	gismu
bilni	bil	military		$x_{1}$ is military/regimented/is strongly organized/prepared by system $x_{2}$ for purpose $x_{3}$.	gismu
ladru	lad	milk		$x_{1}$ is made of/contains/is a quantity of milk from source $x_{2}$; (adjective:) $x_{1}$ is lactic/dairy.	gismu
molki	mlo	mill		$x_{1}$ is a mill/foundry/industrial plant/[assembly line] performing process $x_{2}$.	gismu
cunmi		millet		$x_{1}$ is a quantity of millet [grain] of species/strain $x_{2}$.	gismu
menli	men	mind		$x_{1}$ is a mind/intellect/psyche/mentality/[consciousness] of body $x_{2}$.	gismu
kunra	kun	mineral		$x_{1}$ is/contains/is made from a mineral/ore of type/metal $x_{2}$ mined from location/lode/mine $x_{3}$.	gismu
mentu	met me'u	minute		$x_{1}$ is $x_{2}$ minutes in duration (default is 1 minute) by standard $x_{3}$.	gismu
mixre	mix xre	mixture		$x_{1}$ (mass) is a mixture/blend/colloid/commingling with ingredients including $x_{2}$.	gismu
cmoni	cmo co'i	moan		$x_{1}$ utters moan/groan/howl/scream [non-linguistic utterance] $x_{2}$ expressing $x_{3}$ (property).	gismu
galfi	gaf ga'i	modify		$x_{1}$ (event) modifies/alters/changes/transforms/converts $x_{2}$ into $x_{3}$.	gismu
cilmo	cim	moist	wet	$x_{1}$ is moist/wet/damp with liquid $x_{2}$.	gismu
mledi	led	mold		$x_{1}$ is a mold/fungus/mushrooms/truffles of species/strain $x_{2}$ parasitic/growing on $x_{3}$.	gismu
molro	mo'o	mole		$x_{1}$ is $x_{2}$ mole(s) [metric unit] in substance (default is 1) by standard $x_{3}$.	gismu
jdini	din di'i	money		$x_{1}$ is money/currency issued by $x_{2}$; (adjective:) $x_{1}$ is financial/monetary/pecuniary/fiscal.	gismu
smani		monkey		$x_{1}$ is a monkey/ape/simian/baboon/chimpanzee of species/breed $x_{2}$.	gismu
masti	ma'i	month		$x_{1}$ is $x_{2}$ months in duration (default is 1 month) by month standard $x_{3}$.	gismu
marde	mad	morals		$x_{1}$ are the ethics/morals/moral standards/ethical standards of $x_{2}$ (ind./mass) about situation $x_{3}$.	gismu
zmadu	zma mau	more	more than	$x_{1}$ exceeds/is more than $x_{2}$ in property/quantity $x_{3}$ (ka/ni) by amount/excess $x_{4}$.	gismu
cerni	cer	morning		$x_{1}$ is a morning [dawn until after typical start-of-work for locale] of day $x_{2}$ at location $x_{3}$.	gismu
clika		mossy		$x_{1}$ is a moss/lichen of species/strain $x_{2}$ growing on $x_{3}$; (adjective:) $x_{1}$ is mossy.	gismu
mamta	mam	mother		$x_{1}$ is a mother of $x_{2}$; $x_{1}$ bears/mothers/acts maternally toward $x_{2}$; [not necessarily biological].	gismu
mukti	muk mu'i	motive		$x_{1}$ (action/event/state) motivates/is a motive/incentive for action/event $x_{2}$, per volition of $x_{3}$.	gismu
matra		motor	engine	$x_{1}$ is a motor/engine, driving/propelling/providing power to $x_{2}$.	gismu
cmana	ma'a	mountain		$x_{1}$ is a mountain/hill/mound/[rise]/[peak]/[summit]/[highlands] projecting from land mass $x_{2}$.	gismu
smacu		mouse		$x_{1}$ is a mouse of species/breed $x_{2}$.	gismu
moklu	mol mo'u	mouth		$x_{1}$ is a/the mouth/oral cavity [body-part] of $x_{2}$; (metaphor: entrance/intake for consumption).	gismu
muvdu	muv mu'u	move		$x_{1}$ (object) moves to destination/receiver $x_{2}$ [away] from origin $x_{3}$ over path/route $x_{4}$.	gismu
pilji	pi'i	multiply		$x_{1}$ is the product/total/result of factors/multiplicands ($x_{2}$ and $x_{3}$) $x_{2}$ multiplied by $x_{3}$.	gismu
sluji	slu	muscle		$x_{1}$ is a/the muscle [body-part] controlling $x_{2}$, of body $x_{3}$; [metaphor: tools of physical power].	gismu
muzga	muz	museum		$x_{1}$ is a museum for preserving [and possibly exhibiting] $x_{2}$ at location $x_{3}$.	gismu
zgike	zgi gi'e	music		$x_{1}$ is music performed/produced by $x_{2}$ (event).	gismu
simxu	sim si'u	mutual		$x_{1}$ (set) has members who mutually/reciprocally $x_{2}$ (event [$x_{1}$ should be reflexive in 1+ sumti]).	gismu
ranmi	ram	myth		$x_{1}$ is a myth/legend, a culturally significant story about $x_{2}$ in mythos $x_{3}$ of culture $x_{4}$.	gismu
jcalu		nail		$nは爪	override
dinko	di'o	nail		$x_{1}$ is a nail/tack [pointed driven/frictional fastener] of type/size $x_{2}$ (ka), made of material $x_{3}$.	gismu
cmene	cme me'e	name	title	$x_{1}$ (quoted word(s)) is a/the name/title/tag of $x_{2}$ to/used-by namer/name-user $x_{3}$ (person).	gismu
jarki	jak	narrow		$x_{1}$ is narrow in dimension $x_{2}$ [2nd most significant dimension] by standard $x_{3}$.	gismu
natmi	nat nai	nation		$x_{1}$ is a nation/ethnic group of peoples $x_{2}$; [people sharing a history/culture].	gismu
rarna	rar	natural		$x_{1}$ is natural/spontaneous/instinctive, not [consciously] caused by person(s).	gismu
jibni	jbi	near		$x_{1}$ is near/close to/approximates $x_{2}$ in property/quantity $x_{3}$ (ka/ni).	gismu
sarcu	sa'u	necessary	must	$x_{1}$ (abstract) is necessary/required for continuing state/process $x_{2}$ under conditions $x_{3}$.	gismu
nibli	nib ni'i	necessitate		$x_{1}$ logically necessitates/entails/implies action/event/state $x_{2}$ under rules/logic system $x_{3}$.	gismu
cnebo	neb ne'o	neck		$x_{1}$ is a/the neck [body-part] of $x_{2}$; [metaphor: a relatively narrow point].	gismu
nitcu	tcu	need		$x_{1}$ needs/requires/is dependent on/[wants] necessity $x_{2}$ for purpose/action/stage of process $x_{3}$.	gismu
jesni	jes	needle		$x_{1}$ is a needle [pointed shape/form, not tool] of material $x_{2}$.	gismu
navni		neon	noble gas	$x_1$ is a quantity of/contains/is made of noble gas of type $x_2$ [helium/neon/argon/krypton/xenon/radon].	gismu
nirna	nir	nerve		$x_{1}$ is a nerve/neuron [body-part] of $x_{2}$; [metaphor: information/control network connection].	gismu
xanka		nervous	worry	$x_{1}$ is nervous/anxious about $x_{2}$ (abstraction) under conditions $x_{3}$.	gismu
zdani	zda	nest		$x_{1}$ is a nest/house/lair/den/[home] of/for $x_{2}$.	gismu
julne	ju'e	net	block	$x_{1}$ is a net/filter allowing passage of $x_{2}$, prohibiting passage of $x_{3}$, netting properties $x_{4}$.	gismu
nutli	nul nu'i	neutral		$x_{1}$ is neutral/not taking sides/medial/not towards any extreme on scale/in dissension $x_{2}$.	gismu
cnino	nin ni'o	new		$x_{1}$ is new/unfamiliar/novel to observer $x_{2}$ in feature $x_{3}$ (ka) by standard $x_{4}$; $x_{1}$ is a novelty.	gismu
nuzba	nuz	news		$x_{1}$ (du'u) is news/tidings/new information about subject $x_{2}$ from source $x_{3}$, to observer $x_{4}$.	gismu
nikle	nik	nickel		$x_{1}$ is made of/contains/is a quantity of nickel/other metal resistant to oxidation.	gismu
nicte	cte	night		$x_{1}$ is a nighttime of day $x_{2}$ at location $x_{3}$; (adjective:) $x_{1}$ is at night/nocturnal.	gismu
trano		nitrogen		$x_{1}$ is a quantity of/contains/is made of nitrogen/ammonia/nitrates.	gismu
nobli	nol no'i	noble		$x_{1}$ is noble/aristocratic/elite/high-born/titled in/under culture/society/standard $x_{2}$.	gismu
savru	sav vru	noise		$x_{1}$ is a noise/din/clamor [sensory input without useful information] to $x_{2}$ via sensory channel $x_{3}$.	gismu
cnano	na'o	norm	average	$x_{1}$ [value] is a norm/average in property/amount $x_{2}$ (ka/ni) among $x_{3}$(s) (set) by standard $x_{4}$.	gismu
berti	ber	north		$x_{1}$ is to the north/northern side [right-hand-rule pole] of $x_{2}$ according to frame of reference $x_{3}$.	gismu
nazbi	naz zbi	nose		$x_{1}$ is the nose [body-part] of $x_{2}$ with nostril(s)/nasal passage(s) $x_{3}$; [metaphor: protrusion].	gismu
namcu	nac na'u	number		$x_{1}$ (li) is a number/quantifier/digit/value/figure (noun); refers to the value and not the symbol.	gismu
narge	nag	nut		$x_{1}$ is a nut [body-part: hard-shelled fruit] from plant/species $x_{2}$ with shell $x_{3}$ and kernel $x_{4}$.	gismu
cindu		oak		$x_{1}$ is an oak, a type of tree of species/strain $x_{2}$.	gismu
mavji	mav	oats		$x_{1}$ is a quantity of oats [grain] of species/strain $x_{2}$.	gismu
tinbe	tib	obey		$x_{1}$ obeys/follows the command/rule $x_{2}$ made by $x_{3}$; (adjective:) $x_{1}$ is obedient.	gismu
dacti	dai	object		$x_{1}$ is a material object enduring in space-time; $x_{1}$ is a thing.	gismu
bilga	big	obliged	must	$x_{1}$ is bound/obliged to/has the duty to do/be $x_{2}$ in/by standard/agreement $x_{3}$; $x_{1}$ must do $x_{2}$.	gismu
zgana	zga	observe		$x_{1}$ observes/[notices]/watches/beholds $x_{2}$ using senses/means $x_{3}$ under conditions $x_{4}$.	gismu
panci	pan	odor		$x_{1}$ is an odor/fragrance/scent/smell emitted by $x_{2}$ and detected by observer/sensor $x_{3}$.	gismu
friti	fit	offer		$x_{1}$ offers/proffers $x_{2}$ [offering] to $x_{3}$ with conditions $x_{4}$.	gismu
briju	bij	office		$x_{1}$ is an office/bureau/work-place of worker $x_{2}$ at location $x_{3}$.	gismu
panzi	paz	offspring		$x_{1}$ is a [biological] offspring/child/kid/hybrid of parent(s) $x_{2}$; (adjective:) $x_{1}$ is filial.	gismu
sluni		onion		$x_{1}$ is a quantity of/contains onions/scallions of type/cultivar $x_{2}$.	gismu
kalri	kar	open		$x_{1}$ (portal/passage/entrance-way) is open/ajar/not shut permitting passage/access to $x_{2}$ by $x_{3}$.	gismu
sazri	saz	operate		$x_{1}$ operates/drives/runs $x_{2}$ [apparatus/machine] with goal/objective/use/end/function $x_{3}$.	gismu
jinvi	jiv ji'i	opine		$x_{1}$ thinks/opines $x_{2}$ [opinion] (du'u) is true about subject/issue $x_{3}$ on grounds $x_{4}$.	gismu
fapro	fap pro	oppose		$x_{1}$ opposes/balances/contends against opponent(s) $x_{2}$ (person/force ind./mass) about $x_{3}$ (abstract).	gismu
dukti	dut	opposite		$x_{1}$ is polar opposite from/contrary to $x_{2}$ in property/on scale $x_{3}$ (property/si'o).	gismu
narju	naj	orange		$x_{1}$ is orange [color adjective].	gismu
cnici	nic	orderly		$x_{1}$ is orderly/neat/ordered in property/quantity $x_{2}$ (ka/ni).	gismu
moi	mom moi	ordinal selbri		convert number to ordinal selbri; $x_{1}$ is (n)th member of set $x_{2}$ ordered by rule $x_{3}$.	cmavo
fadni	fad	ordinary		$x_{1}$ [member] is ordinary/common/typical/usual in property $x_{2}$ (ka) among members of $x_{3}$ (set).	gismu
rango	rag	organ		$x_{1}$ is a/the body organ [body-part] of body/species $x_{2}$ performing function $x_{3}$.	gismu
ganzu	gaz	organize	arrange	$x_{1}$ organizes $x_{2}$ [relative chaos] into $x_{3}$ [ordered/organized result] by system/principle(s) $x_{4}$.	gismu
slilu	sli	oscillate		$x_{1}$ oscillates at rate/frequency $x_{2}$ through set/sequence-of-states $x_{3}$ (complete specification).	gismu
drata	dat	other		$x_{1}$ isn't the-same-thing-as/is different-from/other-than $x_{2}$ by standard $x_{3}$; $x_{1}$ is something else.	gismu
bartu	bar	out		$x_{1}$ is on the outside of $x_{2}$; $x_{1}$ is exterior to $x_{2}$.	gismu
kensa	kes	outer space	space	$x_{1}$ is outer space near/associated with celestial body/region $x_{2}$.	gismu
toknu	tok	oven		$x_{1}$ is an oven [enclosure that heats its contents] for baking/heating/drying $x_{2}$.	gismu
dejni	dej	owe		$x_{1}$ owes $x_{2}$ in debt/obligation to creditor $x_{3}$ in return for $x_{4}$ [service, loan]; $x_{1}$ is a debtor.	gismu
kijno	kij	oxygen		$x_{1}$ is a quantity of/contains/is made of oxygen (O); [metaphor: supporting life/combustion].	gismu
papri		page		$x_{1}$ is a [physical] page/leaf of book/document/bound mass of pages $x_{2}$.	gismu
cortu	cor cro	pain		$x_{1}$ hurts/feels pain/hurt at locus $x_{2}$.	gismu
cinta		paint		$x_{1}$ [material] is a paint of pigment/active substance $x_{2}$, in a base of $x_{3}$.	gismu
tansi	tas	pan		$x_{1}$ is a pan/basin/tub/sink, a shallow container for contents $x_{2}$, of material/properties $x_{3}$.	gismu
xalni		panic		$x_{1}$ (person) is panicked by crisis $x_{2}$ (event/state).	gismu
palku	pak	pants	trousers	$x_{1}$ are pants/trousers/slacks/leggings [legged garment] of material $x_{2}$.	gismu
pelji	ple	paper		$x_{1}$ is paper from source $x_{2}$.	gismu
panra		parallel		$x_{1}$ parallels $x_{2}$ differing only in property $x_{3}$ (ka; jo'u/fa'u term) by standard/geometry $x_{4}$.	gismu
rirni	rir	parent		$x_{1}$ is a parent of/raises/rears $x_{2}$; $x_{1}$ mentors/acts parental toward child/protege $x_{2}$.	gismu
panka		park		$x_{1}$ is a park/land reserve managed by community/polity/company $x_{2}$ for purpose $x_{3}$.	gismu
pagbu	pag pau	part		$x_{1}$ is a part/component/piece/portion/segment of $x_{2}$ [where $x_{2}$ is a whole/mass]; $x_{2}$ is partly $x_{1}$.	gismu
steci	tec te'i	particular	special	$x_{1}$ (ka) is specific/particular/specialized/[special]/a defining property of $x_{2}$ among $x_{3}$ (set).	gismu
pagre	gre	pass through		$x_{1}$ passes through/penetrates barrier/medium/portal $x_{2}$ to destination side $x_{3}$ from origin side $x_{4}$.	gismu
purci	pur pru	past		$x_{1}$ is in the past of/earlier than/before $x_{2}$ in time sequence; $x_{1}$ is former; $x_{2}$ is latter.	gismu
pesxu	pex	paste		$x_{1}$ is paste/pulp/dough/mash/mud/slurry [soft, smooth-textured, moist solid] of composition $x_{2}$.	gismu
morna	mon mo'a	pattern		$x_{1}$ is/reflects/represents a pattern of forms/events $x_{2}$ arranged according to structure $x_{3}$.	gismu
de'a		pausative		event contour for a temporary halt and ensuing pause in a process.	cmavo
pleji	lej le'i	pay		$x_{1}$ pays/compensates/remunerates/[rewards] payment $x_{2}$ to recipient/payee $x_{3}$ for goods/services $x_{4}$.	gismu
panpi	pap	peace		$x_{1}$ is at peace with $x_{2}$.	gismu
perli	per	pear		$x_{1}$ is a pear [fruit] of species/strain $x_{2}$.	gismu
zbepi	zbe	pedestal		$x_{1}$ is a pedestal/base/stand/pallet supporting $x_{2}$ (object/event), of materials/properties $x_{3}$.	gismu
skapi	kap	pelt		$x_{1}$ is a pelt/skin/hide/leather from $x_{2}$.	gismu
penbi	peb	pen		$x_{1}$ is a pen using ink $x_{2}$ applied by process $x_{3}$.	gismu
pinsi	pis	pencil		$x_{1}$ is a pencil/crayon/stylus applying lead/marking material $x_{2}$, frame/support [of material] $x_{3}$.	gismu
pinji		penis	clitoris	$x_{1}$ is a/the clitoris/penis [projecting reproductive organ; body-part] of $x_{2}$.	gismu
prane	pa'e	perfect	ideal	$x_{1}$ is perfect/ideal/archetypical/faultless/flawless/un-improvable in property/aspect $x_{2}$ (ka).	gismu
ba'o		perfect	retrospective	interval event contour: in the aftermath of ...; since ...; retrospective/perfect | |----.	cmavo
tigni	tig	perform		$x_{1}$ performs $x_{2}$ [performance] for/before audience $x_{3}$.	gismu
ckape	cap	peril		$x_{1}$ is perilous/dangerous/potentially harmful to $x_{2}$ under conditions $x_{3}$.	gismu
vitno	vi'o	permanent		$x_{1}$ is permanent/lasting/[eternal] in property $x_{2}$ (ka) by standard $x_{3}$ [time-span/expectant one].	gismu
prenu	pre	person	people	$x_{1}$ is a person/people (noun) [not necessarily human]; $x_{1}$ displays personality/a persona.	gismu
srana	ra'a	pertain	pertinent	$x_{1}$ pertains to/is germane/relevant to/concerns/is related/associated with/is about $x_{2}$.	gismu
ctile		petroleum	oil	$x_{1}$ is a quantity of petroleum/oil from source $x_{2}$.	gismu
tanru	tau	phrase compound	binary metaphor	$x_{1}$ is a binary metaphor formed with $x_{2}$ modifying $x_{3}$, giving meaning $x_{4}$ in usage/instance $x_{5}$.	gismu
pipno	pi'o	piano		$x_{1}$ is a piano/harpsichord/synthesizer/organ; a keyboard musical instrument.	gismu
pixra	pir xra	picture		$x_{1}$ is a picture/illustration representing/showing $x_{2}$, made by artist $x_{3}$ in medium $x_{4}$.	gismu
spisa	spi	piece		$x_{1}$ [object/substance] is a piece/portion/lump/chunk/particle of $x_{2}$ [substance].	gismu
xarju	xaj	pig		$x_{1}$ is a pig/hog/swine/[boar] [pork/ham/bacon-producer] of species/breed $x_{2}$.	gismu
pijne		pin		$x_{1}$ is a pin/peg (needle-shaped tool) for fastening to/piercing $x_{2}$, of material/properties $x_{3}$.	gismu
kecti	kec ke'i	pity		$x_{1}$ (person) pities/feels sorry for $x_{2}$ (person) about $x_{3}$ (abstraction).	gismu
platu	pla	plan	measure	$x_{1}$ (agent) plans/designs/plots plan/arrangement/plot/[schematic] $x_{2}$ for state/process $x_{3}$.	gismu
plita	pit	plane		$x_{1}$ is a plane [2-dimensional shape/form] defined by points $x_{2}$ (set); $x_{1}$ is flat/[smooth].	gismu
plini		planet		$x_{1}$ is a planet revolving around $x_{2}$ with planetary characteristics $x_{3}$, orbital parameters $x_{4}$.	gismu
spati	spa	plant		$x_{1}$ is a plant/herb/greenery of species/strain/cultivar $x_{2}$.	gismu
plasimi		plasm		$nは電漿	override
slasi	las	plastic		$x_{1}$ is a quantity of/is made of/contains plastic/polymer of type/component unit(s) $x_{2}$.	gismu
palta		plate		$x_{1}$ is a plate/dish/platter/saucer [flat/mildly concave food service bed] made of material $x_{2}$.	gismu
kelci	kel kei	play		$x_{1}$ [agent] plays with plaything/toy $x_{2}$.	gismu
pluka	puk pu'a	pleasant	please	$x_{1}$ (event/state) seems pleasant to/pleases $x_{2}$ under conditions $x_{3}$.	gismu
cinza		pliers	tongs	$x_{1}$ is a/are tong(s)/chopsticks/pincers/tweezers/pliers [tool/body-part] for $x_{2}$ to pinch $x_{3}$.	gismu
plixa	lix	plow		$x_{1}$ (agent) plows/furrows/tills [cuts into and turns up] $x_{2}$ with tool $x_{3}$ propelled by $x_{4}$.	gismu
plana		plump	fat	$x_{1}$ is plump/fat/obese [excessively thick/bulbous/swollen] by standard $x_{2}$.	gismu
daski		pocket		$x_{1}$ is a pocket/pouch of/in garment/item $x_{2}$.	gismu
pemci	pem	poem		$x_{1}$ is a poem/verse about plot/theme/subject/pattern $x_{2}$ by author $x_{3}$ for intended audience $x_{4}$.	gismu
mokca	moc	point		$x_{1}$ is a point/instant/moment [0-dimensional shape/form] in/on/at time/place $x_{2}$.	gismu
vindu	vid	poison		$x_{1}$ is poisonous/venomous/toxic/a toxin to $x_{2}$.	gismu
tunta	tun	poke		$x_{1}$ (object, usually pointed) pokes/jabs/stabs/prods $x_{2}$ (experiencer).	gismu
pulji		police		$x_{1}$ is a police officer/[enforcer/vigilante] enforcing law(s)/rule(s)/order $x_{2}$.	gismu
spali		polish		$x_{1}$ (agent) polishes object/surface $x_{2}$ with polish $x_{3}$, applied using tool $x_{4}$.	gismu
clite	lit	polite		$x_{1}$ is polite/courteous/civil in matter $x_{2}$ according to standard/custom $x_{3}$.	gismu
jecta	jec je'a	polity		$x_{1}$ is a polity/state governing territory/domain $x_{2}$; [government/territory relationship].	gismu
pindi	pid	poor		$x_{1}$ is poor/indigent/impoverished/lacking in goods/possessions/property $x_{2}$.	gismu
ponse	pos po'e	possess		$x_{1}$ possesses/owns/has $x_{2}$ under law/custom $x_{3}$; $x_{1}$ is owner/proprietor of $x_{2}$ under $x_{3}$.	gismu
cumki	cum cu'i	possible		$x_{1}$ (event/state/property) is possible under conditions $x_{2}$; $x_{1}$ may/might occur; $x_{1}$ is a maybe.	gismu
patxu	pax	pot		$x_{1}$ is a pot/kettle/urn/tub/sink, a deep container for contents $x_{2}$, of material/properties $x_{3}$.	gismu
patlu		potato		$x_{1}$ is a potato [an edible tuber] of variety/cultivar $x_{2}$.	gismu
bunda	bud	pound		$x_{1}$ is $x_{2}$ (def. 1) local weight unit(s) [non-metric], standard $x_{3}$, subunits [e.g. ounces] $x_{4}$.	gismu
purmo	pum pu'o	powder		$x_{1}$ is a powder of material $x_{2}$.	gismu
vlipa	vli	powerful		$x_{1}$ has the power to bring about $x_{2}$ under conditions $x_{3}$; $x_{1}$ is powerful in aspect $x_{2}$ under $x_{3}$.	gismu
bridi	bri	predicate		$x_{1}$ (du'u) is a predicate relationship with relation $x_{2}$ among arguments (sequence/set) $x_{3}$.	gismu
broda	rod	predicate var 1		1st assignable variable predicate (context determines place structure).	gismu
danre	da'e	pressure	press	$x_{1}$ (force) puts pressure on/presses/applies force to $x_{2}$.	gismu
fanta		prevent	block	$x_{1}$ prevents/keeps/stops/restrains/constrains event $x_{2}$ from occurring.	gismu
jgira	jgi	pride		$x_{1}$ (person) feels/has pride in/about $x_{2}$ (abstraction).	gismu
ralju	ral	principal		$x_{1}$ is principal/chief/leader/main/[staple], most significant among $x_{2}$ (set) in property $x_{3}$ (ka).	gismu
prina	pri	print		$x_{1}$ is a print/impression/image on/in surface $x_{2}$ of/made by/using tool/press/implement/object $x_{3}$.	gismu
pinfu	pif	prisoner		$x_{1}$ is a prisoner/captive of $x_{2}$, restrained/held/confined by means/force $x_{3}$.	gismu
sivni	siv	private		$x_{1}$ is private/personal/privy/[secret/confidential/confined] to $x_{2}$; $x_{1}$ is not-public/hidden.	gismu
lakne	la'e	probable	likely	$x_{1}$ (event/state/property) is probable/likely under conditions $x_{2}$.	gismu
nabmi	nam	problem		$x_{1}$ (event/state) is a problem to/encountered by $x_{2}$ in situation/task/inquiry $x_{3}$.	gismu
rorci	ror	procreate		$x_{1}$ engenders/procreates/begets $x_{2}$ with coparent $x_{3}$.	gismu
cupra	pra	produce		$x_{1}$ produces $x_{2}$ [product] by process $x_{3}$.	gismu
danti	dan	projectile		$x_{1}$ is a ballistic projectile [e.g. bullet/missile] for firing by [gun/propelling launcher] $x_{2}$.	gismu
nupre	nup nu'e	promise		$x_{1}$ (agent) promises/commits/assures/threatens $x_{2}$ (event/state) to $x_{3}$ [beneficiary/victim].	gismu
prosa	ros ro'a	prose		$x_{1}$ is prose about plot/theme/subject $x_{2}$ by author $x_{3}$ for intended audience $x_{4}$.	gismu
lanbi		protein		$x_{1}$ is a quantity of protein/albumin of type $x_{2}$ composed of amino acids (sequence/jo'u) $x_{3}$ .	gismu
pante	pat	protest		$x_{1}$ protests/objects to/complains about $x_{2}$ (event/state) to audience $x_{3}$ with action $x_{4}$.	gismu
sabji	sab	provide		$x_{1}$ [source] provides/supplies/furnishes $x_{2}$ [supply/commodity] to $x_{3}$ [recipient].	gismu
plibu	pib	pubic		$x_{1}$ is a/the pubic area/external genitalia [body-part] of $x_{2}$.	gismu
gubni	gub	public		$x_{1}$ is public/un-hidden/open/jointly available to/owned by all among community $x_{2}$ (mass).	gismu
lacpu	lap cpu	pull		$x_{1}$ pulls/tugs/draws/drags $x_{2}$ by handle/at locus $x_{3}$.	gismu
pulni		pulley		$x_{1}$ is a pulley [tool] for performing action/function $x_{2}$ rotating on axle $x_{3}$.	gismu
pambe		pump		$x_{1}$ is a pump/injector [tool/apparatus] pumping/inserting fluid $x_{2}$ to $x_{3}$ from $x_{4}$ by means $x_{5}$.	gismu
pandi	pad	punctuate		$x_{1}$ (agent) punctuates $x_{2}$ (expression) with symbol/word $x_{3}$ with syntactic/semantic effect $x_{4}$.	gismu
cpina		pungent		$x_{1}$ is pungent/piquant/peppery/spicy/irritating to sense $x_{2}$.	gismu
sfasa	sfa	punish		$x_{1}$ (agent) punishes $x_{2}$ for infraction $x_{3}$ (event/state/action) with punishment $x_{4}$ (event/state).	gismu
curve	cuv	pure		$x_{1}$ is pure/unadulterated/unmitigated/simple in property $x_{2}$ (ka).	gismu
zirpu	zir zi'u	purple		$x_{1}$ is purple/violet [color adjective].	gismu
catke	ca'e	push	shove	$x_{1}$ [agent] shoves/pushes $x_{2}$ at locus $x_{3}$.	gismu
punji	puj pu'i	put	place	$x_{1}$ (agent) puts/places/sets $x_{2}$ on/at surface/locus $x_{3}$.	gismu
kantu	ka'u	quantum		$x_{1}$ is a quantum/ray/elementary particle/smallest measurable increment of property/activity $x_{2}$.	gismu
preti	ret rei	question		$x_{1}$ (quoted text) is a question/query about subject $x_{2}$ by questioner $x_{3}$ to audience $x_{4}$.	gismu
smaji	sma	quiet		$x_{1}$ (source) is quiet/silent/[still] at observation point $x_{2}$ by standard $x_{3}$.	gismu
dilcu		quotient		$x_{1}$ is a quotient of '$x_{2}$/$x_{3}$' [dividend $x_{2}$ divided by divisor $x_{3}$], leaving remainder $x_{4}$.	gismu
ractu		rabbit	bunny	$x_{1}$ is a rabbit/hare/[doe] of species/breed $x_{2}$.	gismu
radno	ra'o	radian		$x_{1}$ is $x_{2}$ radian(s) [metric unit] in angular measure (default is 1) by standard $x_{3}$.	gismu
dirce	di'e	radiate		$x_{1}$ radiates/emits $x_{2}$ under conditions $x_{3}$.	gismu
cradi		radio		$x_{1}$ broadcasts/transmits [using radio waves] $x_{2}$ via station/frequency $x_{3}$ to [radio] receiver $x_{4}$.	gismu
garna	gar	rail	railing	$x_{1}$ is a rail/railing/bar [tool] supporting/restraining $x_{2}$, of material $x_{3}$.	gismu
carvi	cav	rain		$x_{1}$ rains/showers/[precipitates] to $x_{2}$ from $x_{3}$; $x_{1}$ is precipitation [not limited to 'rain'].	gismu
cunso	cun cu'o	random		$x_{1}$ is random/fortuitous/unpredictable under conditions $x_{2}$, with probability distribution $x_{3}$.	gismu
kuspe	kup ku'e	range	reach	$x_{1}$ ranges/extends/spans/persists/reaches across/over interval/gap/area/scope/extent/range $x_{2}$.	gismu
rirci		rare	special	$x_{1}$ [member] is rare/unusual/uncommon/atypical in property $x_{2}$ (ka) among members of $x_{3}$ (set).	gismu
ratcu		rat		$x_{1}$ is a rat of species/breed $x_{2}$.	gismu
parbi	pab	ratio	rate	$x_{1}$ (me'o, fraction) is a ratio/rate of $x_{2}$ (quantity) with respect to $x_{3}$ (quantity), [$x_{2}$:$x_{3}$].	gismu
frati	fra	react	treat	$x_{1}$ reacts/responds/answers with action $x_{2}$ to stimulus $x_{3}$ under conditions $x_{4}$; $x_{1}$ is responsive.	gismu
tcidu	tid	read		$x_{1}$ [agent] reads $x_{2}$ [text] from surface/document/reading material $x_{3}$; $x_{1}$ is a reader.	gismu
bredi	red bre	ready		$x_{1}$ is ready/prepared for $x_{2}$ (event).	gismu
didni		reason		$nは$aを判ずる (推論する, 理性に照らす)	override
krinu	rin ki'u	reason		$x_{1}$ (event/state) is a reason/justification/explanation for/causing/permitting $x_{2}$ (event/state).	gismu
vreta	vre	reclining		$x_{1}$ lies/rests/reclines/reposes on $x_{2}$; $x_{1}$ is reclining/recumbent/lying on $x_{2}$.	gismu
vreji	rej vei	record		$x_{1}$ is a record of $x_{2}$ (data/facts/du'u) about $x_{3}$ (object/event) preserved in medium $x_{4}$.	gismu
krefu	ref ke'u	recur		$x_{1}$ (event) is the $x_{3}$'rd recurrence/repetition of $x_{2}$ (abstract); $x_{2}$ happens again in [form] $x_{1}$.	gismu
xunre	xun xu'e	red		$x_{1}$ is red/crimson/ruddy [color adjective].	gismu
xagri		reed		$x_{1}$ is a oboe/clarinet/saxophone [reed musical instrument] with reed $x_{2}$.	gismu
manri	mar	reference		$x_{1}$ is a frame of reference/standard for observing/measuring/determining $x_{2}$, with/by rules $x_{3}$.	gismu
minra	mir	reflect		$x_{1}$ reflects/mirrors/echoes $x_{2}$ [object/radiation] to observer/point $x_{3}$ as $x_{4}$; $x_{2}$ bounces on $x_{1}$.	gismu
xenru	xer xe'u	regret		$x_{1}$ regrets/rues (abstraction) $x_{2}$; $x_{1}$ is regretful/rueful/sorry/[remorseful] about $x_{2}$.	gismu
dikni	dik	regular		$x_{1}$ is regular/cyclical/periodic in property (ka)/activity $x_{2}$ with period/interval $x_{3}$.	gismu
ckini	ki'i	related		$x_{1}$ is related to/associated with/akin to $x_{2}$ by relationship $x_{3}$.	gismu
surla	sur	relax	rest	$x_{1}$ relaxes/rests/is at ease in/by doing/being $x_{2}$ (activity).	gismu
lijda	jda	religion		$x_{1}$ is a religion of believers including $x_{2}$ sharing common beliefs/practices/tenets including $x_{3}$.	gismu
stali	sta	remain		$x_{1}$ remains/stays at/abides/lasts with $x_{2}$.	gismu
morji	moj mo'i	remember		$x_{1}$ remembers/recalls/recollects fact(s)/memory $x_{2}$ (du'u) about subject $x_{3}$.	gismu
cikre		repair		$x_{1}$ repairs/mends/fixes $x_{2}$ for use $x_{3}$.	gismu
rapli	rap	repeat		$x_{1}$ [action] repeats/is repeated for a total of $x_{2}$ (quantity) occurrences.	gismu
basti	bas	replace		$x_{1}$ replaces/substitutes for/instead of $x_{2}$ in circumstance $x_{3}$; $x_{1}$ is a replacement/substitute.	gismu
spuda	spu	reply		$x_{1}$ answers/replies to/responds to person/object/event/situation/stimulus $x_{2}$ with response $x_{3}$.	gismu
krati	ka'i	represent		$x_{1}$ represents/is an agent/proxy/stands-in for [absent] $x_{2}$ in matter(s)/function(s) $x_{3}$.	gismu
sinxa	sni	represent	sign	$x_{1}$ is a sign/symbol/signal representing/referring/signifying/meaning $x_{2}$ to observer $x_{3}$.	gismu
respa	res	reptile		$x_{1}$ is a reptile of species/breed $x_{2}$.	gismu
fuzme	fuz fu'e	responsible		$x_{1}$ is responsible/accountable for $x_{2}$ (action/resulting state) to judge/authority $x_{3}$.	gismu
gusta		restaurant		$x_{1}$ is a restaurant/cafe/diner serving type-of-food $x_{2}$ to audience $x_{3}$.	gismu
rinju	ri'u	restrain		$x_{1}$ is restrained/held [back]/constrained/kept by restraint $x_{2}$ against $x_{3}$ (event).	gismu
jalge	jag ja'e	result		$x_{1}$ (action/event/state) is a result/outcome/conclusion of antecedent $x_{2}$ (event/state/process).	gismu
xruti	xru	return	undo	$x_{1}$ (agent) returns $x_{2}$ to origin/earlier state $x_{3}$ from $x_{4}$; $x_{1}$ moves/gives $x_{2}$ back to $x_{3}$ from $x_{4}$.	gismu
venfu	vef	revenge		$x_{1}$ takes revenge on/retaliates against $x_{2}$ (person) for wrong $x_{3}$ (nu) with vengeance $x_{4}$ (nu).	gismu
fatne	fat fa'e	reverse		$x_{1}$ [sequence] is in reverse order from $x_{2}$ [sequence]; $x_{1}$ (object) is inverted from $x_{2}$ (object).	gismu
cnemu	nem ne'u	reward		$x_{1}$ (agent) rewards $x_{2}$ [recipient] for atypical $x_{3}$ (event/property) with reward/desserts $x_{4}$.	gismu
rimni	rim	rhyme		$x_{1}$ rhymes/alliterates with $x_{2}$ in language/phonetics $x_{3}$, matching sound correspondence $x_{4}$ (ka).	gismu
rilti	ril	rhythm	beat	$x_{1}$ (sequence/non-text quote) is a rhythm/beat of music/expressive form $x_{2}$.	gismu
dasri	sri	ribbon		$x_{1}$ is a ribbon/tape/strip/band/stripe of material $x_{2}$.	gismu
rismi	ris	rice		$x_{1}$ is a quantity of rice [a type of grain] of strain/cultivar $x_{2}$.	gismu
ricfu	rif cfu	rich		$x_{1}$ is rich/wealthy in goods/possessions/property/aspect $x_{2}$.	gismu
ckasu	cas	ridicule		$x_{1}$ ridicules/mocks/scoffs at $x_{2}$ about $x_{3}$ (property/event) by doing activity $x_{4}$ (event).	gismu
pritu		right		$x_{1}$ is to the right/right-hand side of $x_{2}$ which faces/in-frame-of-reference $x_{3}$.	gismu
djine	jin	ring		$x_{1}$ is a ring/annulus/torus/circle [shape/form] of material $x_{2}$, inside diam. $x_{3}$, outside diam. $x_{4}$.	gismu
ritli	ri'i	rite		$x_{1}$ is a rite/ceremony/ritual for purpose/goal $x_{2}$, by custom/in community $x_{3}$, with form/rules $x_{4}$.	gismu
rirxe	ri'e	river		$x_{1}$ is a river of land mass $x_{2}$, draining watershed $x_{3}$ into $x_{4}$/terminating at $x_{4}$.	gismu
dargu	dag	road		$x_{1}$ is a road/highway to $x_{2}$ from $x_{3}$ with route $x_{4}$ ($x_{2}$/$x_{3}$ may be unordered).	gismu
pastu	pas	robe	dress	$x_{1}$ is a robe/tunic/gown/cloak/dress/[coveralls] [a long/full body garment] of material $x_{2}$.	gismu
rokci	rok ro'i	rock		$x_{1}$ is a quantity of/is made of/contains rock/stone of type/composition $x_{2}$ from location $x_{3}$.	gismu
jakne		rocket		$x_{1}$ is a rocket [vehicle] propelled by jet expelling $x_{2}$ carrying payload $x_{3}$.	gismu
gunro	gur gu'o	roll		$x_{1}$ rolls/trundles on/against surface $x_{2}$ rotating on axis/axle $x_{3}$; $x_{1}$ is a roller.	gismu
drudi	rud dru	roof		$x_{1}$ is a roof/top/ceiling/lid of $x_{2}$.	gismu
kumfa	kum ku'a	room		$x_{1}$ is a room of/in structure $x_{2}$ surrounded by partitions/walls/ceiling/floor $x_{3}$ (mass/jo'u).	gismu
genja	gej	root		$x_{1}$ is a root [body-part] of plant/species $x_{2}$; [metaphor: immobile, supporting, nourishing].	gismu
gismu	gim gi'u	root word		$x_{1}$ is a (Lojban) root word expressing relation $x_{2}$ among argument roles $x_{3}$, with affix(es) $x_{4}$.	gismu
rozgu	roz zgu	rose		$x_{1}$ is a rose [flower - characterized by prickly stem/fragrance] of species/strain $x_{2}$.	gismu
fusra	fur	rotten		$x_{1}$ rots/decays/ferments with decay/fermentation agent $x_{2}$; $x_{1}$ is rotten/decayed/fermented.	gismu
rufsu	ruf	rough		$x_{1}$ is rough/coarse/uneven/[grainy/scabrous/rugged] in texture/regularity.	gismu
cukla	cuk	round		$x_{1}$ is round/circular [2-dimensional shape/form]; $x_{1}$ is a disk/circle/ring.	gismu
pluta	lut lu'a	route	way	$x_1$ is a route/path/way/course/track to $x_2$ from $x_3$ via/defined by points including $x_4$ (set).	gismu
ckabu		rubber		$x_{1}$ is a quantity of/contains/is made of rubber/latex from source $x_{2}$ of composition including $x_{3}$.	gismu
javni	jva	rule	term	$x_{1}$ is a rule prescribing/mandating/requiring $x_{2}$ (event/state) within system/community $x_{3}$.	gismu
bajra	baj	run		$x_{1}$ runs on surface $x_{2}$ using limbs $x_{3}$ with gait $x_{4}$.	gismu
nurma	num	rural		$x_{1}$ is a rural/rustic/pastoral area of $x_{2}$; $x_{1}$ is in the country.	gismu
mraji		rye		$x_{1}$ is a quantity of rye [grain] of species/strain $x_{2}$.	gismu
badri	dri	sad	depressed	$x_{1}$ is sad/depressed/dejected/[unhappy/feels sorrow/grief] about $x_{2}$ (abstraction).	gismu
falnu	fan	sail		$x_{1}$ is a sail for gathering propelling material $x_{2}$ on vehicle/motor $x_{3}$.	gismu
salta		salad		$x_{1}$ (mass) is a quantity of salad [food] with ingredients/components including $x_{2}$.	gismu
silna		salt		$x_{1}$ is a portion/quantity of salt from source $x_{2}$, of composition including $x_{3}$.	gismu
mintu	mit mi'u	same		$x_{1}$ is the same/identical thing as $x_{2}$ by standard $x_{3}$; ($x_{1}$ and $x_{2}$ interchangeable).	gismu
canre	can	sand		$x_{1}$ is a quantity of/contains/is made of sand/grit from source $x_{2}$ of composition including $x_{3}$.	gismu
snuji	nuj	sandwich		$x_{1}$ is a sandwich/layering [not restricted to food] of $x_{2}$ sandwiched between $x_{3}$.	gismu
racli		sane	sensible	$x_1$ (action/activity/behavior) is sane/rational by standard $x_2$.	gismu
mluni	lun	satellite	moon	$x_{1}$ is a satellite/moon orbiting $x_{2}$ with characteristics $x_{3}$, orbital parameters $x_{4}$.	gismu
mansa		satisfy		$x_{1}$ satisfies evaluator $x_{2}$ in property (ka)/state $x_{3}$.	gismu
sanso		sauce		$x_{1}$ is a sauce/topping/gravy/frosting for use with $x_{2}$, containing ingredient(s) including $x_{3}$.	gismu
ckilu	ci'u	scale		$x_{1}$ (si'o) is a scale of units for measuring/observing/determining $x_{2}$ (state).	gismu
jvinu	vin ji'u	scene	view	$x_{1}$ is the view/scene/panorama/sight/prospect of $x_{2}$ (object/location) from point-of-view $x_{3}$.	gismu
ckule	kul cu'e	school		$x_{1}$ is school/institute/academy at $x_{2}$ teaching subject(s) $x_{3}$ to audience/community $x_{4}$ operated by $x_{5}$.	gismu
saske	ske	science	lore	$x_{1}$ (mass of facts) is science of/about subject matter $x_{2}$ based on methodology $x_{3}$.	gismu
jensi		scissor		$nは鋏	override
guska	guk	scrape		$x_{1}$ blade/scraper/erosive scrapes/erodes/abrades $x_{2}$ from $x_{3}$.	gismu
sraku	rak	scratch		$x_{1}$ [abrasive/cutting/scratching object/implement] scratches/[carves]/erodes/cuts [into] $x_{2}$.	gismu
klupe	lup lu'e	screw		$x_{1}$ is a screw [fastener] for purpose $x_{2}$, threads [pitch, material] $x_{3}$, frame [size, material] $x_{4}$.	gismu
xamsi	xas	sea		$x_{1}$ is a sea/ocean/gulf/[atmosphere] of planet $x_{2}$, of fluid $x_{3}$; (adjective:) $x_{1}$ is marine.	gismu
citsi		season		$x_{1}$ is a season/is seasonal [cyclical interval], defined by interval/property $x_{2}$, of year(s) $x_{3}$.	gismu
tsapi		seasoning		$x_{1}$ is a seasoning/condiment/spice causing flavor/effect $x_{2}$ (event/property).	gismu
snidu	nid	second		$x_{1}$ is $x_{2}$ seconds in duration (default is 1 second) by standard $x_{3}$.	gismu
mipri	mip	secret		$x_{1}$ keeps $x_{2}$ secret/hidden from $x_{3}$ by method $x_{4}$; $x_{2}$ is a secret; $x_{1}$ hides/conceals $x_{2}$.	gismu
snura	nur nu'a	secure	safe	$x_{1}$ is secure/safe from threat $x_{2}$ (event).	gismu
viska	vis vi'a	see		$x_{1}$ sees/views/perceives visually $x_{2}$ under conditions $x_{3}$.	gismu
tsiju	tsi	seed		$x_{1}$(s) is/are (a) seed(s)/spore(s) [body-part] of organism $x_{2}$ for producing offspring $x_{3}$.	gismu
sisku	sis	seek		$x_{1}$ seeks/searches/looks for property $x_{2}$ among set $x_{3}$ (complete specification of set).	gismu
simlu	mlu	seem		$x_{1}$ seems/appears to have property(ies) $x_{2}$ to observer $x_{3}$ under conditions $x_{4}$.	gismu
sevzi	sez se'i	self		$x_{1}$ is a self/ego/id/identity-image of $x_{2}$.	gismu
vecnu	ven ve'u	sell		$x_{1}$ [seller] sells/vends $x_{2}$ [goods/service/commodity] to buyer $x_{3}$ for amount/cost/expense $x_{4}$.	gismu
benji	bej be'i	send	transfer	$x_{1}$ transfers/sends/transmits $x_{2}$ to receiver $x_{3}$ from transmitter/origin $x_{4}$ via means/medium $x_{5}$.	gismu
jufra	juf ju'a	sentence		$x_{1}$ (text) is a sentence/statement about $x_{2}$ [topic/subject/predicate/focus] in language $x_{3}$.	gismu
porsi	por poi	sequence		$x_{1}$ [ordered set] is sequenced/ordered/listed by comparison/rules $x_{2}$ on unordered set $x_{3}$.	gismu
junri	jur	serious		$x_{1}$ (person) is serious/earnest/has gravity about $x_{2}$ (event/state/activity).	gismu
selfu	sef se'u	serve		$x_{1}$ (agent) serves $x_{2}$ with service $x_{3}$ (activity); $x_{1}$ is a servant (noun) of $x_{2}$ performing $x_{3}$.	gismu
jursa	jus	severe		$x_{1}$ (event/action/state) is severe/harsh to $x_{2}$ [victim/experiencer].	gismu
fenso	fen fe'o	sew		$x_{1}$ sews/stitches/sutures materials $x_{2}$ (ind./set) together with tool(s) $x_{3}$, using filament $x_{4}$.	gismu
cinse	cin	sexual		$x_{1}$ in activity/state $x_{2}$ exhibits sexuality/gender/sexual orientation $x_{3}$ (ka) by standard $x_{4}$.	gismu
ctino	ti'o	shadow		$x_{1}$ is a shadow/the shade of object $x_{2}$, made by light/energy source $x_{3}$.	gismu
desku	des	shake		$x_{1}$ shakes/quakes/trembles/quivers/shudders/wobbles/vibrates from force $x_{2}$.	gismu
caxno	cax	shallow		$x_{1}$ is shallow in extent in direction/property $x_{2}$ away from reference point $x_{3}$ by standard $x_{4}$.	gismu
tarmi	tam tai	shape		$x_{1}$ [ideal] is the conceptual shape/form of object/abstraction/manifestation $x_{2}$ (object/abstract).	gismu
kinli	kil	sharp		$x_{1}$ is sharp/keen at locus $x_{2}$.	gismu
jinci		shears		$x_{1}$ is a pair of shears/scissors for cutting $x_{2}$.	gismu
lanme	lan	sheep		$x_{1}$ is a sheep/[lamb/ewe/ram] of species/breed $x_{2}$ of flock $x_{3}$.	gismu
boxfo	bof bo'o	sheet		$x_{1}$ is a sheet/foil/blanket [2-dimensional shape/form flexible in 3 dimensions] of material $x_{2}$.	gismu
kajna		shelf		$x_{1}$ is a shelf/counter/bar in/on/attached to supporting object $x_{2}$, for purpose $x_{3}$.	gismu
calku	cak	shell		$x_{1}$ is a shell/husk [hard, protective covering] around $x_{2}$ composed of $x_{3}$.	gismu
marbi	mra	shelter		$x_{1}$ is a shelter/haven/refuge/retreat/harbor for/protecting $x_{2}$ from danger/threat $x_{3}$.	gismu
creka	cek	shirt		$x_{1}$ is a shirt/blouse/top [upper-body garment - not necessarily sleeved or buttoned], material $x_{2}$.	gismu
jmifa		shoal	reef	$x_{1}$ is a shoal [shallow hazard]/reef of material $x_{2}$ in body of water $x_{3}$.	gismu
jenca	jen	shock		$x_{1}$ (event) shocks/stuns $x_{2}$.	gismu
cutci	cuc	shoe		$x_{1}$ is a shoe/boot/sandal for covering/protecting [feet/hooves] $x_{2}$, and of material $x_{3}$.	gismu
tordu	tor to'u	short		$x_{1}$ is short in dimension/direction $x_{2}$ (default longest dimension) by measurement standard $x_{3}$.	gismu
janco	jan	shoulder		$x_{1}$ is a/the shoulder/hip/joint [body-part] attaching limb/extremity $x_{2}$ to body $x_{3}$.	gismu
canpa	cna	shovel		$x_{1}$ is a shovel/spade [bladed digging implement] for digging $x_{2}$.	gismu
jarco	ja'o	show		$x_{1}$ (agent) shows/exhibits/displays/[reveals]/demonstrates $x_{2}$ (property) to audience $x_{3}$.	gismu
tunba	tub	sibling		$x_{1}$ is a sibling of $x_{2}$ by bond/tie/standard/parent(s) $x_{3}$.	gismu
mlana	mla	side		$x_{1}$ is to the side of/lateral to $x_{2}$ and facing $x_{3}$ from point of view/in-frame-of-reference $x_{4}$.	gismu
silka	sik	silk		$x_{1}$ is a quantity of/contains/is made of silk produced by $x_{2}$.	gismu
rijno	rij	silver	silvery	$x_{1}$ is made of/contains/is a quantity of silver/argentum (Ag); [metaphor: valuable, tarnishing].	gismu
simsa	smi	similar		$x_{1}$ is similar/parallel to $x_{2}$ in property/quantity $x_{3}$ (ka/ni); $x_{1}$ looks/appears like $x_{2}$.	gismu
sampu	sap	simple		$x_{1}$ is simple/unmixed/uncomplicated in property $x_{2}$ (ka).	gismu
sinso		sine		$x_{1}$ is the trigonometric sine of angle/arcsine $x_{2}$.	gismu
sanga	sag sa'a	sing		$x_{1}$ sings/chants $x_{2}$ [song/hymn/melody/melodic sounds] to audience $x_{3}$.	gismu
mensi	mes me'i	sister		$x_{1}$ is a sister of/sororal to $x_{2}$ by bond/tie/standard/parent(s) $x_{3}$; [not necessarily biological].	gismu
zutse	zut tse	sit		$x_{1}$ sits [assumes sitting position] on surface $x_{2}$.	gismu
stuzi	tuz stu	site	place	$x_{1}$ is an inherent/inalienable site/place/position/situation/spot/location of $x_{2}$ (object/event).	gismu
tcini		situation	condition	$x_{1}$ [state/property] is a situation/condition/state/position/are conditions/circumstances of $x_{2}$.	gismu
skiji	sij	ski		$x_{1}$ is a ski/skid/skate/runner for surface (of material) $x_{2}$ supporting skier/skater/sled/cargo $x_{3}$.	gismu
skaci		skirt		$x_{1}$ is a skirt/kilt/dress of material $x_{2}$; $x_{1}$ is skirted [garment open at the bottom; not legged].	gismu
tsani	tan	sky		$x_{1}$ is an expanse of sky/the heavens at place $x_{2}$; [celestial].	gismu
sipna	sip	sleep		$x_{1}$ is asleep (adjective); $x_{1}$ sleeps/is sleeping.	gismu
panlo	pa'o	slice		$x_{1}$ is a slice [thin flat portion] of $x_{2}$ (mass).	gismu
sakli	sal	slide		$x_{1}$ slides/slips/glides on $x_{2}$.	gismu
salpo	sa'o	slope		$x_{1}$ is sloped/inclined/slanted/aslant with angle $x_{2}$ to horizon/frame $x_{3}$.	gismu
masno	sno	slow		$x_{1}$ is slow/sluggish at doing/being/bringing about $x_{2}$ (event/state).	gismu
cmalu	cma	small		$x_{1}$ is small in property/dimension(s) $x_{2}$ (ka) as compared with standard/norm $x_{3}$.	gismu
sumne		smell		$x_{1}$ (experiencer) smells/scents (transitive verb) $x_{2}$; $x_{2}$ smells/has odor/scent to observer $x_{1}$.	gismu
cisma		smile		$x_{1}$ smiles/grins (facial expression).	gismu
danmo	dam	smoke		$x_{1}$ is made of/contains/is a quantity of smoke/smog/air pollution from source $x_{2}$.	gismu
xutla	xul	smooth		$x_{1}$ is smooth/even/[soft/silky] in texture/regularity.	gismu
since		snake		$x_{1}$ is a snake/serpent of species/breed $x_{2}$.	gismu
senci	sec	sneeze		$x_{1}$ sneezes (intransitive verb).	gismu
snime	si'e	snow		$x_{1}$ is made of/contains/is a quantity/expanse of snow.	gismu
tagji	tag	snug		$x_{1}$ is snug/tight on $x_{2}$ in dimension/direction $x_{3}$ at locus $x_{4}$.	gismu
cokcu	cko	soak up		$x_{1}$ soaks up/absorbs/sucks up $x_{2}$ from $x_{3}$ into $x_{4}$; $x_{1}$ is an absorbant.	gismu
zbabu	bab	soap		$x_{1}$ is a quantity of/contains/is made of soap from source $x_{2}$ of composition including $x_{3}$.	gismu
jikca	jik	socialize	social	$x_{1}$ interacts/behaves socially with $x_{2}$; $x_{1}$ socializes with/is sociable towards $x_{2}$.	gismu
smoka	smo	sock		$x_{1}$ is a sock/stocking [flexible foot and lower leg garment] of material $x_{2}$.	gismu
sodva	sod	soda		$x_{1}$ is made of/contains/is a quantity of a carbonated beverage/soda of flavor/brand $x_{2}$.	gismu
sodna		sodium		$x_{1}$ is a quantity of/contains/is made of alkali metal of type $x_{2}$ [default sodium].	gismu
sfofa	sfo	sofa		$x_{1}$ is a sofa/couch (noun).	gismu
ranti	ran	soft		$x_{1}$ is soft/malleable/moldable/yielding to force $x_{2}$ in conditions $x_{3}$.	gismu
solri	sol	solar		$x_{1}$ is the sun of home planet $x_{2}$ (default Earth) of race $x_{3}$; (adjective:) $x_{1}$ is solar.	gismu
sonci	son soi	soldier		$x_{1}$ is a soldier/warrior/fighter of army $x_{2}$.	gismu
sligu	lig	solid		$x_{1}$ is solid, of composition/material including $x_{2}$, under conditions $x_{3}$.	gismu
bersa	bes be'a	son		$x_{1}$ is a son of mother/father/parents $x_{2}$ [not necessarily biological].	gismu
sorgu	sog	sorghum		$x_{1}$ is a quantity of sorghum of species/strain $x_{2}$.	gismu
sance	sna	sound		$x_{1}$ is sound produced/emitted by $x_{2}$.	gismu
stasu		soup		$x_{1}$ is a quantity of soup/stew/olla/olio [food] of ingredients including $x_{2}$.	gismu
slari	sar	sour		$x_{1}$ is sour/tart to observer $x_{2}$.	gismu
krasi	kra	source	origin	$x_{1}$ (site/event) is a source/start/beginning/origin of $x_{2}$ (object/event/process).	gismu
snanu	nan	south		$x_{1}$ is to the south/southern side of $x_{2}$ according to frame of reference $x_{3}$.	gismu
sombo	som so'o	sow	plant	$x_{1}$ sows/plants $x_{2}$ [crop/plants] at/in $x_{3}$.	gismu
sobde	sob so'e	soya		$x_{1}$ is a quantity of soya [grain/bean] of species/strain $x_{2}$.	gismu
canlu	cal ca'u	space		$x_{1}$ is space/volume/region/room [at-least-3-dimensional area] occupied by $x_{2}$.	gismu
jutsi	jut	species		$x_{1}$ is a species of genus $x_{2}$, family $x_{3}$, etc.; [open-ended tree-structure categorization].	gismu
sarlu		spiral		$x_{1}$ is a spiral/helix/whorl/[vortex] [shape/form] with limits $x_{2}$, of dimensionality $x_{3}$.	gismu
pruxi	rux ru'i	spirit		$x_{1}$ is spiritual/pertains to the soul in nature [either energy or being]; $x_{1}$ is ghostly/ethereal.	gismu
sputu	put pu'u	spit		$x_{1}$ spits/expectorates $x_{2}$ [predominantly liquid] from $x_{3}$ to/onto $x_{4}$.	gismu
panje		sponge		$x_{1}$ is a quantity of/contains/is made of sponge/porous material.	gismu
smuci	muc	spoon		$x_{1}$ is a spoon/scoop (tool) for use $x_{2}$, made of material $x_{3}$.	gismu
preja	pej pe'a	spread		$x_{1}$ spreads/expands over/into $x_{2}$ from initial state $x_{3}$.	gismu
vensa	ves	spring		$x_{1}$ is spring/springtime [warming season] of year $x_{2}$ at location $x_{3}$; (adjective:) $x_{1}$ is vernal.	gismu
kurfa	kur	square		$x_{1}$ is a right-angled shape/form defined by set of vertices $x_{2}$, dimensions $x_{3}$ (default 2).	gismu
tsina	sin	stage		$x_{1}$ is a stage/platform/dais/[scaffold] at/in $x_{2}$ supporting $x_{3}$, made of material $x_{4}$.	gismu
serti	ser	stairs		$x_{1}$ are stairs/stairway/steps for climbing structure $x_{2}$ with steps $x_{3}$.	gismu
stani		stalk	stem	$x_{1}$ is a/the stalk/stem/trunk [body-part] of plant/species $x_{2}$; [metaphor: main support].	gismu
sanli	sa'i	stand		$x_{1}$ stands [is vertically oriented] on surface $x_{2}$ supported by limbs/support/pedestal $x_{3}$.	gismu
tarci	tar	star		$x_{1}$ is a star/sun with stellar properties $x_{2}$.	gismu
jalna		starch		$x_{1}$ is a quantity of/contains/is made of starch from source $x_{2}$ of composition including $x_{3}$.	gismu
tcana		station		$x_{1}$ is a station/node of/in/on transport/communication/distribution system/network $x_{2}$.	gismu
gasta	gat	steel		$x_{1}$ is a quantity of/is made of/contains steel of composition including $x_{2}$.	gismu
stapa	tap	step		$x_{1}$ steps/treads on/in surface $x_{2}$ using limbs $x_{3}$.	gismu
stero	te'o	steradian		$x_{1}$ is $x_{2}$ steradian(s) [metric unit] in solid angle (default is 1) by standard $x_{3}$.	gismu
snipa	nip	sticky	stick	$x_{1}$ adheres/sticks to $x_{2}$; (adjective:) $x_{1}$ is sticky/gummy/adhesive.	gismu
tinsa		stiff		$x_{1}$ is stiff/rigid/inflexible/resistant in direction $x_{2}$ against force $x_{3}$ under conditions $x_{4}$.	gismu
jicla		stir		$x_{1}$ (object, or event: force) stirs/mixes/[roils/agitates] fluid (gas/liquid) $x_{2}$.	gismu
lisri	lis	story		$x_1$ is a story/tale/yarn/narrative about plot/subject/moral $x_2$ by storyteller $x_3$ to audience $x_4$.	gismu
sirji	sir	straight		$x_{1}$ is straight/direct/line segment/interval between $x_{2}$ and $x_{3}$; (adjective:) $x_{1}$ is linear.	gismu
cizra	ciz	strange		$x_{1}$ is strange/weird/deviant/bizarre/odd to $x_{2}$ in property $x_{3}$ (ka).	gismu
klaji	laj	street		$x_{1}$ is a street/avenue/lane/drive/cul-de-sac/way/alley/[road] at $x_{2}$ accessing $x_{3}$.	gismu
tcena	ten	stretch	extend	$x_{1}$ stretches/extends to range $x_{2}$ [interval/extent] in dimension $x_{3}$ from relaxed range $x_{4}$.	gismu
satre	sa'e	stroke		$x_{1}$ (agent) strokes/rubs/pets $x_{2}$ with $x_{3}$.	gismu
tsali	tsa	strong		$x_{1}$ is strong/powerful/[tough] in property/quality $x_{2}$ (ka) by standard $x_{3}$.	gismu
stura	tur su'a	structure		$x_{1}$ is a structure/arrangement/organization of $x_{2}$ [set/system/complexity].	gismu
cmavo	ma'o	structure word		$x_{1}$ is a structure word of grammatical class $x_{2}$, with meaning/function $x_{3}$ in usage (language) $x_{4}$.	gismu
xarnu		stubborn		$x_{1}$ is stubborn/willfully opposing/resisting $x_{2}$ about $x_{3}$ (event/state).	gismu
tadni	tad	study		$x_{1}$ studies/is a student of $x_{2}$; $x_{1}$ is a scholar; (adjective:) $x_{1}$ is scholarly.	gismu
jarbu		suburb		$x_{1}$ is a suburban area of city/metropolis $x_{2}$.	gismu
snada	sad	succeed		$x_{1}$ [agent] succeeds in/achieves/completes/accomplishes $x_{2}$ as a result of effort/attempt/try $x_{3}$.	gismu
sakci	sak	suck		$x_{1}$ sucks/is suction/vacuum/relatively low pressure of fluid/gas $x_{2}$ relative to high pressure $x_{3}$.	gismu
suksa	suk	sudden		$x_{1}$ (event/state) is sudden/sharply changes at stage/point $x_{2}$ in process/property/function $x_{3}$.	gismu
banzu	baz	suffice	enough	$x_{1}$ (object) suffices/is enough/sufficient for purpose $x_{2}$ under conditions $x_{3}$.	gismu
sakta	sat	sugar		$x_{1}$ is made of/contains/is a quantity of sugar [sweet edible] from source $x_{2}$ of composition $x_{3}$.	gismu
stidi	sid ti'i	suggest	propose	$x_{1}$ (agent) suggests/proposes idea/action $x_{2}$ to audience $x_{3}$; $x_{1}$ (event) inspires $x_{2}$ in/among $x_{3}$.	gismu
sliri		sulfur		$x_{1}$ is a quantity of/contains/is made of sulfur/brimstone (S); [metaphor: foul odor, volcanic].	gismu
sumji	suj	sum	total	$x_{1}$ is a mathematical sum/result/total of $x_{2}$ plus/increased by $x_{3}$.	gismu
crisa	cis	summer		$x_{1}$ is summer/summertime [hot season] of year $x_{2}$ at location $x_{3}$.	gismu
ma		sumti ?		pro-sumti: sumti question (what/who/how/why/etc.); appropriately fill in sumti blank.	cmavo
sarji	sra	support		$x_{1}$ supports/holds up/is underpinning of/[helps] $x_{2}$ against force/opposition $x_{3}$ with/by means $x_{4}$.	gismu
sefta	sfe	surface		$x_{1}$ is surface/face [bounded shape/form] of [higher-dimension] object $x_{2}$, on side $x_{3}$, edges $x_{4}$.	gismu
spaji	paj	surprise		$x_{1}$ (event/action abstract) surprises/startles/is unexpected [and generally sudden] to $x_{2}$.	gismu
sruri	rur sru	surround		$x_{1}$ encircles/encloses/is surrounding $x_{2}$ in direction(s)/dimension(s)/plane $x_{3}$.	gismu
renvi	rev re'i	survive		$x_{1}$ survives/endures/undergoes/abides/lasts/persists through $x_{2}$ for interval/duration $x_{3}$.	gismu
tunlo	tul tu'o	swallow		$x_{1}$ gulps/swallows.	gismu
xasne		sweat		$x_{1}$ is a/the sweat/perspiration from body $x_{2}$, excreted by gland(s)/organs $x_{3}$.	gismu
titla	tit	sweet		$x_{1}$ is sweet/sugary/saccharine to observer $x_{2}$.	gismu
punli	pul	swelling		$x_{1}$ is a swelling/protrusion/convexity [shape/form] at/in/on $x_{2}$, of material $x_{3}$.	gismu
limna	lim	swim		$x_{1}$ (agent) swims in fluid $x_{2}$.	gismu
slaka		syllable		$x_{1}$ is a syllable in language $x_{2}$.	gismu
ciste	ci'e	system		$x_{1}$ (mass) is a system interrelated by structure $x_{2}$ among components $x_{3}$ (set) displaying $x_{4}$ (ka).	gismu
jubme	jub jbu	table		$x_{1}$ is a table/flat solid upper surface of material $x_{2}$, supported by legs/base/pedestal $x_{3}$.	gismu
rebla	reb	tail		$x_{1}$ is a/the tail/appendix [body-part] of $x_{2}$; [metaphor: trailing, following portion/appendage].	gismu
kurji	kuj ku'i	take care of		$x_{1}$ takes-care-of/looks after/attends to/provides for/is caretaker for $x_{2}$ (object/event/person).	gismu
stati		talent		$x_{1}$ has a talent/aptitude/innate skill for doing/being $x_{2}$.	gismu
tavla	tav ta'a	talk		$x_{1}$ talks/speaks to $x_{2}$ about subject $x_{3}$ in language $x_{4}$.	gismu
tanjo		tangent		$x_{1}$ is the trigonometric tangent of angle/arctangent $x_{2}$.	gismu
tarla		tar		$x_{1}$ is a quantity of/contains/is made of tar/asphalt from source $x_{2}$.	gismu
vrusi	vus vu'i	taste		$x_{1}$ (ka) is a taste/flavor of/emitted by $x_{2}$; $x_{2}$ tastes of/like $x_{1}$.	gismu
trati		taut		$x_{1}$ is taut/tense/strained tight in direction $x_{2}$.	gismu
cteki	tek ce'i	tax		$x_{1}$ is a tax/levy/duty on goods/services/event $x_{2}$ levied against $x_{3}$ by authority/collector $x_{4}$.	gismu
tcati		tea		$x_{1}$ is made of/contains/is a quantity of tea brewed from leaves $x_{2}$.	gismu
ctuca	ctu	teach		$x_{1}$ teaches audience $x_{2}$ ideas/methods/lore $x_{3}$ (du'u) about subject(s) $x_{4}$ by method $x_{5}$ (event).	gismu
fonxa	fon	telephone		$x_{1}$ is a telephone transceiver/modem attached to system/network $x_{2}$.	gismu
tivni	tiv	television		$x_{1}$ broadcasts/televises programming $x_{2}$ via medium/channel $x_{3}$ to television receiver $x_{4}$.	gismu
malsi	mas	temple		$x_{1}$ is a temple/church/sanctuary/synagogue/shrine of religion $x_{2}$ at location/serving area $x_{3}$.	gismu
zasni	zas	temporary		$x_{1}$ is temporary/not permanent/expected to change in property $x_{2}$ (ka) by standard/expectant $x_{3}$.	gismu
tutra	tut	territory		$x_{1}$ is territory/domain/space of/belonging to/controlled by $x_{2}$.	gismu
cipra	cip	test		$x_{1}$ (process/event) is a test for/proof of property/state $x_{2}$ in subject $x_{3}$ (individ./set/mass).	gismu
tengu	teg te'u	texture		$x_{1}$ (property-ka) is a texture of $x_{2}$.	gismu
rotsu	rot tsu ro'u	thick		$x_{1}$ is thick in dimension/direction $x_{2}$ by standard $x_{3}$; [relatively long in smallest dimension].	gismu
cinla		thin		$x_{1}$ is thin in direction/dimension $x_{2}$ by standard $x_{3}$; [relatively short in smallest dimension].	gismu
pensi	pes pei	think		$x_{1}$ thinks/considers/cogitates/reasons/is pensive about/reflects upon subject/concept $x_{2}$.	gismu
taske		thirst		$x_{1}$ thirsts for $x_{2}$; $x_{1}$ needs/wants drink/fluid/lubrication $x_{2}$.	gismu
cilta	cil	thread		$x_{1}$ is a thread/filament/wire [shape/form] of material $x_{2}$.	gismu
galxe		throat		$x_{1}$ is a/the throat/gullet [body-part] of $x_{2}$; [metaphor: narrow(ing) opening of a deep hole].	gismu
renro	rer re'o	throw		$x_{1}$ throws/launches/casts/hurls $x_{2}$ to/at/in direction $x_{3}$ (propulsion derives internally to $x_{1}$).	gismu
tamji	taj	thumb		$x_{1}$ is a/the thumb/big toe [body-part] on limb $x_{2}$ of $x_{3}$; [metaphor based on relative shape].	gismu
pikta		ticket		$x_{1}$ is a ticket entitling $x_{2}$ to entitlement/privilege $x_{3}$ (event/state) under conditions $x_{4}$.	gismu
ctaru		tide		$x_{1}$ is a tide [cyclical/periodic expansion] in $x_{2}$ caused by $x_{3}$.	gismu
tapla		tile		$x_{1}$ is a tile/cake [shape/form] of material $x_{2}$, shape $x_{3}$, thickness $x_{4}$.	gismu
temci	tem tei	time		$x_{1}$ is the time-duration/interval/period/[elapsed time] from time/event $x_{2}$ to time/event $x_{3}$.	gismu
tcika		time of day		$x_{1}$ [hours, minutes, seconds] is the time/hour of state/event $x_{2}$ on day $x_{3}$ at location $x_{4}$.	gismu
tinci		tin		$x_{1}$ is a quantity of/contains/is made of tin (Sn); [metaphor: cheap or base metal].	gismu
jipno	jip ji'o	tip		$x_{1}$ is a tip/point/vertex/extremity/end [0-dimension shape/form] on object $x_{2}$ at locus $x_{3}$.	gismu
tatpi	ta'i	tired		$x_{1}$ is tired/fatigued by effort/situation $x_{2}$ (event); $x_{1}$ needs/wants rest.	gismu
tanko		tobacco		$x_{1}$ is a quantity of tobacco [leaf] of species/strain $x_{2}$.	gismu
tamca		tomato		$x_{1}$ is a tomato [fruit/vegetable/plant] of species/strain $x_{2}$.	gismu
tonga	tog to'a	tone		$x_{1}$ is a tone/note of frequency/pitch $x_{2}$ from source $x_{3}$.	gismu
tance	tac	tongue		$x_{1}$ is a/the tongue [body-part] of $x_{2}$; (metaphor: similar to nazbi, tamji, degji).	gismu
denci	den de'i	tooth		$x_{1}$ is a/the tooth [body-part] of $x_{2}$; (adjective:) $x_{1}$ is dental.	gismu
pencu	pec pe'u	touch		$x_{1}$ (agent) touches $x_{2}$ with $x_{3}$ [a locus on $x_{1}$ or an instrument] at $x_{4}$ [a locus on $x_{2}$].	gismu
betri	bet	tragedy		$x_{1}$ is a tragedy/disaster/tragic for $x_{2}$.	gismu
trene	ren re'e	train		$x_{1}$ is a train [vehicle] of cars/units $x_{2}$ (mass) for rails/system/railroad $x_{3}$, propelled by $x_{4}$.	gismu
fanva		translate		$x_{1}$ translates text/utterance $x_{2}$ to language $x_{3}$ from language $x_{4}$ with translation result $x_{5}$.	gismu
litru	li'u	travel		$x_{1}$ travels/journeys/goes/moves via route $x_{2}$ using means/vehicle $x_{3}$; $x_{1}$ is a traveller.	gismu
palne		tray		$x_{1}$ is a tray/platter/flat container [pan/sheet/griddle] of contents $x_{2}$, and made of material $x_{3}$.	gismu
tricu	ric	tree		$x_{1}$ is a tree of species/cultivar $x_{2}$.	gismu
raktu	ra'u	trouble		$x_{1}$ (object/person/event/situation) troubles/disturbs $x_{2}$ (person) causing problem(s) $x_{3}$.	gismu
jetnu	jet je'u	true	truth	$x_{1}$ (du'u) is true/truth by standard/epistemology/metaphysics $x_{2}$.	gismu
tabra		trumpet		$x_{1}$ is a horn/trumpet/trombone/bugle [brass-wind/lip-reed musical instrument].	gismu
troci	toc toi	try	attempt	$x_{1}$ tries/attempts/makes an effort to do/attain $x_{2}$ (event/state/property) by actions/method $x_{3}$.	gismu
tubnu	tu'u	tube		$x_{1}$ is a length of tubing/pipe/hollow cylinder [shape/form] of material $x_{2}$, hollow of material $x_{3}$.	gismu
tujli	tuj	tulip		$x_{1}$ is a tulip (defined by flower shape) of species/strain $x_{2}$.	gismu
xruki	xuk	turkey		$x_{1}$ is a turkey [food/bird] of species/breed $x_{2}$.	gismu
carna	car	turn		$x_1$ turns about vector $x_2$ towards direction $x_3$, turning angular distance / to face point $x_4$	gismu
torni	ton to'i	twist		$x_{1}$ twists under load/force/torsion $x_{2}$.	gismu
no'o		typical value		digit/number: typical/average value.	cmavo
santa		umbrella		$x_{1}$ is an umbrella/parasol shielding $x_{2}$ from $x_{3}$, made of material $x_{4}$, supported by $x_{5}$.	gismu
jimpe	jmi	understand		$x_{1}$ understands/comprehends fact/truth $x_{2}$ (du'u) about subject $x_{3}$; $x_{1}$ understands (fi) $x_{3}$.	gismu
manfo		uniform		$x_{1}$ (object/event) is uniform/homogeneous in property $x_{2}$ (ka).	gismu
gradu	rau	unit	degree	$x_{1}$ [magnitude] is a unit/degree of/on scale/reference standard $x_{2}$ (si'o) measuring property $x_{3}$.	gismu
munje	muj mu'e	universe		$x_{1}$ is a universe/cosmos [complete and ordered entirety] of domain/sphere $x_{2}$ defined by rules $x_{3}$.	gismu
ja'au		up		增加量	override
cpana		upon		$x_{1}$ is upon/atop/resting on/lying on [the upper surface of] $x_{2}$ in frame of reference/gravity $x_{3}$.	gismu
pinca		urine		$x_{1}$ is a/the urine/piss/pee of $x_{2}$.	gismu
pilno	pli	use		$x_1$ uses/employs $x_2$ [tool, apparatus, machine, agent, acting entity, material] for purpose $x_3$.	gismu
xaksu	xak	use up	spend	$x_{1}$ (event) uses up/depletes/consumes/[wastes] $x_{2}$ [resource].	gismu
bacru	ba'u	utter		$x_{1}$ utters verbally/says/phonates/speaks [vocally makes sound] $x_{2}$.	gismu
jinku		vaccine		$x_{1}$ is a vaccine/immune-system stimulant protecting $x_{2}$ against disease $x_{3}$ introduced by method $x_{4}$.	gismu
vibna	vib	vagina		$x_{1}$ is a/the vagina [body-part] of $x_{2}$.	gismu
vamji	vam va'i	value	worth	$x_{1}$ (ni) is the equivalent value/worth of $x_{2}$ [item(s) of value] to $x_{3}$ for use/appreciation $x_{4}$.	gismu
canci		vanish		$x_{1}$ vanishes/disappears from location $x_{2}$; $x_{1}$ ceases to be observed at $x_{2}$ using senses/sensor $x_{3}$.	gismu
cenba	cne	vary		$x_{1}$ varies/changes in property/quantity $x_{2}$ (ka/ni) in amount/degree $x_{3}$ under conditions $x_{4}$.	gismu
stagi		vegetable		$x_{1}$ is the edible $x_{2}$ portion of plant $x_{3}$; $x_{1}$ is a vegetable.	gismu
marce	ma'e	vehicle		$x_{1}$ is a vehicle/mode of transport carrying $x_{2}$ in/on surface/medium $x_{3}$, propelled by $x_{4}$.	gismu
sraji	raj	vertical		$x_{1}$ is vertical/upright/erect/plumb/oriented straight up and down in reference frame/gravity $x_{2}$.	gismu
vidni		video		$x_{1}$ is a video monitor/CRT/screen [machine] serving function $x_{2}$.	gismu
vlile	vil	violent		$x_{1}$ is an event/state/act of violence.	gismu
vrude	vud vu'e	virtue	virtuous	$x_{1}$ is virtuous/saintly/[fine/moral/nice/holy/morally good] by standard $x_{2}$.	gismu
vidru	vir	virus		$x_{1}$ is a virus of species/breed/defining property $x_{2}$ capable of infecting [at] $x_{3}$.	gismu
viknu	vik	viscous		$x_{1}$ is thick/viscous under conditions $x_{2}$.	gismu
voksa	vok vo'a	voice		$x_{1}$ is a voice/speech sound of individual $x_{2}$.	gismu
vamtu	vat	vomit		$x_{1}$ vomits/regurgitates $x_{2}$; $x_{1}$ throws $x_{2}$ up; [violent] digestive expulsion.	gismu
vlagi	lag	vulva		$x_{1}$ is a/the vulva [body-part] of $x_{2}$.	gismu
denpa	dep de'a	wait		$x_{1}$ awaits/waits/pauses for/until $x_{2}$ at state $x_{3}$ before starting/continuing $x_{4}$ (activity/process).	gismu
cadzu	dzu	walk		$x_{1}$ walks/strides/paces on surface $x_{2}$ using limbs $x_{3}$.	gismu
bitmu	bim bi'u	wall		$x_{1}$ is a wall/fence separating $x_{2}$ and $x_{3}$ (unordered) of/in structure $x_{4}$.	gismu
jamna	jam	war		$x_{1}$ (person/mass) wars against $x_{2}$ over territory/matter $x_{3}$; $x_{1}$ is at war with $x_{2}$.	gismu
kajde	jde	warn		$x_{1}$ (event/experience) warns/cautions $x_{2}$ (person) of/about danger $x_{3}$ (event/state/property).	gismu
lumci	lum lu'i	wash		$x_{1}$ (agent) washes/cleanses $x_{2}$ of soil/contaminant $x_{3}$ in/with cleaning material(s) $x_{4}$.	gismu
festi	fes	waste		$x_{1}$(s) is/are waste product(s) [left to waste] by $x_{2}$ (event/activity).	gismu
djacu	jac jau	water		$x_{1}$ is made of/contains/is a quantity/expanse of water; (adjective:) $x_{1}$ is aqueous/[aquatic].	gismu
boxna	bon bo'a	wave		$x_{1}$ is a wave [periodic pattern] in medium $x_{2}$, wave-form $x_{3}$, wave-length $x_{4}$, frequency $x_{5}$.	gismu
lakse	lak	wax		$x_{1}$ is quantity of wax [substance especially soft/moldable when warm] from source $x_{2}$.	gismu
ruble	rub ble	weak		$x_{1}$ is weak/feeble/frail in property/quality/aspect $x_{2}$ (ka) by standard $x_{3}$.	gismu
xarci	xac xa'i	weapon	arm	$x_{1}$ is a weapon/arms for use against $x_{2}$ by $x_{3}$.	gismu
dasni	das	wear		$x_{1}$ wears/is robed/garbed in $x_{2}$ as a garment of type $x_{3}$.	gismu
tcima	tim ti'a	weather		$x_{1}$ is weather at place/region $x_{2}$; (adjective:) $x_{1}$ is meteorological.	gismu
jivbu		weave		$x_{1}$ weaves $x_{2}$ from material/[yarn] $x_{3}$.	gismu
cfine		wedge		$x_{1}$ is a wedge [shape/form/tool] of material $x_{2}$.	gismu
jeftu	jef	week		$x_{1}$ is $x_{2}$ weeks in duration (default is 1 week) by standard $x_{3}$.	gismu
klaku	kak	weep	cry	$x_{1}$ weeps/cries tears $x_{2}$ about/for reason $x_{3}$ (event/state).	gismu
junta		weight		$x_{1}$ is the weight of object $x_{2}$ in [gravitational or other force] field $x_{3}$.	gismu
jinto		well		$x_{1}$ is a well/spring of fluid $x_{2}$ at location $x_{3}$.	gismu
stici	sic	west	western	$x_{1}$ is to the west/western side of $x_{2}$ according to frame of reference $x_{3}$.	gismu
maxri	xri	wheat		$x_{1}$ is a quantity of wheat [grain] of species/strain $x_{2}$.	gismu
xislu	xil xi'u	wheel		$x_{1}$ is a wheel [tool] of device/vehicle $x_{2}$, made of materials/having properties $x_{3}$.	gismu
bikla	bik	whip		$x_{1}$ whips/lashes/snaps [a sudden violent motion].	gismu
siclu	sil	whistle		$x_{1}$ [sound source] whistles/makes whistling sound/note/tone/melody $x_{2}$.	gismu
blabi	lab	white		$x_{1}$ is white/very-light colored [color adjective].	gismu
cilce	cic	wild		(adjective:) $x_{1}$ is wild/untamed.	gismu
jinga	jig ji'a	win		$x_{1}$ (person/team) wins/gains prize $x_{2}$ from/over $x_{3}$ [competitors/losers] in competition $x_{4}$.	gismu
canko	ca'o	window		$x_{1}$ is a window/portal/opening [portal] in wall/building/structure $x_{2}$.	gismu
vanju	van	wine		$x_{1}$ is made of/contains/is a quantity of wine from fruit/grapes $x_{2}$.	gismu
nalci	na'i	wing		$x_{1}$ is a/the wing [body-part] of $x_{2}$; [metaphor: lateral supporting surface].	gismu
dunra	dur	winter		$x_{1}$ is winter/wintertime [cold season] of year $x_{2}$ at location $x_{3}$.	gismu
prije	pij	wise		$x_{1}$ is wise/sage about matter $x_{2}$ (abstraction) to observer $x_{3}$.	gismu
pacna	pa'a	wish		$x_{1}$ hopes/wishes for/desires $x_{2}$ (event), expected likelihood $x_{3}$ (0-1); $x_{1}$ hopes that $x_{2}$ happens.	gismu
kansa	kan	with		$x_{1}$ is with/accompanies/is a companion of $x_{2}$, in state/condition/enterprise $x_{3}$ (event/state).	gismu
claxu	cau	without	lack	$x_{1}$ is without/lacking/free of/lacks $x_{2}$; $x_{1}$ is $x_{2}$-less.	gismu
labno		wolf		$x_{1}$ is a wolf/lupine of species/breed $x_{2}$.	gismu
ninmu	nim ni'u	woman		$x_{1}$ is a woman/women; $x_{1}$ is a female humanoid person [not necessarily adult].	gismu
gutra		womb		$x_{1}$ is a/the womb/uterus [body-part] of $x_{2}$; [metaphor: nourishing, protective, giving birth].	gismu
manci	mac	wonder		$x_{1}$ feels wonder/awe/marvels about $x_{2}$.	gismu
mudri	mud	wood		$x_{1}$ is a quantity of/is made of/contains wood/lumber from tree(s) of type/species $x_{2}$.	gismu
sunla	sul	wool		$x_{1}$ is a quantity of/made from/consists of wool [tight curly hair] from animal/species/source $x_{2}$.	gismu
valsi	val vla	word		$x_{1}$ is a word meaning/causing $x_{2}$ in language $x_{3}$; (adjective: $x_{1}$ is lexical/verbal).	gismu
gunka	gun gu'a	work		$x_{1}$ [person] labors/works on/at $x_{2}$ [activity] with goal/objective $x_{3}$.	gismu
curnu	cur	worm		$x_{1}$ is a worm/invertebrate animal of species/breed $x_{2}$.	gismu
cinje	cij	wrinkle		$x_{1}$ is a wrinkle/crease/fold [shape/form] in $x_{2}$.	gismu
ciska	ci'a	write		$x_{1}$ inscribes/writes $x_{2}$ on display/storage medium $x_{3}$ with writing implement $x_{4}$; $x_{1}$ is a scribe.	gismu
nanca	na'a	year		$x_{1}$ is $x_{2}$ years in duration (default is 1 year) by standard $x_{3}$; (adjective:) $x_{1}$ is annual.	gismu
pelxu	pel	yellow		$x_{1}$ is yellow/golden [color adjective].	gismu
randa	rad	yield		$x_{1}$ yields/gives way/surrenders to $x_{2}$ (force/agent) under conditions $x_{3}$.	gismu
do	don doi	you		pro-sumti: you listener(s); identified by vocative.	cmavo
citno	cit ci'o	young		$x_{1}$ is young/youthful [relatively short in elapsed duration] by standard $x_{2}$.	gismu
zinki	zin zi'i	zinc		$x_{1}$ is a quantity of/contains/is made of zinc (Zn); [metaphor: hard metal].	gismu
